{
  "A": 4.30724197742579,
  "E_ref": 1625.236804818959,
  "k": 698.3653723032593,
  "objective_value": 0.1837916055221482,
  "positive_loss": 0.09167204177822592,
  "pseudo_negative_loss": 0.17685277690501922,
  "regularization_loss": 0.0036931752914126973,
  "mean_positive_log_score": -0.32816659283473965,
  "mean_pseudo_negative_log_score": -0.9322059672408902,
  "mean_positive_survival": 0.7357379884965478,
  "mean_pseudo_negative_survival": 0.40663368444915116,
  "score_gap": 0.6040393744061505,
  "positive_survival_quantiles": {
    "q05": 0.5060005257385488,
    "q25": 0.6069799376693591,
    "q50": 0.751666618336329,
    "q75": 0.8651775782187934,
    "q95": 0.9566052461580755
  },
  "pseudo_negative_survival_quantiles": {
    "q05": 0.26805426112825653,
    "q25": 0.33264271160661807,
    "q50": 0.3812852550900754,
    "q75": 0.459784398656916,
    "q95": 0.6276182384002834
  },
  "positive_sample_count": 267,
  "pseudo_negative_sample_count": 569,
  "positive_objective_count": 258,
  "pseudo_negative_objective_count": 564,
  "ignored_positive_count": 9,
  "ignored_pseudo_negative_count": 5,
  "bond_types": [
    "C#C",
    "C-C",
    "C-O",
    "C=C",
    "C=O"
  ],
  "bde_by_bond": {
    "C#C": 835.0,
    "C-C": 346.0,
    "C-O": 358.0,
    "C=C": 602.0,
    "C=O": 732.0
  },
  "arrhenius_by_bond": {
    "C#C": 2.576743784703838,
    "C-C": 3.481299814098466,
    "C-O": 3.4556901610082105,
    "C=C": 2.9739475937712005,
    "C=O": 2.7453316375627432
  },
  "p_break_by_bond": {
    "C#C": 0.01848752330060025,
    "C-C": 0.04447037172978002,
    "C-O": 0.04339475384192451,
    "C=C": 0.027257390258664173,
    "C=O": 0.021808390611916837
  },
  "probability_spread": 0.025982848429179774,
  "weakly_identifiable": false,
  "parameter_at_boundary": false,
  "search_settings": {
    "parameter_bounds": {
      "A": [
        1.0,
        100.0
      ],
      "E_ref": [
        50.0,
        10000.0
      ],
      "k": [
        10.0,
        1000000.0
      ]
    },
    "reference_parameters": {
      "A": 10.0,
      "E_ref": 300.0,
      "k": 1000.0
    },
    "regularization_weights": {
      "log_A": 0.001,
      "log_E_ref": 0.001,
      "log_k": 0.001
    },
    "positive_weight": 1.0,
    "pseudo_negative_weight": 0.5,
    "individual_loss": "squared_probability_error",
    "random_seed": 20260713,
    "random_trials": 20000,
    "keep_best_random": 20,
    "local_starts": 20,
    "local_max_iterations": 1000,
    "local_tolerance": 1e-12,
    "refinement_space": "log",
    "number_of_parameter_sets": 5,
    "probability_epsilon": 1e-12,
    "identifiability_tolerance": 1e-06,
    "animation": {
      "enabled": true,
      "filename": "parameter_search_animation.mp4",
      "fps": 10,
      "dpi": 100,
      "space_frames": 12,
      "population_frames": 18,
      "selection_frames": 18,
      "trajectory_frames": 60,
      "hold_frames": 12
    },
    "selected_set_rank": 5
  }
}
