{
  "A": 4.307242124142337,
  "E_ref": 1625.2367214518931,
  "k": 698.3654299084798,
  "objective_value": 0.1837916055221482,
  "positive_loss": 0.0916720413215066,
  "pseudo_negative_loss": 0.176852778398354,
  "regularization_loss": 0.0036931750014646313,
  "mean_positive_log_score": -0.3281665915990241,
  "mean_pseudo_negative_log_score": -0.9322059628328262,
  "mean_positive_survival": 0.7357379893711855,
  "mean_pseudo_negative_survival": 0.4066336862040166,
  "score_gap": 0.6040393712338021,
  "positive_survival_quantiles": {
    "q05": 0.5060005264273791,
    "q25": 0.606979938288331,
    "q50": 0.7516666199673503,
    "q75": 0.8651775800600316,
    "q95": 0.9566052463167194
  },
  "pseudo_negative_survival_quantiles": {
    "q05": 0.2680542619179558,
    "q25": 0.3326427129634839,
    "q50": 0.3812852573595008,
    "q75": 0.45978440104376084,
    "q95": 0.6276182414961328
  },
  "positive_sample_count": 267,
  "pseudo_negative_sample_count": 569,
  "positive_objective_count": 258,
  "pseudo_negative_objective_count": 564,
  "ignored_positive_count": 9,
  "ignored_pseudo_negative_count": 5,
  "bond_types": [
    "C#C",
    "C-C",
    "C-O",
    "C=C",
    "C=O"
  ],
  "bde_by_bond": {
    "C#C": 835.0,
    "C-C": 346.0,
    "C-O": 358.0,
    "C=C": 602.0,
    "C=O": 732.0
  },
  "arrhenius_by_bond": {
    "C#C": 2.5767438045671507,
    "C-C": 3.4812998946640628,
    "C-O": 3.455690239672326,
    "C=C": 2.9739476385665187,
    "C=O": 2.7453316676503396
  },
  "p_break_by_bond": {
    "C#C": 0.01848752216426945,
    "C-C": 0.0444703716481858,
    "C-O": 0.043394753683280586,
    "C=C": 0.027257389259323053,
    "C=O": 0.021808389494117522
  },
  "probability_spread": 0.025982849483916347,
  "weakly_identifiable": false,
  "parameter_at_boundary": false,
  "search_settings": {
    "parameter_bounds": {
      "A": [
        1.0,
        100.0
      ],
      "E_ref": [
        50.0,
        10000.0
      ],
      "k": [
        10.0,
        1000000.0
      ]
    },
    "reference_parameters": {
      "A": 10.0,
      "E_ref": 300.0,
      "k": 1000.0
    },
    "regularization_weights": {
      "log_A": 0.001,
      "log_E_ref": 0.001,
      "log_k": 0.001
    },
    "positive_weight": 1.0,
    "pseudo_negative_weight": 0.5,
    "individual_loss": "squared_probability_error",
    "random_seed": 20260713,
    "random_trials": 20000,
    "keep_best_random": 20,
    "local_starts": 20,
    "local_max_iterations": 1000,
    "local_tolerance": 1e-12,
    "refinement_space": "log",
    "number_of_parameter_sets": 5,
    "probability_epsilon": 1e-12,
    "identifiability_tolerance": 1e-06,
    "animation": {
      "enabled": true,
      "filename": "parameter_search_animation.mp4",
      "fps": 10,
      "dpi": 100,
      "space_frames": 12,
      "population_frames": 18,
      "selection_frames": 18,
      "trajectory_frames": 60,
      "hold_frames": 12
    },
    "selected_set_rank": 4
  }
}
