epoch,mode,sample,requested_C_H_O,generated_C_H_O,species_key,base_atom_indices,base_bonds,attached_h_per_base_atom,in_species_training_reference,correct_for_condition,termination
300,sampled,1,"[0, 2, 0]","[0, 2, 1]",H2O,{0: 'O'},[],[2],True,False,STOP
300,sampled,2,"[0, 2, 0]","[0, 2, 1]",H2O,{0: 'O'},[],[2],True,False,STOP
300,sampled,3,"[0, 2, 0]","[0, 2, 0]",H2,"{0: 'H', 1: 'H'}","[(0, 1, 1)]",[],True,True,STOP
300,sampled,4,"[0, 2, 0]","[1, 1, 0]",CH,{0: 'C'},[],[1],True,False,STOP
300,sampled,5,"[0, 2, 0]","[0, 2, 1]",H2O,{0: 'O'},[],[2],True,False,STOP
300,sampled,6,"[0, 2, 0]","[1, 2, 0]",CH2,{0: 'C'},[],[2],True,False,STOP
300,sampled,7,"[0, 2, 0]","[1, 2, 1]",CH2O,"{0: 'C', 1: 'O'}","[(0, 1, 2)]","[2, 0]",True,False,STOP
300,sampled,8,"[0, 2, 0]","[0, 2, 1]",H2O,{0: 'O'},[],[2],True,False,STOP
300,sampled,9,"[0, 2, 0]","[0, 2, 0]",H2,"{0: 'H', 1: 'H'}","[(0, 1, 1)]",[],True,True,STOP
300,sampled,10,"[0, 2, 0]","[0, 2, 0]",H2,"{0: 'H', 1: 'H'}","[(0, 1, 1)]",[],True,True,STOP
300,sampled,11,"[0, 2, 0]","[1, 2, 0]",CH2,{0: 'C'},[],[2],True,False,STOP
300,sampled,12,"[0, 2, 0]","[0, 2, 0]",H2,"{0: 'H', 1: 'H'}","[(0, 1, 1)]",[],True,True,STOP
300,sampled,13,"[0, 2, 0]","[0, 2, 0]",H2,"{0: 'H', 1: 'H'}","[(0, 1, 1)]",[],True,True,STOP
300,sampled,14,"[0, 2, 0]","[1, 2, 0]",CH2,{0: 'C'},[],[2],True,False,STOP
300,sampled,15,"[0, 2, 0]","[0, 2, 0]",H2,"{0: 'H', 1: 'H'}","[(0, 1, 1)]",[],True,True,STOP
300,sampled,16,"[0, 2, 0]","[0, 2, 0]",H2,"{0: 'H', 1: 'H'}","[(0, 1, 1)]",[],True,True,STOP
300,sampled,17,"[0, 2, 0]","[0, 2, 0]",H2,"{0: 'H', 1: 'H'}","[(0, 1, 1)]",[],True,True,STOP
300,sampled,18,"[0, 2, 0]","[1, 2, 0]",CH2,{0: 'C'},[],[2],True,False,STOP
300,sampled,19,"[0, 2, 0]","[0, 2, 0]",H2,"{0: 'H', 1: 'H'}","[(0, 1, 1)]",[],True,True,STOP
300,sampled,20,"[0, 2, 0]","[0, 2, 1]",H2O,{0: 'O'},[],[2],True,False,STOP
300,sampled,21,"[0, 2, 0]","[1, 2, 0]",CH2,{0: 'C'},[],[2],True,False,STOP
300,sampled,22,"[0, 2, 0]","[0, 2, 0]",H2,"{0: 'H', 1: 'H'}","[(0, 1, 1)]",[],True,True,STOP
300,sampled,23,"[0, 2, 0]","[0, 2, 1]",H2O,{0: 'O'},[],[2],True,False,STOP
300,sampled,24,"[0, 2, 0]","[0, 2, 0]",H2,"{0: 'H', 1: 'H'}","[(0, 1, 1)]",[],True,True,STOP
300,sampled,25,"[0, 2, 0]","[0, 2, 0]",H2,"{0: 'H', 1: 'H'}","[(0, 1, 1)]",[],True,True,STOP
300,sampled,26,"[0, 2, 0]","[0, 2, 0]",H2,"{0: 'H', 1: 'H'}","[(0, 1, 1)]",[],True,True,STOP
300,sampled,27,"[0, 2, 0]","[0, 2, 0]",H2,"{0: 'H', 1: 'H'}","[(0, 1, 1)]",[],True,True,STOP
300,sampled,28,"[0, 2, 0]","[0, 2, 0]",H2,"{0: 'H', 1: 'H'}","[(0, 1, 1)]",[],True,True,STOP
300,sampled,29,"[0, 2, 0]","[0, 2, 0]",H2,"{0: 'H', 1: 'H'}","[(0, 1, 1)]",[],True,True,STOP
300,sampled,30,"[0, 2, 0]","[0, 2, 0]",H2,"{0: 'H', 1: 'H'}","[(0, 1, 1)]",[],True,True,STOP
300,sampled,31,"[0, 2, 0]","[0, 2, 0]",H2,"{0: 'H', 1: 'H'}","[(0, 1, 1)]",[],True,True,STOP
300,sampled,32,"[0, 2, 0]","[1, 2, 0]",CH2,{0: 'C'},[],[2],True,False,STOP
300,sampled,33,"[0, 2, 0]","[0, 2, 0]",H2,"{0: 'H', 1: 'H'}","[(0, 1, 1)]",[],True,True,STOP
300,sampled,34,"[0, 2, 0]","[0, 2, 0]",H2,"{0: 'H', 1: 'H'}","[(0, 1, 1)]",[],True,True,STOP
300,sampled,35,"[0, 2, 0]","[0, 2, 0]",H2,"{0: 'H', 1: 'H'}","[(0, 1, 1)]",[],True,True,STOP
300,sampled,36,"[0, 2, 0]","[0, 2, 0]",H2,"{0: 'H', 1: 'H'}","[(0, 1, 1)]",[],True,True,STOP
300,sampled,37,"[0, 2, 0]","[0, 1, 0]",H,{0: 'H'},[],[],True,False,STOP
300,sampled,38,"[0, 2, 0]","[0, 2, 0]",H2,"{0: 'H', 1: 'H'}","[(0, 1, 1)]",[],True,True,STOP
300,sampled,39,"[0, 2, 0]","[1, 1, 1]",HCO,"{0: 'C', 1: 'O'}","[(0, 1, 2)]","[1, 0]",True,False,STOP
300,sampled,40,"[0, 2, 0]","[1, 2, 0]",CH2,{0: 'C'},[],[2],True,False,STOP
300,sampled,41,"[0, 2, 0]","[0, 1, 0]",H,{0: 'H'},[],[],True,False,STOP
300,sampled,42,"[0, 2, 0]","[0, 2, 0]",H2,"{0: 'H', 1: 'H'}","[(0, 1, 1)]",[],True,True,STOP
300,sampled,43,"[0, 2, 0]","[0, 2, 0]",H2,"{0: 'H', 1: 'H'}","[(0, 1, 1)]",[],True,True,STOP
300,sampled,44,"[0, 2, 0]","[0, 2, 0]",H2,"{0: 'H', 1: 'H'}","[(0, 1, 1)]",[],True,True,STOP
300,sampled,45,"[0, 2, 0]","[0, 2, 0]",H2,"{0: 'H', 1: 'H'}","[(0, 1, 1)]",[],True,True,STOP
300,sampled,46,"[0, 2, 0]","[0, 2, 0]",H2,"{0: 'H', 1: 'H'}","[(0, 1, 1)]",[],True,True,STOP
300,sampled,47,"[0, 2, 0]","[1, 2, 1]",CH2O,"{0: 'C', 1: 'O'}","[(0, 1, 2)]","[2, 0]",True,False,STOP
300,sampled,48,"[0, 2, 0]","[0, 2, 0]",H2,"{0: 'H', 1: 'H'}","[(0, 1, 1)]",[],True,True,STOP
300,sampled,49,"[0, 2, 0]","[0, 2, 1]",H2O,{0: 'O'},[],[2],True,False,STOP
300,sampled,50,"[0, 2, 0]","[0, 1, 0]",H,{0: 'H'},[],[],True,False,STOP
300,sampled,51,"[0, 2, 0]","[1, 1, 0]",CH,{0: 'C'},[],[1],True,False,STOP
300,sampled,52,"[0, 2, 0]","[0, 2, 0]",H2,"{0: 'H', 1: 'H'}","[(0, 1, 1)]",[],True,True,STOP
300,sampled,53,"[0, 2, 0]","[0, 2, 0]",H2,"{0: 'H', 1: 'H'}","[(0, 1, 1)]",[],True,True,STOP
300,sampled,54,"[0, 2, 0]","[0, 2, 0]",H2,"{0: 'H', 1: 'H'}","[(0, 1, 1)]",[],True,True,STOP
300,sampled,55,"[0, 2, 0]","[0, 1, 0]",H,{0: 'H'},[],[],True,False,STOP
300,sampled,56,"[0, 2, 0]","[1, 2, 1]",CH2O,"{0: 'C', 1: 'O'}","[(0, 1, 2)]","[2, 0]",True,False,STOP
300,sampled,57,"[0, 2, 0]","[0, 2, 0]",H2,"{0: 'H', 1: 'H'}","[(0, 1, 1)]",[],True,True,STOP
300,sampled,58,"[0, 2, 0]","[0, 2, 0]",H2,"{0: 'H', 1: 'H'}","[(0, 1, 1)]",[],True,True,STOP
300,sampled,59,"[0, 2, 0]","[0, 2, 0]",H2,"{0: 'H', 1: 'H'}","[(0, 1, 1)]",[],True,True,STOP
300,sampled,60,"[0, 2, 0]","[0, 2, 1]",H2O,{0: 'O'},[],[2],True,False,STOP
300,sampled,61,"[0, 2, 0]","[1, 2, 0]",CH2,{0: 'C'},[],[2],True,False,STOP
300,sampled,62,"[0, 2, 0]","[0, 2, 0]",H2,"{0: 'H', 1: 'H'}","[(0, 1, 1)]",[],True,True,STOP
300,sampled,63,"[0, 2, 0]","[0, 2, 1]",H2O,{0: 'O'},[],[2],True,False,STOP
300,sampled,64,"[0, 2, 0]","[1, 2, 0]",CH2,{0: 'C'},[],[2],True,False,STOP
300,sampled,65,"[0, 2, 0]","[0, 2, 0]",H2,"{0: 'H', 1: 'H'}","[(0, 1, 1)]",[],True,True,STOP
300,sampled,66,"[0, 2, 0]","[0, 2, 0]",H2,"{0: 'H', 1: 'H'}","[(0, 1, 1)]",[],True,True,STOP
300,sampled,67,"[0, 2, 0]","[0, 2, 0]",H2,"{0: 'H', 1: 'H'}","[(0, 1, 1)]",[],True,True,STOP
300,sampled,68,"[0, 2, 0]","[0, 2, 0]",H2,"{0: 'H', 1: 'H'}","[(0, 1, 1)]",[],True,True,STOP
300,sampled,69,"[0, 2, 0]","[0, 2, 0]",H2,"{0: 'H', 1: 'H'}","[(0, 1, 1)]",[],True,True,STOP
300,sampled,70,"[0, 2, 0]","[0, 2, 0]",H2,"{0: 'H', 1: 'H'}","[(0, 1, 1)]",[],True,True,STOP
300,sampled,71,"[0, 2, 0]","[0, 2, 0]",H2,"{0: 'H', 1: 'H'}","[(0, 1, 1)]",[],True,True,STOP
300,sampled,72,"[0, 2, 0]","[1, 0, 0]",C,{0: 'C'},[],[0],True,False,STOP
300,sampled,73,"[0, 2, 0]","[0, 1, 0]",H,{0: 'H'},[],[],True,False,STOP
300,sampled,74,"[0, 2, 0]","[0, 2, 0]",H2,"{0: 'H', 1: 'H'}","[(0, 1, 1)]",[],True,True,STOP
300,sampled,75,"[0, 2, 0]","[0, 2, 0]",H2,"{0: 'H', 1: 'H'}","[(0, 1, 1)]",[],True,True,STOP
300,sampled,76,"[0, 2, 0]","[1, 1, 1]",HCO,"{0: 'C', 1: 'O'}","[(0, 1, 2)]","[1, 0]",True,False,STOP
300,sampled,77,"[0, 2, 0]","[0, 2, 0]",H2,"{0: 'H', 1: 'H'}","[(0, 1, 1)]",[],True,True,STOP
300,sampled,78,"[0, 2, 0]","[0, 2, 0]",H2,"{0: 'H', 1: 'H'}","[(0, 1, 1)]",[],True,True,STOP
300,sampled,79,"[0, 2, 0]","[0, 2, 1]",H2O,{0: 'O'},[],[2],True,False,STOP
300,sampled,80,"[0, 2, 0]","[1, 2, 0]",CH2,{0: 'C'},[],[2],True,False,STOP
300,sampled,81,"[0, 2, 0]","[1, 2, 0]",CH2,{0: 'C'},[],[2],True,False,STOP
300,sampled,82,"[0, 2, 0]","[0, 2, 0]",H2,"{0: 'H', 1: 'H'}","[(0, 1, 1)]",[],True,True,STOP
300,sampled,83,"[0, 2, 0]","[0, 2, 0]",H2,"{0: 'H', 1: 'H'}","[(0, 1, 1)]",[],True,True,STOP
300,sampled,84,"[0, 2, 0]","[0, 2, 0]",H2,"{0: 'H', 1: 'H'}","[(0, 1, 1)]",[],True,True,STOP
300,sampled,85,"[0, 2, 0]","[0, 2, 0]",H2,"{0: 'H', 1: 'H'}","[(0, 1, 1)]",[],True,True,STOP
300,sampled,86,"[0, 2, 0]","[0, 2, 0]",H2,"{0: 'H', 1: 'H'}","[(0, 1, 1)]",[],True,True,STOP
300,sampled,87,"[0, 2, 0]","[0, 2, 0]",H2,"{0: 'H', 1: 'H'}","[(0, 1, 1)]",[],True,True,STOP
300,sampled,88,"[0, 2, 0]","[1, 1, 0]",CH,{0: 'C'},[],[1],True,False,STOP
300,sampled,89,"[0, 2, 0]","[0, 2, 0]",H2,"{0: 'H', 1: 'H'}","[(0, 1, 1)]",[],True,True,STOP
300,sampled,90,"[0, 2, 0]","[0, 2, 0]",H2,"{0: 'H', 1: 'H'}","[(0, 1, 1)]",[],True,True,STOP
300,sampled,91,"[0, 2, 0]","[0, 2, 0]",H2,"{0: 'H', 1: 'H'}","[(0, 1, 1)]",[],True,True,STOP
300,sampled,92,"[0, 2, 0]","[1, 2, 1]",CH2O,"{0: 'C', 1: 'O'}","[(0, 1, 2)]","[2, 0]",True,False,STOP
300,sampled,93,"[0, 2, 0]","[1, 2, 0]",CH2,{0: 'C'},[],[2],True,False,STOP
300,sampled,94,"[0, 2, 0]","[0, 2, 0]",H2,"{0: 'H', 1: 'H'}","[(0, 1, 1)]",[],True,True,STOP
300,sampled,95,"[0, 2, 0]","[0, 2, 1]",H2O,{0: 'O'},[],[2],True,False,STOP
300,sampled,96,"[0, 2, 0]","[0, 2, 0]",H2,"{0: 'H', 1: 'H'}","[(0, 1, 1)]",[],True,True,STOP
300,sampled,97,"[0, 2, 0]","[1, 2, 0]",CH2,{0: 'C'},[],[2],True,False,STOP
300,sampled,98,"[0, 2, 0]","[1, 0, 0]",C,{0: 'C'},[],[0],True,False,STOP
300,sampled,99,"[0, 2, 0]","[0, 2, 0]",H2,"{0: 'H', 1: 'H'}","[(0, 1, 1)]",[],True,True,STOP
300,sampled,100,"[0, 2, 0]","[0, 2, 0]",H2,"{0: 'H', 1: 'H'}","[(0, 1, 1)]",[],True,True,STOP
300,sampled,101,"[0, 0, 2]","[0, 0, 1]",O,{0: 'O'},[],[0],True,False,STOP
300,sampled,102,"[0, 0, 2]","[0, 1, 0]",H,{0: 'H'},[],[],True,False,STOP
300,sampled,103,"[0, 0, 2]","[0, 0, 2]",O2,"{0: 'O', 1: 'O'}","[(0, 1, 2)]","[0, 0]",True,True,STOP
300,sampled,104,"[0, 0, 2]","[0, 0, 2]",O2,"{0: 'O', 1: 'O'}","[(0, 1, 2)]","[0, 0]",True,True,STOP
300,sampled,105,"[0, 0, 2]","[0, 0, 1]",O,{0: 'O'},[],[0],True,False,STOP
300,sampled,106,"[0, 0, 2]","[0, 0, 2]",O2,"{0: 'O', 1: 'O'}","[(0, 1, 2)]","[0, 0]",True,True,STOP
300,sampled,107,"[0, 0, 2]","[0, 1, 2]",HO2,"{0: 'O', 1: 'O'}","[(0, 1, 1)]","[0, 1]",True,False,STOP
300,sampled,108,"[0, 0, 2]","[0, 0, 2]",O2,"{0: 'O', 1: 'O'}","[(0, 1, 2)]","[0, 0]",True,True,STOP
300,sampled,109,"[0, 0, 2]","[0, 0, 2]",O2,"{0: 'O', 1: 'O'}","[(0, 1, 2)]","[0, 0]",True,True,STOP
300,sampled,110,"[0, 0, 2]","[0, 0, 2]",O2,"{0: 'O', 1: 'O'}","[(0, 1, 2)]","[0, 0]",True,True,STOP
300,sampled,111,"[0, 0, 2]","[0, 0, 2]",O2,"{0: 'O', 1: 'O'}","[(0, 1, 2)]","[0, 0]",True,True,STOP
300,sampled,112,"[0, 0, 2]","[0, 0, 2]",O2,"{0: 'O', 1: 'O'}","[(0, 1, 2)]","[0, 0]",True,True,STOP
300,sampled,113,"[0, 0, 2]","[0, 0, 1]",O,{0: 'O'},[],[0],True,False,STOP
300,sampled,114,"[0, 0, 2]","[0, 0, 2]",O2,"{0: 'O', 1: 'O'}","[(0, 1, 2)]","[0, 0]",True,True,STOP
300,sampled,115,"[0, 0, 2]","[0, 0, 1]",O,{0: 'O'},[],[0],True,False,STOP
300,sampled,116,"[0, 0, 2]","[0, 0, 2]",O2,"{0: 'O', 1: 'O'}","[(0, 1, 2)]","[0, 0]",True,True,STOP
300,sampled,117,"[0, 0, 2]","[0, 0, 1]",O,{0: 'O'},[],[0],True,False,STOP
300,sampled,118,"[0, 0, 2]","[0, 0, 2]",O2,"{0: 'O', 1: 'O'}","[(0, 1, 2)]","[0, 0]",True,True,STOP
300,sampled,119,"[0, 0, 2]","[0, 0, 2]",O2,"{0: 'O', 1: 'O'}","[(0, 1, 2)]","[0, 0]",True,True,STOP
300,sampled,120,"[0, 0, 2]","[0, 0, 1]",O,{0: 'O'},[],[0],True,False,STOP
300,sampled,121,"[0, 0, 2]","[0, 0, 1]",O,{0: 'O'},[],[0],True,False,STOP
300,sampled,122,"[0, 0, 2]","[0, 0, 1]",O,{0: 'O'},[],[0],True,False,STOP
300,sampled,123,"[0, 0, 2]","[0, 0, 2]",O2,"{0: 'O', 1: 'O'}","[(0, 1, 2)]","[0, 0]",True,True,STOP
300,sampled,124,"[0, 0, 2]","[0, 0, 2]",O2,"{0: 'O', 1: 'O'}","[(0, 1, 2)]","[0, 0]",True,True,STOP
300,sampled,125,"[0, 0, 2]","[0, 0, 2]",O2,"{0: 'O', 1: 'O'}","[(0, 1, 2)]","[0, 0]",True,True,STOP
300,sampled,126,"[0, 0, 2]","[0, 0, 2]",O2,"{0: 'O', 1: 'O'}","[(0, 1, 2)]","[0, 0]",True,True,STOP
300,sampled,127,"[0, 0, 2]","[0, 0, 1]",O,{0: 'O'},[],[0],True,False,STOP
300,sampled,128,"[0, 0, 2]","[0, 0, 1]",O,{0: 'O'},[],[0],True,False,STOP
300,sampled,129,"[0, 0, 2]","[0, 0, 2]",O2,"{0: 'O', 1: 'O'}","[(0, 1, 2)]","[0, 0]",True,True,STOP
300,sampled,130,"[0, 0, 2]","[0, 0, 2]",O2,"{0: 'O', 1: 'O'}","[(0, 1, 2)]","[0, 0]",True,True,STOP
300,sampled,131,"[0, 0, 2]","[0, 0, 2]",O2,"{0: 'O', 1: 'O'}","[(0, 1, 2)]","[0, 0]",True,True,STOP
300,sampled,132,"[0, 0, 2]","[0, 1, 2]",HO2,"{0: 'O', 1: 'O'}","[(0, 1, 1)]","[1, 0]",True,False,STOP
300,sampled,133,"[0, 0, 2]","[0, 0, 1]",O,{0: 'O'},[],[0],True,False,STOP
300,sampled,134,"[0, 0, 2]","[0, 0, 2]",O2,"{0: 'O', 1: 'O'}","[(0, 1, 2)]","[0, 0]",True,True,STOP
300,sampled,135,"[0, 0, 2]","[0, 1, 2]",HO2,"{0: 'O', 1: 'O'}","[(0, 1, 1)]","[0, 1]",True,False,STOP
300,sampled,136,"[0, 0, 2]","[0, 0, 1]",O,{0: 'O'},[],[0],True,False,STOP
300,sampled,137,"[0, 0, 2]","[0, 0, 1]",O,{0: 'O'},[],[0],True,False,STOP
300,sampled,138,"[0, 0, 2]","[0, 0, 1]",O,{0: 'O'},[],[0],True,False,STOP
300,sampled,139,"[0, 0, 2]","[0, 0, 2]",O2,"{0: 'O', 1: 'O'}","[(0, 1, 2)]","[0, 0]",True,True,STOP
300,sampled,140,"[0, 0, 2]","[1, 0, 2]",CO2,"{0: 'C', 1: 'O', 2: 'O'}","[(0, 1, 2), (0, 2, 2)]","[0, 0, 0]",True,False,STOP
300,sampled,141,"[0, 0, 2]","[0, 1, 2]",HO2,"{0: 'O', 1: 'O'}","[(0, 1, 1)]","[1, 0]",True,False,STOP
300,sampled,142,"[0, 0, 2]","[0, 0, 2]",O2,"{0: 'O', 1: 'O'}","[(0, 1, 2)]","[0, 0]",True,True,STOP
300,sampled,143,"[0, 0, 2]","[0, 0, 1]",O,{0: 'O'},[],[0],True,False,STOP
300,sampled,144,"[0, 0, 2]","[0, 0, 2]",O2,"{0: 'O', 1: 'O'}","[(0, 1, 2)]","[0, 0]",True,True,STOP
300,sampled,145,"[0, 0, 2]","[0, 0, 2]",O2,"{0: 'O', 1: 'O'}","[(0, 1, 2)]","[0, 0]",True,True,STOP
300,sampled,146,"[0, 0, 2]","[0, 0, 2]",O2,"{0: 'O', 1: 'O'}","[(0, 1, 2)]","[0, 0]",True,True,STOP
300,sampled,147,"[0, 0, 2]","[0, 0, 2]",O2,"{0: 'O', 1: 'O'}","[(0, 1, 2)]","[0, 0]",True,True,STOP
300,sampled,148,"[0, 0, 2]","[0, 0, 2]",O2,"{0: 'O', 1: 'O'}","[(0, 1, 2)]","[0, 0]",True,True,STOP
300,sampled,149,"[0, 0, 2]","[0, 0, 1]",O,{0: 'O'},[],[0],True,False,STOP
300,sampled,150,"[0, 0, 2]","[0, 0, 2]",O2,"{0: 'O', 1: 'O'}","[(0, 1, 2)]","[0, 0]",True,True,STOP
300,sampled,151,"[0, 0, 2]","[0, 0, 2]",O2,"{0: 'O', 1: 'O'}","[(0, 1, 2)]","[0, 0]",True,True,STOP
300,sampled,152,"[0, 0, 2]","[0, 0, 2]",O2,"{0: 'O', 1: 'O'}","[(0, 1, 2)]","[0, 0]",True,True,STOP
300,sampled,153,"[0, 0, 2]","[0, 0, 2]",O2,"{0: 'O', 1: 'O'}","[(0, 1, 2)]","[0, 0]",True,True,STOP
300,sampled,154,"[0, 0, 2]","[0, 0, 2]",O2,"{0: 'O', 1: 'O'}","[(0, 1, 2)]","[0, 0]",True,True,STOP
300,sampled,155,"[0, 0, 2]","[0, 0, 2]",O2,"{0: 'O', 1: 'O'}","[(0, 1, 2)]","[0, 0]",True,True,STOP
300,sampled,156,"[0, 0, 2]","[0, 1, 2]",HO2,"{0: 'O', 1: 'O'}","[(0, 1, 1)]","[1, 0]",True,False,STOP
300,sampled,157,"[0, 0, 2]","[0, 0, 2]",O2,"{0: 'O', 1: 'O'}","[(0, 1, 2)]","[0, 0]",True,True,STOP
300,sampled,158,"[0, 0, 2]","[0, 1, 2]",HO2,"{0: 'O', 1: 'O'}","[(0, 1, 1)]","[1, 0]",True,False,STOP
300,sampled,159,"[0, 0, 2]","[0, 1, 2]",HO2,"{0: 'O', 1: 'O'}","[(0, 1, 1)]","[1, 0]",True,False,STOP
300,sampled,160,"[0, 0, 2]","[0, 0, 2]",O2,"{0: 'O', 1: 'O'}","[(0, 1, 2)]","[0, 0]",True,True,STOP
300,sampled,161,"[0, 0, 2]","[0, 1, 2]",HO2,"{0: 'O', 1: 'O'}","[(0, 1, 1)]","[0, 1]",True,False,STOP
300,sampled,162,"[0, 0, 2]","[0, 1, 1]",OH,{0: 'O'},[],[1],True,False,STOP
300,sampled,163,"[0, 0, 2]","[0, 0, 1]",O,{0: 'O'},[],[0],True,False,STOP
300,sampled,164,"[0, 0, 2]","[0, 0, 2]",O2,"{0: 'O', 1: 'O'}","[(0, 1, 2)]","[0, 0]",True,True,STOP
300,sampled,165,"[0, 0, 2]","[0, 0, 2]",O2,"{0: 'O', 1: 'O'}","[(0, 1, 2)]","[0, 0]",True,True,STOP
300,sampled,166,"[0, 0, 2]","[0, 0, 2]",O2,"{0: 'O', 1: 'O'}","[(0, 1, 2)]","[0, 0]",True,True,STOP
300,sampled,167,"[0, 0, 2]","[0, 0, 2]",O2,"{0: 'O', 1: 'O'}","[(0, 1, 2)]","[0, 0]",True,True,STOP
300,sampled,168,"[0, 0, 2]","[0, 0, 2]",O2,"{0: 'O', 1: 'O'}","[(0, 1, 2)]","[0, 0]",True,True,STOP
300,sampled,169,"[0, 0, 2]","[0, 0, 2]",O2,"{0: 'O', 1: 'O'}","[(0, 1, 2)]","[0, 0]",True,True,STOP
300,sampled,170,"[0, 0, 2]","[0, 0, 2]",O2,"{0: 'O', 1: 'O'}","[(0, 1, 2)]","[0, 0]",True,True,STOP
300,sampled,171,"[0, 0, 2]","[1, 0, 2]",CO2,"{0: 'O', 1: 'C', 2: 'O'}","[(0, 1, 2), (1, 2, 2)]","[0, 0, 0]",True,False,STOP
300,sampled,172,"[0, 0, 2]","[0, 0, 2]",O2,"{0: 'O', 1: 'O'}","[(0, 1, 2)]","[0, 0]",True,True,STOP
300,sampled,173,"[0, 0, 2]","[0, 0, 2]",O2,"{0: 'O', 1: 'O'}","[(0, 1, 2)]","[0, 0]",True,True,STOP
300,sampled,174,"[0, 0, 2]","[0, 1, 2]",HO2,"{0: 'O', 1: 'O'}","[(0, 1, 1)]","[0, 1]",True,False,STOP
300,sampled,175,"[0, 0, 2]","[0, 0, 2]",O2,"{0: 'O', 1: 'O'}","[(0, 1, 2)]","[0, 0]",True,True,STOP
300,sampled,176,"[0, 0, 2]","[0, 0, 2]",O2,"{0: 'O', 1: 'O'}","[(0, 1, 2)]","[0, 0]",True,True,STOP
300,sampled,177,"[0, 0, 2]","[0, 0, 2]",O2,"{0: 'O', 1: 'O'}","[(0, 1, 2)]","[0, 0]",True,True,STOP
300,sampled,178,"[0, 0, 2]","[0, 0, 1]",O,{0: 'O'},[],[0],True,False,STOP
300,sampled,179,"[0, 0, 2]","[0, 0, 2]",O2,"{0: 'O', 1: 'O'}","[(0, 1, 2)]","[0, 0]",True,True,STOP
300,sampled,180,"[0, 0, 2]","[0, 1, 2]",HO2,"{0: 'O', 1: 'O'}","[(0, 1, 1)]","[1, 0]",True,False,STOP
300,sampled,181,"[0, 0, 2]","[0, 0, 2]",O2,"{0: 'O', 1: 'O'}","[(0, 1, 2)]","[0, 0]",True,True,STOP
300,sampled,182,"[0, 0, 2]","[0, 0, 2]",O2,"{0: 'O', 1: 'O'}","[(0, 1, 2)]","[0, 0]",True,True,STOP
300,sampled,183,"[0, 0, 2]","[0, 0, 1]",O,{0: 'O'},[],[0],True,False,STOP
300,sampled,184,"[0, 0, 2]","[0, 0, 2]",O2,"{0: 'O', 1: 'O'}","[(0, 1, 2)]","[0, 0]",True,True,STOP
300,sampled,185,"[0, 0, 2]","[0, 1, 1]",OH,{0: 'O'},[],[1],True,False,STOP
300,sampled,186,"[0, 0, 2]","[0, 0, 2]",O2,"{0: 'O', 1: 'O'}","[(0, 1, 2)]","[0, 0]",True,True,STOP
300,sampled,187,"[0, 0, 2]","[0, 0, 2]",O2,"{0: 'O', 1: 'O'}","[(0, 1, 2)]","[0, 0]",True,True,STOP
300,sampled,188,"[0, 0, 2]","[0, 0, 2]",O2,"{0: 'O', 1: 'O'}","[(0, 1, 2)]","[0, 0]",True,True,STOP
300,sampled,189,"[0, 0, 2]","[0, 0, 2]",O2,"{0: 'O', 1: 'O'}","[(0, 1, 2)]","[0, 0]",True,True,STOP
300,sampled,190,"[0, 0, 2]","[0, 0, 2]",O2,"{0: 'O', 1: 'O'}","[(0, 1, 2)]","[0, 0]",True,True,STOP
300,sampled,191,"[0, 0, 2]","[0, 0, 2]",O2,"{0: 'O', 1: 'O'}","[(0, 1, 2)]","[0, 0]",True,True,STOP
300,sampled,192,"[0, 0, 2]","[0, 0, 2]",O2,"{0: 'O', 1: 'O'}","[(0, 1, 2)]","[0, 0]",True,True,STOP
300,sampled,193,"[0, 0, 2]","[1, 0, 2]",CO2,"{0: 'C', 1: 'O', 2: 'O'}","[(0, 1, 2), (0, 2, 2)]","[0, 0, 0]",True,False,STOP
300,sampled,194,"[0, 0, 2]","[0, 1, 2]",HO2,"{0: 'O', 1: 'O'}","[(0, 1, 1)]","[1, 0]",True,False,STOP
300,sampled,195,"[0, 0, 2]","[0, 0, 1]",O,{0: 'O'},[],[0],True,False,STOP
300,sampled,196,"[0, 0, 2]","[0, 0, 2]",O2,"{0: 'O', 1: 'O'}","[(0, 1, 2)]","[0, 0]",True,True,STOP
300,sampled,197,"[0, 0, 2]","[0, 0, 2]",O2,"{0: 'O', 1: 'O'}","[(0, 1, 2)]","[0, 0]",True,True,STOP
300,sampled,198,"[0, 0, 2]","[0, 1, 2]",HO2,"{0: 'O', 1: 'O'}","[(0, 1, 1)]","[1, 0]",True,False,STOP
300,sampled,199,"[0, 0, 2]","[0, 0, 2]",O2,"{0: 'O', 1: 'O'}","[(0, 1, 2)]","[0, 0]",True,True,STOP
300,sampled,200,"[0, 0, 2]","[0, 0, 1]",O,{0: 'O'},[],[0],True,False,STOP
300,sampled,201,"[0, 1, 0]","[0, 1, 0]",H,{0: 'H'},[],[],True,True,STOP
300,sampled,202,"[0, 1, 0]","[1, 1, 1]",HCO,"{0: 'O', 1: 'C'}","[(0, 1, 2)]","[0, 1]",True,False,STOP
300,sampled,203,"[0, 1, 0]","[0, 2, 0]",H2,"{0: 'H', 1: 'H'}","[(0, 1, 1)]",[],True,False,STOP
300,sampled,204,"[0, 1, 0]","[0, 1, 0]",H,{0: 'H'},[],[],True,True,STOP
300,sampled,205,"[0, 1, 0]","[0, 2, 0]",H2,"{0: 'H', 1: 'H'}","[(0, 1, 1)]",[],True,False,STOP
300,sampled,206,"[0, 1, 0]","[0, 1, 1]",OH,{0: 'O'},[],[1],True,False,STOP
300,sampled,207,"[0, 1, 0]","[0, 2, 1]",H2O,{0: 'O'},[],[2],True,False,STOP
300,sampled,208,"[0, 1, 0]","[0, 1, 0]",H,{0: 'H'},[],[],True,True,STOP
300,sampled,209,"[0, 1, 0]","[0, 2, 0]",H2,"{0: 'H', 1: 'H'}","[(0, 1, 1)]",[],True,False,STOP
300,sampled,210,"[0, 1, 0]","[1, 1, 0]",CH,{0: 'C'},[],[1],True,False,STOP
300,sampled,211,"[0, 1, 0]","[0, 1, 0]",H,{0: 'H'},[],[],True,True,STOP
300,sampled,212,"[0, 1, 0]","[0, 2, 1]",H2O,{0: 'O'},[],[2],True,False,STOP
300,sampled,213,"[0, 1, 0]","[0, 1, 0]",H,{0: 'H'},[],[],True,True,STOP
300,sampled,214,"[0, 1, 0]","[1, 1, 1]",HCO,"{0: 'C', 1: 'O'}","[(0, 1, 2)]","[1, 0]",True,False,STOP
300,sampled,215,"[0, 1, 0]","[0, 2, 0]",H2,"{0: 'H', 1: 'H'}","[(0, 1, 1)]",[],True,False,STOP
300,sampled,216,"[0, 1, 0]","[0, 1, 0]",H,{0: 'H'},[],[],True,True,STOP
300,sampled,217,"[0, 1, 0]","[0, 1, 0]",H,{0: 'H'},[],[],True,True,STOP
300,sampled,218,"[0, 1, 0]","[0, 2, 0]",H2,"{0: 'H', 1: 'H'}","[(0, 1, 1)]",[],True,False,STOP
300,sampled,219,"[0, 1, 0]","[1, 0, 0]",C,{0: 'C'},[],[0],True,False,STOP
300,sampled,220,"[0, 1, 0]","[0, 1, 0]",H,{0: 'H'},[],[],True,True,STOP
300,sampled,221,"[0, 1, 0]","[0, 2, 0]",H2,"{0: 'H', 1: 'H'}","[(0, 1, 1)]",[],True,False,STOP
300,sampled,222,"[0, 1, 0]","[0, 1, 1]",OH,{0: 'O'},[],[1],True,False,STOP
300,sampled,223,"[0, 1, 0]","[0, 1, 1]",OH,{0: 'O'},[],[1],True,False,STOP
300,sampled,224,"[0, 1, 0]","[0, 1, 0]",H,{0: 'H'},[],[],True,True,STOP
300,sampled,225,"[0, 1, 0]","[0, 1, 0]",H,{0: 'H'},[],[],True,True,STOP
300,sampled,226,"[0, 1, 0]","[1, 1, 1]",HCO,"{0: 'C', 1: 'O'}","[(0, 1, 2)]","[1, 0]",True,False,STOP
300,sampled,227,"[0, 1, 0]","[0, 1, 0]",H,{0: 'H'},[],[],True,True,STOP
300,sampled,228,"[0, 1, 0]","[0, 1, 0]",H,{0: 'H'},[],[],True,True,STOP
300,sampled,229,"[0, 1, 0]","[0, 1, 0]",H,{0: 'H'},[],[],True,True,STOP
300,sampled,230,"[0, 1, 0]","[0, 1, 0]",H,{0: 'H'},[],[],True,True,STOP
300,sampled,231,"[0, 1, 0]","[0, 1, 0]",H,{0: 'H'},[],[],True,True,STOP
300,sampled,232,"[0, 1, 0]","[0, 2, 0]",H2,"{0: 'H', 1: 'H'}","[(0, 1, 1)]",[],True,False,STOP
300,sampled,233,"[0, 1, 0]","[0, 1, 1]",OH,{0: 'O'},[],[1],True,False,STOP
300,sampled,234,"[0, 1, 0]","[0, 1, 0]",H,{0: 'H'},[],[],True,True,STOP
300,sampled,235,"[0, 1, 0]","[1, 0, 0]",C,{0: 'C'},[],[0],True,False,STOP
300,sampled,236,"[0, 1, 0]","[0, 2, 0]",H2,"{0: 'H', 1: 'H'}","[(0, 1, 1)]",[],True,False,STOP
300,sampled,237,"[0, 1, 0]","[0, 1, 0]",H,{0: 'H'},[],[],True,True,STOP
300,sampled,238,"[0, 1, 0]","[0, 1, 0]",H,{0: 'H'},[],[],True,True,STOP
300,sampled,239,"[0, 1, 0]","[1, 0, 0]",C,{0: 'C'},[],[0],True,False,STOP
300,sampled,240,"[0, 1, 0]","[0, 1, 0]",H,{0: 'H'},[],[],True,True,STOP
300,sampled,241,"[0, 1, 0]","[0, 1, 0]",H,{0: 'H'},[],[],True,True,STOP
300,sampled,242,"[0, 1, 0]","[0, 1, 0]",H,{0: 'H'},[],[],True,True,STOP
300,sampled,243,"[0, 1, 0]","[0, 1, 0]",H,{0: 'H'},[],[],True,True,STOP
300,sampled,244,"[0, 1, 0]","[1, 0, 0]",C,{0: 'C'},[],[0],True,False,STOP
300,sampled,245,"[0, 1, 0]","[0, 1, 0]",H,{0: 'H'},[],[],True,True,STOP
300,sampled,246,"[0, 1, 0]","[0, 1, 0]",H,{0: 'H'},[],[],True,True,STOP
300,sampled,247,"[0, 1, 0]","[0, 2, 1]",H2O,{0: 'O'},[],[2],True,False,STOP
300,sampled,248,"[0, 1, 0]","[0, 1, 0]",H,{0: 'H'},[],[],True,True,STOP
300,sampled,249,"[0, 1, 0]","[1, 1, 0]",CH,{0: 'C'},[],[1],True,False,STOP
300,sampled,250,"[0, 1, 0]","[0, 2, 0]",H2,"{0: 'H', 1: 'H'}","[(0, 1, 1)]",[],True,False,STOP
300,sampled,251,"[0, 1, 0]","[1, 0, 0]",C,{0: 'C'},[],[0],True,False,STOP
300,sampled,252,"[0, 1, 0]","[0, 2, 0]",H2,"{0: 'H', 1: 'H'}","[(0, 1, 1)]",[],True,False,STOP
300,sampled,253,"[0, 1, 0]","[0, 2, 0]",H2,"{0: 'H', 1: 'H'}","[(0, 1, 1)]",[],True,False,STOP
300,sampled,254,"[0, 1, 0]","[0, 1, 0]",H,{0: 'H'},[],[],True,True,STOP
300,sampled,255,"[0, 1, 0]","[0, 1, 0]",H,{0: 'H'},[],[],True,True,STOP
300,sampled,256,"[0, 1, 0]","[1, 0, 0]",C,{0: 'C'},[],[0],True,False,STOP
300,sampled,257,"[0, 1, 0]","[0, 1, 0]",H,{0: 'H'},[],[],True,True,STOP
300,sampled,258,"[0, 1, 0]","[1, 0, 0]",C,{0: 'C'},[],[0],True,False,STOP
300,sampled,259,"[0, 1, 0]","[1, 1, 1]",HCO,"{0: 'C', 1: 'O'}","[(0, 1, 2)]","[1, 0]",True,False,STOP
300,sampled,260,"[0, 1, 0]","[0, 1, 1]",OH,{0: 'O'},[],[1],True,False,STOP
300,sampled,261,"[0, 1, 0]","[0, 1, 0]",H,{0: 'H'},[],[],True,True,STOP
300,sampled,262,"[0, 1, 0]","[0, 0, 1]",O,{0: 'O'},[],[0],True,False,STOP
300,sampled,263,"[0, 1, 0]","[0, 1, 0]",H,{0: 'H'},[],[],True,True,STOP
300,sampled,264,"[0, 1, 0]","[0, 1, 1]",OH,{0: 'O'},[],[1],True,False,STOP
300,sampled,265,"[0, 1, 0]","[0, 1, 0]",H,{0: 'H'},[],[],True,True,STOP
300,sampled,266,"[0, 1, 0]","[0, 1, 0]",H,{0: 'H'},[],[],True,True,STOP
300,sampled,267,"[0, 1, 0]","[0, 1, 0]",H,{0: 'H'},[],[],True,True,STOP
300,sampled,268,"[0, 1, 0]","[0, 1, 0]",H,{0: 'H'},[],[],True,True,STOP
300,sampled,269,"[0, 1, 0]","[0, 1, 0]",H,{0: 'H'},[],[],True,True,STOP
300,sampled,270,"[0, 1, 0]","[0, 1, 0]",H,{0: 'H'},[],[],True,True,STOP
300,sampled,271,"[0, 1, 0]","[0, 2, 0]",H2,"{0: 'H', 1: 'H'}","[(0, 1, 1)]",[],True,False,STOP
300,sampled,272,"[0, 1, 0]","[0, 1, 0]",H,{0: 'H'},[],[],True,True,STOP
300,sampled,273,"[0, 1, 0]","[0, 1, 1]",OH,{0: 'O'},[],[1],True,False,STOP
300,sampled,274,"[0, 1, 0]","[0, 2, 0]",H2,"{0: 'H', 1: 'H'}","[(0, 1, 1)]",[],True,False,STOP
300,sampled,275,"[0, 1, 0]","[0, 1, 0]",H,{0: 'H'},[],[],True,True,STOP
300,sampled,276,"[0, 1, 0]","[0, 2, 0]",H2,"{0: 'H', 1: 'H'}","[(0, 1, 1)]",[],True,False,STOP
300,sampled,277,"[0, 1, 0]","[0, 2, 1]",H2O,{0: 'O'},[],[2],True,False,STOP
300,sampled,278,"[0, 1, 0]","[0, 1, 1]",OH,{0: 'O'},[],[1],True,False,STOP
300,sampled,279,"[0, 1, 0]","[0, 2, 1]",H2O,{0: 'O'},[],[2],True,False,STOP
300,sampled,280,"[0, 1, 0]","[0, 1, 0]",H,{0: 'H'},[],[],True,True,STOP
300,sampled,281,"[0, 1, 0]","[0, 1, 0]",H,{0: 'H'},[],[],True,True,STOP
300,sampled,282,"[0, 1, 0]","[0, 1, 1]",OH,{0: 'O'},[],[1],True,False,STOP
300,sampled,283,"[0, 1, 0]","[1, 1, 0]",CH,{0: 'C'},[],[1],True,False,STOP
300,sampled,284,"[0, 1, 0]","[0, 2, 0]",H2,"{0: 'H', 1: 'H'}","[(0, 1, 1)]",[],True,False,STOP
300,sampled,285,"[0, 1, 0]","[0, 1, 0]",H,{0: 'H'},[],[],True,True,STOP
300,sampled,286,"[0, 1, 0]","[0, 2, 0]",H2,"{0: 'H', 1: 'H'}","[(0, 1, 1)]",[],True,False,STOP
300,sampled,287,"[0, 1, 0]","[0, 1, 0]",H,{0: 'H'},[],[],True,True,STOP
300,sampled,288,"[0, 1, 0]","[0, 1, 1]",OH,{0: 'O'},[],[1],True,False,STOP
300,sampled,289,"[0, 1, 0]","[0, 2, 1]",H2O,{0: 'O'},[],[2],True,False,STOP
300,sampled,290,"[0, 1, 0]","[0, 1, 0]",H,{0: 'H'},[],[],True,True,STOP
300,sampled,291,"[0, 1, 0]","[0, 1, 0]",H,{0: 'H'},[],[],True,True,STOP
300,sampled,292,"[0, 1, 0]","[0, 2, 0]",H2,"{0: 'H', 1: 'H'}","[(0, 1, 1)]",[],True,False,STOP
300,sampled,293,"[0, 1, 0]","[0, 2, 0]",H2,"{0: 'H', 1: 'H'}","[(0, 1, 1)]",[],True,False,STOP
300,sampled,294,"[0, 1, 0]","[0, 2, 1]",H2O,{0: 'O'},[],[2],True,False,STOP
300,sampled,295,"[0, 1, 0]","[0, 1, 0]",H,{0: 'H'},[],[],True,True,STOP
300,sampled,296,"[0, 1, 0]","[0, 1, 0]",H,{0: 'H'},[],[],True,True,STOP
300,sampled,297,"[0, 1, 0]","[0, 1, 0]",H,{0: 'H'},[],[],True,True,STOP
300,sampled,298,"[0, 1, 0]","[0, 1, 0]",H,{0: 'H'},[],[],True,True,STOP
300,sampled,299,"[0, 1, 0]","[0, 1, 1]",OH,{0: 'O'},[],[1],True,False,STOP
300,sampled,300,"[0, 1, 0]","[0, 1, 0]",H,{0: 'H'},[],[],True,True,STOP
300,sampled,301,"[0, 0, 1]","[0, 1, 0]",H,{0: 'H'},[],[],True,False,STOP
300,sampled,302,"[0, 0, 1]","[0, 0, 2]",O2,"{0: 'O', 1: 'O'}","[(0, 1, 2)]","[0, 0]",True,False,STOP
300,sampled,303,"[0, 0, 1]","[0, 0, 1]",O,{0: 'O'},[],[0],True,True,STOP
300,sampled,304,"[0, 0, 1]","[0, 0, 2]",O2,"{0: 'O', 1: 'O'}","[(0, 1, 2)]","[0, 0]",True,False,STOP
300,sampled,305,"[0, 0, 1]","[0, 0, 1]",O,{0: 'O'},[],[0],True,True,STOP
300,sampled,306,"[0, 0, 1]","[0, 0, 1]",O,{0: 'O'},[],[0],True,True,STOP
300,sampled,307,"[0, 0, 1]","[0, 0, 1]",O,{0: 'O'},[],[0],True,True,STOP
300,sampled,308,"[0, 0, 1]","[0, 0, 1]",O,{0: 'O'},[],[0],True,True,STOP
300,sampled,309,"[0, 0, 1]","[0, 1, 0]",H,{0: 'H'},[],[],True,False,STOP
300,sampled,310,"[0, 0, 1]","[0, 0, 1]",O,{0: 'O'},[],[0],True,True,STOP
300,sampled,311,"[0, 0, 1]","[0, 1, 2]",HO2,"{0: 'O', 1: 'O'}","[(0, 1, 1)]","[1, 0]",True,False,STOP
300,sampled,312,"[0, 0, 1]","[0, 0, 1]",O,{0: 'O'},[],[0],True,True,STOP
300,sampled,313,"[0, 0, 1]","[0, 0, 1]",O,{0: 'O'},[],[0],True,True,STOP
300,sampled,314,"[0, 0, 1]","[0, 1, 1]",OH,{0: 'O'},[],[1],True,False,STOP
300,sampled,315,"[0, 0, 1]","[0, 0, 2]",O2,"{0: 'O', 1: 'O'}","[(0, 1, 2)]","[0, 0]",True,False,STOP
300,sampled,316,"[0, 0, 1]","[0, 1, 0]",H,{0: 'H'},[],[],True,False,STOP
300,sampled,317,"[0, 0, 1]","[0, 0, 1]",O,{0: 'O'},[],[0],True,True,STOP
300,sampled,318,"[0, 0, 1]","[1, 1, 1]",HCO,"{0: 'O', 1: 'C'}","[(0, 1, 2)]","[0, 1]",True,False,STOP
300,sampled,319,"[0, 0, 1]","[0, 1, 1]",OH,{0: 'O'},[],[1],True,False,STOP
300,sampled,320,"[0, 0, 1]","[0, 1, 1]",OH,{0: 'O'},[],[1],True,False,STOP
300,sampled,321,"[0, 0, 1]","[0, 0, 1]",O,{0: 'O'},[],[0],True,True,STOP
300,sampled,322,"[0, 0, 1]","[0, 0, 1]",O,{0: 'O'},[],[0],True,True,STOP
300,sampled,323,"[0, 0, 1]","[0, 0, 1]",O,{0: 'O'},[],[0],True,True,STOP
300,sampled,324,"[0, 0, 1]","[0, 1, 1]",OH,{0: 'O'},[],[1],True,False,STOP
300,sampled,325,"[0, 0, 1]","[0, 0, 1]",O,{0: 'O'},[],[0],True,True,STOP
300,sampled,326,"[0, 0, 1]","[0, 0, 2]",O2,"{0: 'O', 1: 'O'}","[(0, 1, 2)]","[0, 0]",True,False,STOP
300,sampled,327,"[0, 0, 1]","[0, 1, 0]",H,{0: 'H'},[],[],True,False,STOP
300,sampled,328,"[0, 0, 1]","[0, 0, 1]",O,{0: 'O'},[],[0],True,True,STOP
300,sampled,329,"[0, 0, 1]","[0, 0, 1]",O,{0: 'O'},[],[0],True,True,STOP
300,sampled,330,"[0, 0, 1]","[0, 1, 0]",H,{0: 'H'},[],[],True,False,STOP
300,sampled,331,"[0, 0, 1]","[0, 0, 1]",O,{0: 'O'},[],[0],True,True,STOP
300,sampled,332,"[0, 0, 1]","[0, 0, 1]",O,{0: 'O'},[],[0],True,True,STOP
300,sampled,333,"[0, 0, 1]","[0, 1, 1]",OH,{0: 'O'},[],[1],True,False,STOP
300,sampled,334,"[0, 0, 1]","[0, 0, 1]",O,{0: 'O'},[],[0],True,True,STOP
300,sampled,335,"[0, 0, 1]","[0, 0, 1]",O,{0: 'O'},[],[0],True,True,STOP
300,sampled,336,"[0, 0, 1]","[0, 0, 1]",O,{0: 'O'},[],[0],True,True,STOP
300,sampled,337,"[0, 0, 1]","[0, 1, 0]",H,{0: 'H'},[],[],True,False,STOP
300,sampled,338,"[0, 0, 1]","[0, 0, 1]",O,{0: 'O'},[],[0],True,True,STOP
300,sampled,339,"[0, 0, 1]","[0, 0, 1]",O,{0: 'O'},[],[0],True,True,STOP
300,sampled,340,"[0, 0, 1]","[0, 0, 2]",O2,"{0: 'O', 1: 'O'}","[(0, 1, 2)]","[0, 0]",True,False,STOP
300,sampled,341,"[0, 0, 1]","[0, 0, 1]",O,{0: 'O'},[],[0],True,True,STOP
300,sampled,342,"[0, 0, 1]","[0, 0, 1]",O,{0: 'O'},[],[0],True,True,STOP
300,sampled,343,"[0, 0, 1]","[0, 0, 1]",O,{0: 'O'},[],[0],True,True,STOP
300,sampled,344,"[0, 0, 1]","[0, 1, 0]",H,{0: 'H'},[],[],True,False,STOP
300,sampled,345,"[0, 0, 1]","[0, 0, 1]",O,{0: 'O'},[],[0],True,True,STOP
300,sampled,346,"[0, 0, 1]","[0, 0, 1]",O,{0: 'O'},[],[0],True,True,STOP
300,sampled,347,"[0, 0, 1]","[0, 1, 0]",H,{0: 'H'},[],[],True,False,STOP
300,sampled,348,"[0, 0, 1]","[0, 1, 1]",OH,{0: 'O'},[],[1],True,False,STOP
300,sampled,349,"[0, 0, 1]","[0, 0, 1]",O,{0: 'O'},[],[0],True,True,STOP
300,sampled,350,"[0, 0, 1]","[0, 0, 1]",O,{0: 'O'},[],[0],True,True,STOP
300,sampled,351,"[0, 0, 1]","[1, 0, 2]",CO2,"{0: 'O', 1: 'C', 2: 'O'}","[(0, 1, 2), (1, 2, 2)]","[0, 0, 0]",True,False,STOP
300,sampled,352,"[0, 0, 1]","[0, 0, 1]",O,{0: 'O'},[],[0],True,True,STOP
300,sampled,353,"[0, 0, 1]","[0, 0, 1]",O,{0: 'O'},[],[0],True,True,STOP
300,sampled,354,"[0, 0, 1]","[0, 1, 1]",OH,{0: 'O'},[],[1],True,False,STOP
300,sampled,355,"[0, 0, 1]","[0, 0, 1]",O,{0: 'O'},[],[0],True,True,STOP
300,sampled,356,"[0, 0, 1]","[0, 0, 1]",O,{0: 'O'},[],[0],True,True,STOP
300,sampled,357,"[0, 0, 1]","[0, 0, 1]",O,{0: 'O'},[],[0],True,True,STOP
300,sampled,358,"[0, 0, 1]","[0, 1, 1]",OH,{0: 'O'},[],[1],True,False,STOP
300,sampled,359,"[0, 0, 1]","[0, 0, 2]",O2,"{0: 'O', 1: 'O'}","[(0, 1, 2)]","[0, 0]",True,False,STOP
300,sampled,360,"[0, 0, 1]","[0, 1, 0]",H,{0: 'H'},[],[],True,False,STOP
300,sampled,361,"[0, 0, 1]","[0, 0, 1]",O,{0: 'O'},[],[0],True,True,STOP
300,sampled,362,"[0, 0, 1]","[0, 1, 1]",OH,{0: 'O'},[],[1],True,False,STOP
300,sampled,363,"[0, 0, 1]","[0, 1, 1]",OH,{0: 'O'},[],[1],True,False,STOP
300,sampled,364,"[0, 0, 1]","[0, 0, 1]",O,{0: 'O'},[],[0],True,True,STOP
300,sampled,365,"[0, 0, 1]","[0, 0, 1]",O,{0: 'O'},[],[0],True,True,STOP
300,sampled,366,"[0, 0, 1]","[0, 0, 1]",O,{0: 'O'},[],[0],True,True,STOP
300,sampled,367,"[0, 0, 1]","[0, 1, 1]",OH,{0: 'O'},[],[1],True,False,STOP
300,sampled,368,"[0, 0, 1]","[0, 0, 1]",O,{0: 'O'},[],[0],True,True,STOP
300,sampled,369,"[0, 0, 1]","[0, 0, 1]",O,{0: 'O'},[],[0],True,True,STOP
300,sampled,370,"[0, 0, 1]","[0, 1, 0]",H,{0: 'H'},[],[],True,False,STOP
300,sampled,371,"[0, 0, 1]","[0, 0, 1]",O,{0: 'O'},[],[0],True,True,STOP
300,sampled,372,"[0, 0, 1]","[0, 0, 1]",O,{0: 'O'},[],[0],True,True,STOP
300,sampled,373,"[0, 0, 1]","[0, 0, 1]",O,{0: 'O'},[],[0],True,True,STOP
300,sampled,374,"[0, 0, 1]","[0, 1, 1]",OH,{0: 'O'},[],[1],True,False,STOP
300,sampled,375,"[0, 0, 1]","[0, 1, 0]",H,{0: 'H'},[],[],True,False,STOP
300,sampled,376,"[0, 0, 1]","[0, 1, 1]",OH,{0: 'O'},[],[1],True,False,STOP
300,sampled,377,"[0, 0, 1]","[0, 0, 1]",O,{0: 'O'},[],[0],True,True,STOP
300,sampled,378,"[0, 0, 1]","[0, 0, 1]",O,{0: 'O'},[],[0],True,True,STOP
300,sampled,379,"[0, 0, 1]","[0, 0, 1]",O,{0: 'O'},[],[0],True,True,STOP
300,sampled,380,"[0, 0, 1]","[1, 0, 2]",CO2,"{0: 'C', 1: 'O', 2: 'O'}","[(0, 1, 2), (0, 2, 2)]","[0, 0, 0]",True,False,STOP
300,sampled,381,"[0, 0, 1]","[0, 0, 1]",O,{0: 'O'},[],[0],True,True,STOP
300,sampled,382,"[0, 0, 1]","[0, 0, 1]",O,{0: 'O'},[],[0],True,True,STOP
300,sampled,383,"[0, 0, 1]","[0, 0, 1]",O,{0: 'O'},[],[0],True,True,STOP
300,sampled,384,"[0, 0, 1]","[0, 0, 1]",O,{0: 'O'},[],[0],True,True,STOP
300,sampled,385,"[0, 0, 1]","[0, 0, 1]",O,{0: 'O'},[],[0],True,True,STOP
300,sampled,386,"[0, 0, 1]","[0, 0, 2]",O2,"{0: 'O', 1: 'O'}","[(0, 1, 2)]","[0, 0]",True,False,STOP
300,sampled,387,"[0, 0, 1]","[0, 0, 1]",O,{0: 'O'},[],[0],True,True,STOP
300,sampled,388,"[0, 0, 1]","[0, 1, 0]",H,{0: 'H'},[],[],True,False,STOP
300,sampled,389,"[0, 0, 1]","[0, 0, 1]",O,{0: 'O'},[],[0],True,True,STOP
300,sampled,390,"[0, 0, 1]","[0, 0, 1]",O,{0: 'O'},[],[0],True,True,STOP
300,sampled,391,"[0, 0, 1]","[0, 0, 1]",O,{0: 'O'},[],[0],True,True,STOP
300,sampled,392,"[0, 0, 1]","[0, 0, 1]",O,{0: 'O'},[],[0],True,True,STOP
300,sampled,393,"[0, 0, 1]","[0, 0, 1]",O,{0: 'O'},[],[0],True,True,STOP
300,sampled,394,"[0, 0, 1]","[1, 0, 2]",CO2,"{0: 'C', 1: 'O', 2: 'O'}","[(0, 1, 2), (0, 2, 2)]","[0, 0, 0]",True,False,STOP
300,sampled,395,"[0, 0, 1]","[0, 0, 1]",O,{0: 'O'},[],[0],True,True,STOP
300,sampled,396,"[0, 0, 1]","[0, 1, 0]",H,{0: 'H'},[],[],True,False,STOP
300,sampled,397,"[0, 0, 1]","[0, 1, 1]",OH,{0: 'O'},[],[1],True,False,STOP
300,sampled,398,"[0, 0, 1]","[0, 0, 1]",O,{0: 'O'},[],[0],True,True,STOP
300,sampled,399,"[0, 0, 1]","[1, 0, 2]",CO2,"{0: 'C', 1: 'O', 2: 'O'}","[(0, 1, 2), (0, 2, 2)]","[0, 0, 0]",True,False,STOP
300,sampled,400,"[0, 0, 1]","[0, 0, 1]",O,{0: 'O'},[],[0],True,True,STOP
300,sampled,401,"[0, 1, 1]","[0, 1, 1]",OH,{0: 'O'},[],[1],True,True,STOP
300,sampled,402,"[0, 1, 1]","[1, 1, 1]",HCO,"{0: 'C', 1: 'O'}","[(0, 1, 2)]","[1, 0]",True,False,STOP
300,sampled,403,"[0, 1, 1]","[0, 1, 1]",OH,{0: 'O'},[],[1],True,True,STOP
300,sampled,404,"[0, 1, 1]","[0, 1, 1]",OH,{0: 'O'},[],[1],True,True,STOP
300,sampled,405,"[0, 1, 1]","[0, 2, 1]",H2O,{0: 'O'},[],[2],True,False,STOP
300,sampled,406,"[0, 1, 1]","[0, 1, 1]",OH,{0: 'O'},[],[1],True,True,STOP
300,sampled,407,"[0, 1, 1]","[0, 1, 1]",OH,{0: 'O'},[],[1],True,True,STOP
300,sampled,408,"[0, 1, 1]","[0, 1, 1]",OH,{0: 'O'},[],[1],True,True,STOP
300,sampled,409,"[0, 1, 1]","[0, 1, 1]",OH,{0: 'O'},[],[1],True,True,STOP
300,sampled,410,"[0, 1, 1]","[0, 1, 1]",OH,{0: 'O'},[],[1],True,True,STOP
300,sampled,411,"[0, 1, 1]","[0, 1, 1]",OH,{0: 'O'},[],[1],True,True,STOP
300,sampled,412,"[0, 1, 1]","[0, 1, 1]",OH,{0: 'O'},[],[1],True,True,STOP
300,sampled,413,"[0, 1, 1]","[0, 2, 1]",H2O,{0: 'O'},[],[2],True,False,STOP
300,sampled,414,"[0, 1, 1]","[0, 1, 1]",OH,{0: 'O'},[],[1],True,True,STOP
300,sampled,415,"[0, 1, 1]","[0, 1, 1]",OH,{0: 'O'},[],[1],True,True,STOP
300,sampled,416,"[0, 1, 1]","[0, 1, 1]",OH,{0: 'O'},[],[1],True,True,STOP
300,sampled,417,"[0, 1, 1]","[0, 0, 1]",O,{0: 'O'},[],[0],True,False,STOP
300,sampled,418,"[0, 1, 1]","[0, 1, 1]",OH,{0: 'O'},[],[1],True,True,STOP
300,sampled,419,"[0, 1, 1]","[0, 1, 1]",OH,{0: 'O'},[],[1],True,True,STOP
300,sampled,420,"[0, 1, 1]","[0, 1, 1]",OH,{0: 'O'},[],[1],True,True,STOP
300,sampled,421,"[0, 1, 1]","[0, 1, 1]",OH,{0: 'O'},[],[1],True,True,STOP
300,sampled,422,"[0, 1, 1]","[0, 1, 1]",OH,{0: 'O'},[],[1],True,True,STOP
300,sampled,423,"[0, 1, 1]","[1, 0, 2]",CO2,"{0: 'O', 1: 'C', 2: 'O'}","[(0, 1, 2), (1, 2, 2)]","[0, 0, 0]",True,False,STOP
300,sampled,424,"[0, 1, 1]","[0, 1, 1]",OH,{0: 'O'},[],[1],True,True,STOP
300,sampled,425,"[0, 1, 1]","[0, 1, 1]",OH,{0: 'O'},[],[1],True,True,STOP
300,sampled,426,"[0, 1, 1]","[0, 2, 1]",H2O,{0: 'O'},[],[2],True,False,STOP
300,sampled,427,"[0, 1, 1]","[0, 1, 1]",OH,{0: 'O'},[],[1],True,True,STOP
300,sampled,428,"[0, 1, 1]","[0, 1, 0]",H,{0: 'H'},[],[],True,False,STOP
300,sampled,429,"[0, 1, 1]","[0, 2, 1]",H2O,{0: 'O'},[],[2],True,False,STOP
300,sampled,430,"[0, 1, 1]","[0, 1, 1]",OH,{0: 'O'},[],[1],True,True,STOP
300,sampled,431,"[0, 1, 1]","[0, 1, 1]",OH,{0: 'O'},[],[1],True,True,STOP
300,sampled,432,"[0, 1, 1]","[0, 2, 1]",H2O,{0: 'O'},[],[2],True,False,STOP
300,sampled,433,"[0, 1, 1]","[0, 2, 1]",H2O,{0: 'O'},[],[2],True,False,STOP
300,sampled,434,"[0, 1, 1]","[0, 2, 1]",H2O,{0: 'O'},[],[2],True,False,STOP
300,sampled,435,"[0, 1, 1]","[0, 1, 1]",OH,{0: 'O'},[],[1],True,True,STOP
300,sampled,436,"[0, 1, 1]","[0, 1, 1]",OH,{0: 'O'},[],[1],True,True,STOP
300,sampled,437,"[0, 1, 1]","[0, 1, 1]",OH,{0: 'O'},[],[1],True,True,STOP
300,sampled,438,"[0, 1, 1]","[0, 1, 1]",OH,{0: 'O'},[],[1],True,True,STOP
300,sampled,439,"[0, 1, 1]","[0, 1, 1]",OH,{0: 'O'},[],[1],True,True,STOP
300,sampled,440,"[0, 1, 1]","[0, 1, 1]",OH,{0: 'O'},[],[1],True,True,STOP
300,sampled,441,"[0, 1, 1]","[1, 1, 1]",HCO,"{0: 'O', 1: 'C'}","[(0, 1, 2)]","[0, 1]",True,False,STOP
300,sampled,442,"[0, 1, 1]","[0, 1, 1]",OH,{0: 'O'},[],[1],True,True,STOP
300,sampled,443,"[0, 1, 1]","[0, 1, 1]",OH,{0: 'O'},[],[1],True,True,STOP
300,sampled,444,"[0, 1, 1]","[0, 2, 1]",H2O,{0: 'O'},[],[2],True,False,STOP
300,sampled,445,"[0, 1, 1]","[1, 1, 1]",HCO,"{0: 'O', 1: 'C'}","[(0, 1, 2)]","[0, 1]",True,False,STOP
300,sampled,446,"[0, 1, 1]","[0, 1, 0]",H,{0: 'H'},[],[],True,False,STOP
300,sampled,447,"[0, 1, 1]","[0, 1, 1]",OH,{0: 'O'},[],[1],True,True,STOP
300,sampled,448,"[0, 1, 1]","[1, 1, 1]",Unknown,"{0: 'O', 1: 'C'}","[(0, 1, 1)]","[0, 1]",False,False,STOP
300,sampled,449,"[0, 1, 1]","[0, 1, 1]",OH,{0: 'O'},[],[1],True,True,STOP
300,sampled,450,"[0, 1, 1]","[0, 1, 1]",OH,{0: 'O'},[],[1],True,True,STOP
300,sampled,451,"[0, 1, 1]","[0, 1, 1]",OH,{0: 'O'},[],[1],True,True,STOP
300,sampled,452,"[0, 1, 1]","[0, 2, 1]",H2O,{0: 'O'},[],[2],True,False,STOP
300,sampled,453,"[0, 1, 1]","[0, 1, 1]",OH,{0: 'O'},[],[1],True,True,STOP
300,sampled,454,"[0, 1, 1]","[0, 1, 1]",OH,{0: 'O'},[],[1],True,True,STOP
300,sampled,455,"[0, 1, 1]","[0, 1, 1]",OH,{0: 'O'},[],[1],True,True,STOP
300,sampled,456,"[0, 1, 1]","[0, 1, 1]",OH,{0: 'O'},[],[1],True,True,STOP
300,sampled,457,"[0, 1, 1]","[1, 0, 2]",CO2,"{0: 'O', 1: 'C', 2: 'O'}","[(0, 1, 2), (1, 2, 2)]","[0, 0, 0]",True,False,STOP
300,sampled,458,"[0, 1, 1]","[0, 2, 1]",H2O,{0: 'O'},[],[2],True,False,STOP
300,sampled,459,"[0, 1, 1]","[1, 1, 1]",HCO,"{0: 'C', 1: 'O'}","[(0, 1, 2)]","[1, 0]",True,False,STOP
300,sampled,460,"[0, 1, 1]","[0, 2, 2]",H2O2,"{0: 'O', 1: 'O'}","[(0, 1, 1)]","[1, 1]",True,False,STOP
300,sampled,461,"[0, 1, 1]","[0, 1, 1]",OH,{0: 'O'},[],[1],True,True,STOP
300,sampled,462,"[0, 1, 1]","[0, 0, 1]",O,{0: 'O'},[],[0],True,False,STOP
300,sampled,463,"[0, 1, 1]","[0, 1, 1]",OH,{0: 'O'},[],[1],True,True,STOP
300,sampled,464,"[0, 1, 1]","[0, 0, 1]",O,{0: 'O'},[],[0],True,False,STOP
300,sampled,465,"[0, 1, 1]","[0, 1, 1]",OH,{0: 'O'},[],[1],True,True,STOP
300,sampled,466,"[0, 1, 1]","[0, 0, 1]",O,{0: 'O'},[],[0],True,False,STOP
300,sampled,467,"[0, 1, 1]","[0, 1, 1]",OH,{0: 'O'},[],[1],True,True,STOP
300,sampled,468,"[0, 1, 1]","[0, 1, 0]",H,{0: 'H'},[],[],True,False,STOP
300,sampled,469,"[0, 1, 1]","[0, 1, 1]",OH,{0: 'O'},[],[1],True,True,STOP
300,sampled,470,"[0, 1, 1]","[1, 1, 1]",HCO,"{0: 'C', 1: 'O'}","[(0, 1, 2)]","[1, 0]",True,False,STOP
300,sampled,471,"[0, 1, 1]","[1, 1, 1]",HCO,"{0: 'C', 1: 'O'}","[(0, 1, 2)]","[1, 0]",True,False,STOP
300,sampled,472,"[0, 1, 1]","[0, 1, 1]",OH,{0: 'O'},[],[1],True,True,STOP
300,sampled,473,"[0, 1, 1]","[0, 1, 1]",OH,{0: 'O'},[],[1],True,True,STOP
300,sampled,474,"[0, 1, 1]","[1, 1, 1]",HCO,"{0: 'C', 1: 'O'}","[(0, 1, 2)]","[1, 0]",True,False,STOP
300,sampled,475,"[0, 1, 1]","[0, 2, 0]",H2,"{0: 'H', 1: 'H'}","[(0, 1, 1)]",[],True,False,STOP
300,sampled,476,"[0, 1, 1]","[0, 1, 1]",OH,{0: 'O'},[],[1],True,True,STOP
300,sampled,477,"[0, 1, 1]","[1, 1, 1]",HCO,"{0: 'C', 1: 'O'}","[(0, 1, 2)]","[1, 0]",True,False,STOP
300,sampled,478,"[0, 1, 1]","[1, 2, 1]",CH2O,"{0: 'C', 1: 'O'}","[(0, 1, 2)]","[2, 0]",True,False,STOP
300,sampled,479,"[0, 1, 1]","[0, 1, 1]",OH,{0: 'O'},[],[1],True,True,STOP
300,sampled,480,"[0, 1, 1]","[0, 1, 1]",OH,{0: 'O'},[],[1],True,True,STOP
300,sampled,481,"[0, 1, 1]","[0, 1, 2]",HO2,"{0: 'O', 1: 'O'}","[(0, 1, 1)]","[1, 0]",True,False,STOP
300,sampled,482,"[0, 1, 1]","[0, 1, 1]",OH,{0: 'O'},[],[1],True,True,STOP
300,sampled,483,"[0, 1, 1]","[0, 2, 2]",H2O2,"{0: 'O', 1: 'O'}","[(0, 1, 1)]","[1, 1]",True,False,STOP
300,sampled,484,"[0, 1, 1]","[0, 1, 1]",OH,{0: 'O'},[],[1],True,True,STOP
300,sampled,485,"[0, 1, 1]","[0, 1, 1]",OH,{0: 'O'},[],[1],True,True,STOP
300,sampled,486,"[0, 1, 1]","[0, 1, 1]",OH,{0: 'O'},[],[1],True,True,STOP
300,sampled,487,"[0, 1, 1]","[0, 1, 1]",OH,{0: 'O'},[],[1],True,True,STOP
300,sampled,488,"[0, 1, 1]","[1, 0, 2]",CO2,"{0: 'C', 1: 'O', 2: 'O'}","[(0, 1, 2), (0, 2, 2)]","[0, 0, 0]",True,False,STOP
300,sampled,489,"[0, 1, 1]","[1, 1, 1]",HCO,"{0: 'C', 1: 'O'}","[(0, 1, 2)]","[1, 0]",True,False,STOP
300,sampled,490,"[0, 1, 1]","[0, 1, 1]",OH,{0: 'O'},[],[1],True,True,STOP
300,sampled,491,"[0, 1, 1]","[1, 1, 1]",HCO,"{0: 'C', 1: 'O'}","[(0, 1, 2)]","[1, 0]",True,False,STOP
300,sampled,492,"[0, 1, 1]","[0, 2, 1]",H2O,{0: 'O'},[],[2],True,False,STOP
300,sampled,493,"[0, 1, 1]","[0, 1, 1]",OH,{0: 'O'},[],[1],True,True,STOP
300,sampled,494,"[0, 1, 1]","[0, 1, 1]",OH,{0: 'O'},[],[1],True,True,STOP
300,sampled,495,"[0, 1, 1]","[0, 1, 1]",OH,{0: 'O'},[],[1],True,True,STOP
300,sampled,496,"[0, 1, 1]","[0, 1, 0]",H,{0: 'H'},[],[],True,False,STOP
300,sampled,497,"[0, 1, 1]","[0, 1, 1]",OH,{0: 'O'},[],[1],True,True,STOP
300,sampled,498,"[0, 1, 1]","[0, 1, 1]",OH,{0: 'O'},[],[1],True,True,STOP
300,sampled,499,"[0, 1, 1]","[0, 2, 1]",H2O,{0: 'O'},[],[2],True,False,STOP
300,sampled,500,"[0, 1, 1]","[0, 1, 1]",OH,{0: 'O'},[],[1],True,True,STOP
300,sampled,501,"[0, 2, 1]","[0, 2, 1]",H2O,{0: 'O'},[],[2],True,True,STOP
300,sampled,502,"[0, 2, 1]","[0, 1, 2]",HO2,"{0: 'O', 1: 'O'}","[(0, 1, 1)]","[1, 0]",True,False,STOP
300,sampled,503,"[0, 2, 1]","[1, 2, 1]",CH2O,"{0: 'C', 1: 'O'}","[(0, 1, 2)]","[2, 0]",True,False,STOP
300,sampled,504,"[0, 2, 1]","[0, 2, 1]",H2O,{0: 'O'},[],[2],True,True,STOP
300,sampled,505,"[0, 2, 1]","[0, 2, 1]",H2O,{0: 'O'},[],[2],True,True,STOP
300,sampled,506,"[0, 2, 1]","[0, 2, 2]",H2O2,"{0: 'O', 1: 'O'}","[(0, 1, 1)]","[1, 1]",True,False,STOP
300,sampled,507,"[0, 2, 1]","[0, 2, 1]",H2O,{0: 'O'},[],[2],True,True,STOP
300,sampled,508,"[0, 2, 1]","[0, 2, 1]",H2O,{0: 'O'},[],[2],True,True,STOP
300,sampled,509,"[0, 2, 1]","[0, 2, 1]",H2O,{0: 'O'},[],[2],True,True,STOP
300,sampled,510,"[0, 2, 1]","[1, 2, 1]",CH2O,"{0: 'C', 1: 'O'}","[(0, 1, 2)]","[2, 0]",True,False,STOP
300,sampled,511,"[0, 2, 1]","[0, 2, 1]",H2O,{0: 'O'},[],[2],True,True,STOP
300,sampled,512,"[0, 2, 1]","[0, 2, 1]",H2O,{0: 'O'},[],[2],True,True,STOP
300,sampled,513,"[0, 2, 1]","[0, 2, 1]",H2O,{0: 'O'},[],[2],True,True,STOP
300,sampled,514,"[0, 2, 1]","[0, 2, 1]",H2O,{0: 'O'},[],[2],True,True,STOP
300,sampled,515,"[0, 2, 1]","[0, 2, 1]",H2O,{0: 'O'},[],[2],True,True,STOP
300,sampled,516,"[0, 2, 1]","[0, 2, 1]",H2O,{0: 'O'},[],[2],True,True,STOP
300,sampled,517,"[0, 2, 1]","[0, 2, 1]",H2O,{0: 'O'},[],[2],True,True,STOP
300,sampled,518,"[0, 2, 1]","[1, 1, 1]",HCO,"{0: 'C', 1: 'O'}","[(0, 1, 2)]","[1, 0]",True,False,STOP
300,sampled,519,"[0, 2, 1]","[1, 2, 1]",CH2O,"{0: 'C', 1: 'O'}","[(0, 1, 2)]","[2, 0]",True,False,STOP
300,sampled,520,"[0, 2, 1]","[0, 2, 1]",H2O,{0: 'O'},[],[2],True,True,STOP
300,sampled,521,"[0, 2, 1]","[0, 1, 1]",OH,{0: 'O'},[],[1],True,False,STOP
300,sampled,522,"[0, 2, 1]","[0, 2, 1]",H2O,{0: 'O'},[],[2],True,True,STOP
300,sampled,523,"[0, 2, 1]","[0, 2, 1]",H2O,{0: 'O'},[],[2],True,True,STOP
300,sampled,524,"[0, 2, 1]","[0, 2, 0]",H2,"{0: 'H', 1: 'H'}","[(0, 1, 1)]",[],True,False,STOP
300,sampled,525,"[0, 2, 1]","[0, 2, 1]",H2O,{0: 'O'},[],[2],True,True,STOP
300,sampled,526,"[0, 2, 1]","[0, 2, 1]",H2O,{0: 'O'},[],[2],True,True,STOP
300,sampled,527,"[0, 2, 1]","[0, 1, 1]",OH,{0: 'O'},[],[1],True,False,STOP
300,sampled,528,"[0, 2, 1]","[0, 2, 1]",H2O,{0: 'O'},[],[2],True,True,STOP
300,sampled,529,"[0, 2, 1]","[0, 2, 2]",H2O2,"{0: 'O', 1: 'O'}","[(0, 1, 1)]","[1, 1]",True,False,STOP
300,sampled,530,"[0, 2, 1]","[0, 2, 1]",H2O,{0: 'O'},[],[2],True,True,STOP
300,sampled,531,"[0, 2, 1]","[1, 2, 1]",CH2O,"{0: 'C', 1: 'O'}","[(0, 1, 2)]","[2, 0]",True,False,STOP
300,sampled,532,"[0, 2, 1]","[0, 2, 1]",H2O,{0: 'O'},[],[2],True,True,STOP
300,sampled,533,"[0, 2, 1]","[0, 2, 1]",H2O,{0: 'O'},[],[2],True,True,STOP
300,sampled,534,"[0, 2, 1]","[1, 2, 1]",CH2O,"{0: 'O', 1: 'C'}","[(0, 1, 2)]","[0, 2]",True,False,STOP
300,sampled,535,"[0, 2, 1]","[0, 2, 1]",H2O,{0: 'O'},[],[2],True,True,STOP
300,sampled,536,"[0, 2, 1]","[0, 2, 1]",H2O,{0: 'O'},[],[2],True,True,STOP
300,sampled,537,"[0, 2, 1]","[0, 2, 1]",H2O,{0: 'O'},[],[2],True,True,STOP
300,sampled,538,"[0, 2, 1]","[1, 2, 1]",CH2O,"{0: 'C', 1: 'O'}","[(0, 1, 2)]","[2, 0]",True,False,STOP
300,sampled,539,"[0, 2, 1]","[0, 2, 1]",H2O,{0: 'O'},[],[2],True,True,STOP
300,sampled,540,"[0, 2, 1]","[0, 2, 0]",H2,"{0: 'H', 1: 'H'}","[(0, 1, 1)]",[],True,False,STOP
300,sampled,541,"[0, 2, 1]","[0, 2, 1]",H2O,{0: 'O'},[],[2],True,True,STOP
300,sampled,542,"[0, 2, 1]","[0, 2, 1]",H2O,{0: 'O'},[],[2],True,True,STOP
300,sampled,543,"[0, 2, 1]","[0, 2, 1]",H2O,{0: 'O'},[],[2],True,True,STOP
300,sampled,544,"[0, 2, 1]","[1, 0, 0]",C,{0: 'C'},[],[0],True,False,STOP
300,sampled,545,"[0, 2, 1]","[0, 2, 1]",H2O,{0: 'O'},[],[2],True,True,STOP
300,sampled,546,"[0, 2, 1]","[0, 2, 1]",H2O,{0: 'O'},[],[2],True,True,STOP
300,sampled,547,"[0, 2, 1]","[0, 2, 1]",H2O,{0: 'O'},[],[2],True,True,STOP
300,sampled,548,"[0, 2, 1]","[1, 3, 1]",CH3O,"{0: 'C', 1: 'O'}","[(0, 1, 1)]","[3, 0]",True,False,STOP
300,sampled,549,"[0, 2, 1]","[0, 2, 1]",H2O,{0: 'O'},[],[2],True,True,STOP
300,sampled,550,"[0, 2, 1]","[0, 2, 1]",H2O,{0: 'O'},[],[2],True,True,STOP
300,sampled,551,"[0, 2, 1]","[0, 2, 1]",H2O,{0: 'O'},[],[2],True,True,STOP
300,sampled,552,"[0, 2, 1]","[1, 1, 1]",HCO,"{0: 'C', 1: 'O'}","[(0, 1, 2)]","[1, 0]",True,False,STOP
300,sampled,553,"[0, 2, 1]","[0, 2, 1]",H2O,{0: 'O'},[],[2],True,True,STOP
300,sampled,554,"[0, 2, 1]","[0, 2, 1]",H2O,{0: 'O'},[],[2],True,True,STOP
300,sampled,555,"[0, 2, 1]","[0, 2, 1]",H2O,{0: 'O'},[],[2],True,True,STOP
300,sampled,556,"[0, 2, 1]","[0, 2, 1]",H2O,{0: 'O'},[],[2],True,True,STOP
300,sampled,557,"[0, 2, 1]","[0, 2, 2]",H2O2,"{0: 'O', 1: 'O'}","[(0, 1, 1)]","[1, 1]",True,False,STOP
300,sampled,558,"[0, 2, 1]","[0, 2, 1]",H2O,{0: 'O'},[],[2],True,True,STOP
300,sampled,559,"[0, 2, 1]","[0, 2, 1]",H2O,{0: 'O'},[],[2],True,True,STOP
300,sampled,560,"[0, 2, 1]","[0, 2, 1]",H2O,{0: 'O'},[],[2],True,True,STOP
300,sampled,561,"[0, 2, 1]","[0, 2, 1]",H2O,{0: 'O'},[],[2],True,True,STOP
300,sampled,562,"[0, 2, 1]","[0, 2, 1]",H2O,{0: 'O'},[],[2],True,True,STOP
300,sampled,563,"[0, 2, 1]","[0, 2, 1]",H2O,{0: 'O'},[],[2],True,True,STOP
300,sampled,564,"[0, 2, 1]","[0, 2, 1]",H2O,{0: 'O'},[],[2],True,True,STOP
300,sampled,565,"[0, 2, 1]","[0, 2, 1]",H2O,{0: 'O'},[],[2],True,True,STOP
300,sampled,566,"[0, 2, 1]","[0, 2, 1]",H2O,{0: 'O'},[],[2],True,True,STOP
300,sampled,567,"[0, 2, 1]","[0, 2, 1]",H2O,{0: 'O'},[],[2],True,True,STOP
300,sampled,568,"[0, 2, 1]","[1, 2, 1]",CH2O,"{0: 'C', 1: 'O'}","[(0, 1, 2)]","[2, 0]",True,False,STOP
300,sampled,569,"[0, 2, 1]","[0, 2, 1]",H2O,{0: 'O'},[],[2],True,True,STOP
300,sampled,570,"[0, 2, 1]","[0, 2, 1]",H2O,{0: 'O'},[],[2],True,True,STOP
300,sampled,571,"[0, 2, 1]","[0, 1, 0]",H,{0: 'H'},[],[],True,False,STOP
300,sampled,572,"[0, 2, 1]","[0, 2, 0]",H2,"{0: 'H', 1: 'H'}","[(0, 1, 1)]",[],True,False,STOP
300,sampled,573,"[0, 2, 1]","[0, 2, 1]",H2O,{0: 'O'},[],[2],True,True,STOP
300,sampled,574,"[0, 2, 1]","[0, 2, 1]",H2O,{0: 'O'},[],[2],True,True,STOP
300,sampled,575,"[0, 2, 1]","[0, 2, 1]",H2O,{0: 'O'},[],[2],True,True,STOP
300,sampled,576,"[0, 2, 1]","[0, 2, 0]",H2,"{0: 'H', 1: 'H'}","[(0, 1, 1)]",[],True,False,STOP
300,sampled,577,"[0, 2, 1]","[0, 2, 1]",H2O,{0: 'O'},[],[2],True,True,STOP
300,sampled,578,"[0, 2, 1]","[0, 1, 1]",OH,{0: 'O'},[],[1],True,False,STOP
300,sampled,579,"[0, 2, 1]","[0, 1, 1]",OH,{0: 'O'},[],[1],True,False,STOP
300,sampled,580,"[0, 2, 1]","[0, 1, 1]",OH,{0: 'O'},[],[1],True,False,STOP
300,sampled,581,"[0, 2, 1]","[0, 2, 1]",H2O,{0: 'O'},[],[2],True,True,STOP
300,sampled,582,"[0, 2, 1]","[0, 1, 1]",OH,{0: 'O'},[],[1],True,False,STOP
300,sampled,583,"[0, 2, 1]","[0, 2, 1]",H2O,{0: 'O'},[],[2],True,True,STOP
300,sampled,584,"[0, 2, 1]","[0, 2, 1]",H2O,{0: 'O'},[],[2],True,True,STOP
300,sampled,585,"[0, 2, 1]","[0, 2, 1]",H2O,{0: 'O'},[],[2],True,True,STOP
300,sampled,586,"[0, 2, 1]","[0, 2, 1]",H2O,{0: 'O'},[],[2],True,True,STOP
300,sampled,587,"[0, 2, 1]","[0, 2, 1]",H2O,{0: 'O'},[],[2],True,True,STOP
300,sampled,588,"[0, 2, 1]","[0, 2, 1]",H2O,{0: 'O'},[],[2],True,True,STOP
300,sampled,589,"[0, 2, 1]","[0, 2, 1]",H2O,{0: 'O'},[],[2],True,True,STOP
300,sampled,590,"[0, 2, 1]","[0, 1, 0]",H,{0: 'H'},[],[],True,False,STOP
300,sampled,591,"[0, 2, 1]","[0, 2, 1]",H2O,{0: 'O'},[],[2],True,True,STOP
300,sampled,592,"[0, 2, 1]","[0, 2, 1]",H2O,{0: 'O'},[],[2],True,True,STOP
300,sampled,593,"[0, 2, 1]","[0, 1, 1]",OH,{0: 'O'},[],[1],True,False,STOP
300,sampled,594,"[0, 2, 1]","[0, 2, 1]",H2O,{0: 'O'},[],[2],True,True,STOP
300,sampled,595,"[0, 2, 1]","[0, 2, 1]",H2O,{0: 'O'},[],[2],True,True,STOP
300,sampled,596,"[0, 2, 1]","[0, 2, 1]",H2O,{0: 'O'},[],[2],True,True,STOP
300,sampled,597,"[0, 2, 1]","[0, 2, 1]",H2O,{0: 'O'},[],[2],True,True,STOP
300,sampled,598,"[0, 2, 1]","[0, 2, 1]",H2O,{0: 'O'},[],[2],True,True,STOP
300,sampled,599,"[0, 2, 1]","[0, 2, 1]",H2O,{0: 'O'},[],[2],True,True,STOP
300,sampled,600,"[0, 2, 1]","[1, 2, 1]",CH2O,"{0: 'C', 1: 'O'}","[(0, 1, 2)]","[2, 0]",True,False,STOP
300,sampled,601,"[0, 1, 2]","[0, 0, 1]",O,{0: 'O'},[],[0],True,False,STOP
300,sampled,602,"[0, 1, 2]","[0, 2, 2]",H2O2,"{0: 'O', 1: 'O'}","[(0, 1, 1)]","[1, 1]",True,False,STOP
300,sampled,603,"[0, 1, 2]","[1, 2, 2]",Unknown,"{0: 'C', 1: 'O', 2: 'O'}","[(0, 1, 1), (1, 2, 1)]","[2, 0, 0]",False,False,STOP
300,sampled,604,"[0, 1, 2]","[0, 2, 2]",H2O2,"{0: 'O', 1: 'O'}","[(0, 1, 1)]","[1, 1]",True,False,STOP
300,sampled,605,"[0, 1, 2]","[0, 0, 2]",O2,"{0: 'O', 1: 'O'}","[(0, 1, 2)]","[0, 0]",True,False,STOP
300,sampled,606,"[0, 1, 2]","[0, 1, 2]",HO2,"{0: 'O', 1: 'O'}","[(0, 1, 1)]","[1, 0]",True,True,STOP
300,sampled,607,"[0, 1, 2]","[0, 1, 2]",HO2,"{0: 'O', 1: 'O'}","[(0, 1, 1)]","[0, 1]",True,True,STOP
300,sampled,608,"[0, 1, 2]","[0, 0, 1]",O,{0: 'O'},[],[0],True,False,STOP
300,sampled,609,"[0, 1, 2]","[0, 0, 2]",O2,"{0: 'O', 1: 'O'}","[(0, 1, 2)]","[0, 0]",True,False,STOP
300,sampled,610,"[0, 1, 2]","[0, 1, 1]",OH,{0: 'O'},[],[1],True,False,STOP
300,sampled,611,"[0, 1, 2]","[0, 1, 2]",HO2,"{0: 'O', 1: 'O'}","[(0, 1, 1)]","[1, 0]",True,True,STOP
300,sampled,612,"[0, 1, 2]","[0, 1, 2]",HO2,"{0: 'O', 1: 'O'}","[(0, 1, 1)]","[0, 1]",True,True,STOP
300,sampled,613,"[0, 1, 2]","[0, 2, 2]",H2O2,"{0: 'O', 1: 'O'}","[(0, 1, 1)]","[1, 1]",True,False,STOP
300,sampled,614,"[0, 1, 2]","[0, 1, 2]",HO2,"{0: 'O', 1: 'O'}","[(0, 1, 1)]","[1, 0]",True,True,STOP
300,sampled,615,"[0, 1, 2]","[0, 1, 2]",HO2,"{0: 'O', 1: 'O'}","[(0, 1, 1)]","[1, 0]",True,True,STOP
300,sampled,616,"[0, 1, 2]","[0, 2, 2]",H2O2,"{0: 'O', 1: 'O'}","[(0, 1, 1)]","[1, 1]",True,False,STOP
300,sampled,617,"[0, 1, 2]","[0, 1, 2]",HO2,"{0: 'O', 1: 'O'}","[(0, 1, 1)]","[0, 1]",True,True,STOP
300,sampled,618,"[0, 1, 2]","[0, 1, 2]",HO2,"{0: 'O', 1: 'O'}","[(0, 1, 1)]","[1, 0]",True,True,STOP
300,sampled,619,"[0, 1, 2]","[0, 1, 2]",HO2,"{0: 'O', 1: 'O'}","[(0, 1, 1)]","[1, 0]",True,True,STOP
300,sampled,620,"[0, 1, 2]","[0, 1, 1]",OH,{0: 'O'},[],[1],True,False,STOP
300,sampled,621,"[0, 1, 2]","[0, 1, 2]",HO2,"{0: 'O', 1: 'O'}","[(0, 1, 1)]","[0, 1]",True,True,STOP
300,sampled,622,"[0, 1, 2]","[0, 1, 2]",HO2,"{0: 'O', 1: 'O'}","[(0, 1, 1)]","[1, 0]",True,True,STOP
300,sampled,623,"[0, 1, 2]","[0, 2, 2]",H2O2,"{0: 'O', 1: 'O'}","[(0, 1, 1)]","[1, 1]",True,False,STOP
300,sampled,624,"[0, 1, 2]","[0, 1, 2]",HO2,"{0: 'O', 1: 'O'}","[(0, 1, 1)]","[0, 1]",True,True,STOP
300,sampled,625,"[0, 1, 2]","[0, 1, 1]",OH,{0: 'O'},[],[1],True,False,STOP
300,sampled,626,"[0, 1, 2]","[0, 1, 2]",HO2,"{0: 'O', 1: 'O'}","[(0, 1, 1)]","[1, 0]",True,True,STOP
300,sampled,627,"[0, 1, 2]","[0, 1, 2]",HO2,"{0: 'O', 1: 'O'}","[(0, 1, 1)]","[0, 1]",True,True,STOP
300,sampled,628,"[0, 1, 2]","[0, 0, 2]",O2,"{0: 'O', 1: 'O'}","[(0, 1, 2)]","[0, 0]",True,False,STOP
300,sampled,629,"[0, 1, 2]","[0, 2, 2]",H2O2,"{0: 'O', 1: 'O'}","[(0, 1, 1)]","[1, 1]",True,False,STOP
300,sampled,630,"[0, 1, 2]","[0, 0, 1]",O,{0: 'O'},[],[0],True,False,STOP
300,sampled,631,"[0, 1, 2]","[0, 0, 2]",O2,"{0: 'O', 1: 'O'}","[(0, 1, 2)]","[0, 0]",True,False,STOP
300,sampled,632,"[0, 1, 2]","[0, 0, 1]",O,{0: 'O'},[],[0],True,False,STOP
300,sampled,633,"[0, 1, 2]","[0, 1, 2]",HO2,"{0: 'O', 1: 'O'}","[(0, 1, 1)]","[1, 0]",True,True,STOP
300,sampled,634,"[0, 1, 2]","[0, 0, 1]",O,{0: 'O'},[],[0],True,False,STOP
300,sampled,635,"[0, 1, 2]","[1, 0, 2]",CO2,"{0: 'C', 1: 'O', 2: 'O'}","[(0, 1, 2), (0, 2, 2)]","[0, 0, 0]",True,False,STOP
300,sampled,636,"[0, 1, 2]","[0, 1, 2]",HO2,"{0: 'O', 1: 'O'}","[(0, 1, 1)]","[0, 1]",True,True,STOP
300,sampled,637,"[0, 1, 2]","[0, 1, 2]",HO2,"{0: 'O', 1: 'O'}","[(0, 1, 1)]","[1, 0]",True,True,STOP
300,sampled,638,"[0, 1, 2]","[1, 0, 2]",CO2,"{0: 'C', 1: 'O', 2: 'O'}","[(0, 1, 2), (0, 2, 2)]","[0, 0, 0]",True,False,STOP
300,sampled,639,"[0, 1, 2]","[0, 1, 2]",HO2,"{0: 'O', 1: 'O'}","[(0, 1, 1)]","[1, 0]",True,True,STOP
300,sampled,640,"[0, 1, 2]","[0, 1, 1]",OH,{0: 'O'},[],[1],True,False,STOP
300,sampled,641,"[0, 1, 2]","[0, 1, 2]",HO2,"{0: 'O', 1: 'O'}","[(0, 1, 1)]","[0, 1]",True,True,STOP
300,sampled,642,"[0, 1, 2]","[0, 0, 2]",O2,"{0: 'O', 1: 'O'}","[(0, 1, 2)]","[0, 0]",True,False,STOP
300,sampled,643,"[0, 1, 2]","[0, 0, 2]",O2,"{0: 'O', 1: 'O'}","[(0, 1, 2)]","[0, 0]",True,False,STOP
300,sampled,644,"[0, 1, 2]","[0, 2, 2]",H2O2,"{0: 'O', 1: 'O'}","[(0, 1, 1)]","[1, 1]",True,False,STOP
300,sampled,645,"[0, 1, 2]","[0, 2, 2]",H2O2,"{0: 'O', 1: 'O'}","[(0, 1, 1)]","[1, 1]",True,False,STOP
300,sampled,646,"[0, 1, 2]","[0, 1, 2]",HO2,"{0: 'O', 1: 'O'}","[(0, 1, 1)]","[1, 0]",True,True,STOP
300,sampled,647,"[0, 1, 2]","[0, 2, 2]",H2O2,"{0: 'O', 1: 'O'}","[(0, 1, 1)]","[1, 1]",True,False,STOP
300,sampled,648,"[0, 1, 2]","[0, 0, 2]",O2,"{0: 'O', 1: 'O'}","[(0, 1, 2)]","[0, 0]",True,False,STOP
300,sampled,649,"[0, 1, 2]","[0, 0, 2]",O2,"{0: 'O', 1: 'O'}","[(0, 1, 2)]","[0, 0]",True,False,STOP
300,sampled,650,"[0, 1, 2]","[1, 0, 2]",CO2,"{0: 'O', 1: 'C', 2: 'O'}","[(0, 1, 2), (1, 2, 2)]","[0, 0, 0]",True,False,STOP
300,sampled,651,"[0, 1, 2]","[0, 0, 2]",O2,"{0: 'O', 1: 'O'}","[(0, 1, 2)]","[0, 0]",True,False,STOP
300,sampled,652,"[0, 1, 2]","[0, 1, 1]",OH,{0: 'O'},[],[1],True,False,STOP
300,sampled,653,"[0, 1, 2]","[0, 2, 1]",H2O,{0: 'O'},[],[2],True,False,STOP
300,sampled,654,"[0, 1, 2]","[0, 1, 2]",HO2,"{0: 'O', 1: 'O'}","[(0, 1, 1)]","[0, 1]",True,True,STOP
300,sampled,655,"[0, 1, 2]","[1, 3, 2]",CH3O2,"{0: 'O', 1: 'O', 2: 'C'}","[(0, 1, 1), (1, 2, 1)]","[0, 0, 3]",True,False,STOP
300,sampled,656,"[0, 1, 2]","[0, 0, 2]",O2,"{0: 'O', 1: 'O'}","[(0, 1, 2)]","[0, 0]",True,False,STOP
300,sampled,657,"[0, 1, 2]","[0, 1, 2]",HO2,"{0: 'O', 1: 'O'}","[(0, 1, 1)]","[0, 1]",True,True,STOP
300,sampled,658,"[0, 1, 2]","[1, 0, 0]",C,{0: 'C'},[],[0],True,False,STOP
300,sampled,659,"[0, 1, 2]","[0, 1, 2]",HO2,"{0: 'O', 1: 'O'}","[(0, 1, 1)]","[1, 0]",True,True,STOP
300,sampled,660,"[0, 1, 2]","[1, 1, 1]",HCO,"{0: 'O', 1: 'C'}","[(0, 1, 2)]","[0, 1]",True,False,STOP
300,sampled,661,"[0, 1, 2]","[0, 1, 2]",HO2,"{0: 'O', 1: 'O'}","[(0, 1, 1)]","[0, 1]",True,True,STOP
300,sampled,662,"[0, 1, 2]","[0, 1, 2]",HO2,"{0: 'O', 1: 'O'}","[(0, 1, 1)]","[0, 1]",True,True,STOP
300,sampled,663,"[0, 1, 2]","[0, 1, 2]",HO2,"{0: 'O', 1: 'O'}","[(0, 1, 1)]","[1, 0]",True,True,STOP
300,sampled,664,"[0, 1, 2]","[0, 2, 2]",H2O2,"{0: 'O', 1: 'O'}","[(0, 1, 1)]","[1, 1]",True,False,STOP
300,sampled,665,"[0, 1, 2]","[0, 1, 2]",HO2,"{0: 'O', 1: 'O'}","[(0, 1, 1)]","[0, 1]",True,True,STOP
300,sampled,666,"[0, 1, 2]","[0, 0, 2]",O2,"{0: 'O', 1: 'O'}","[(0, 1, 2)]","[0, 0]",True,False,STOP
300,sampled,667,"[0, 1, 2]","[0, 0, 2]",O2,"{0: 'O', 1: 'O'}","[(0, 1, 2)]","[0, 0]",True,False,STOP
300,sampled,668,"[0, 1, 2]","[0, 1, 2]",HO2,"{0: 'O', 1: 'O'}","[(0, 1, 1)]","[0, 1]",True,True,STOP
300,sampled,669,"[0, 1, 2]","[0, 2, 2]",H2O2,"{0: 'O', 1: 'O'}","[(0, 1, 1)]","[1, 1]",True,False,STOP
300,sampled,670,"[0, 1, 2]","[0, 1, 2]",HO2,"{0: 'O', 1: 'O'}","[(0, 1, 1)]","[0, 1]",True,True,STOP
300,sampled,671,"[0, 1, 2]","[0, 0, 1]",O,{0: 'O'},[],[0],True,False,STOP
300,sampled,672,"[0, 1, 2]","[0, 1, 1]",OH,{0: 'O'},[],[1],True,False,STOP
300,sampled,673,"[0, 1, 2]","[0, 1, 2]",HO2,"{0: 'O', 1: 'O'}","[(0, 1, 1)]","[0, 1]",True,True,STOP
300,sampled,674,"[0, 1, 2]","[0, 2, 2]",H2O2,"{0: 'O', 1: 'O'}","[(0, 1, 1)]","[1, 1]",True,False,STOP
300,sampled,675,"[0, 1, 2]","[0, 1, 2]",HO2,"{0: 'O', 1: 'O'}","[(0, 1, 1)]","[1, 0]",True,True,STOP
300,sampled,676,"[0, 1, 2]","[0, 2, 2]",H2O2,"{0: 'O', 1: 'O'}","[(0, 1, 1)]","[1, 1]",True,False,STOP
300,sampled,677,"[0, 1, 2]","[0, 0, 1]",O,{0: 'O'},[],[0],True,False,STOP
300,sampled,678,"[0, 1, 2]","[0, 1, 2]",HO2,"{0: 'O', 1: 'O'}","[(0, 1, 1)]","[1, 0]",True,True,STOP
300,sampled,679,"[0, 1, 2]","[0, 1, 2]",HO2,"{0: 'O', 1: 'O'}","[(0, 1, 1)]","[1, 0]",True,True,STOP
300,sampled,680,"[0, 1, 2]","[0, 2, 2]",H2O2,"{0: 'O', 1: 'O'}","[(0, 1, 1)]","[1, 1]",True,False,STOP
300,sampled,681,"[0, 1, 2]","[0, 2, 2]",H2O2,"{0: 'O', 1: 'O'}","[(0, 1, 1)]","[1, 1]",True,False,STOP
300,sampled,682,"[0, 1, 2]","[0, 1, 2]",HO2,"{0: 'O', 1: 'O'}","[(0, 1, 1)]","[1, 0]",True,True,STOP
300,sampled,683,"[0, 1, 2]","[0, 2, 2]",H2O2,"{0: 'O', 1: 'O'}","[(0, 1, 1)]","[1, 1]",True,False,STOP
300,sampled,684,"[0, 1, 2]","[0, 1, 2]",HO2,"{0: 'O', 1: 'O'}","[(0, 1, 1)]","[1, 0]",True,True,STOP
300,sampled,685,"[0, 1, 2]","[0, 1, 2]",HO2,"{0: 'O', 1: 'O'}","[(0, 1, 1)]","[1, 0]",True,True,STOP
300,sampled,686,"[0, 1, 2]","[0, 2, 2]",H2O2,"{0: 'O', 1: 'O'}","[(0, 1, 1)]","[1, 1]",True,False,STOP
300,sampled,687,"[0, 1, 2]","[0, 0, 2]",O2,"{0: 'O', 1: 'O'}","[(0, 1, 2)]","[0, 0]",True,False,STOP
300,sampled,688,"[0, 1, 2]","[0, 1, 2]",HO2,"{0: 'O', 1: 'O'}","[(0, 1, 1)]","[1, 0]",True,True,STOP
300,sampled,689,"[0, 1, 2]","[0, 0, 2]",O2,"{0: 'O', 1: 'O'}","[(0, 1, 2)]","[0, 0]",True,False,STOP
300,sampled,690,"[0, 1, 2]","[0, 1, 2]",HO2,"{0: 'O', 1: 'O'}","[(0, 1, 1)]","[0, 1]",True,True,STOP
300,sampled,691,"[0, 1, 2]","[0, 1, 2]",HO2,"{0: 'O', 1: 'O'}","[(0, 1, 1)]","[1, 0]",True,True,STOP
300,sampled,692,"[0, 1, 2]","[0, 1, 2]",HO2,"{0: 'O', 1: 'O'}","[(0, 1, 1)]","[0, 1]",True,True,STOP
300,sampled,693,"[0, 1, 2]","[0, 0, 2]",O2,"{0: 'O', 1: 'O'}","[(0, 1, 2)]","[0, 0]",True,False,STOP
300,sampled,694,"[0, 1, 2]","[0, 1, 2]",HO2,"{0: 'O', 1: 'O'}","[(0, 1, 1)]","[1, 0]",True,True,STOP
300,sampled,695,"[0, 1, 2]","[0, 1, 2]",HO2,"{0: 'O', 1: 'O'}","[(0, 1, 1)]","[1, 0]",True,True,STOP
300,sampled,696,"[0, 1, 2]","[0, 0, 2]",O2,"{0: 'O', 1: 'O'}","[(0, 1, 2)]","[0, 0]",True,False,STOP
300,sampled,697,"[0, 1, 2]","[0, 0, 1]",O,{0: 'O'},[],[0],True,False,STOP
300,sampled,698,"[0, 1, 2]","[0, 1, 2]",HO2,"{0: 'O', 1: 'O'}","[(0, 1, 1)]","[0, 1]",True,True,STOP
300,sampled,699,"[0, 1, 2]","[0, 0, 2]",O2,"{0: 'O', 1: 'O'}","[(0, 1, 2)]","[0, 0]",True,False,STOP
300,sampled,700,"[0, 1, 2]","[0, 1, 2]",HO2,"{0: 'O', 1: 'O'}","[(0, 1, 1)]","[1, 0]",True,True,STOP
300,sampled,701,"[0, 2, 2]","[0, 2, 2]",H2O2,"{0: 'O', 1: 'O'}","[(0, 1, 1)]","[1, 1]",True,True,STOP
300,sampled,702,"[0, 2, 2]","[0, 2, 2]",H2O2,"{0: 'O', 1: 'O'}","[(0, 1, 1)]","[1, 1]",True,True,STOP
300,sampled,703,"[0, 2, 2]","[0, 2, 2]",H2O2,"{0: 'O', 1: 'O'}","[(0, 1, 1)]","[1, 1]",True,True,STOP
300,sampled,704,"[0, 2, 2]","[0, 2, 2]",H2O2,"{0: 'O', 1: 'O'}","[(0, 1, 1)]","[1, 1]",True,True,STOP
300,sampled,705,"[0, 2, 2]","[0, 2, 2]",H2O2,"{0: 'O', 1: 'O'}","[(0, 1, 1)]","[1, 1]",True,True,STOP
300,sampled,706,"[0, 2, 2]","[0, 2, 2]",H2O2,"{0: 'O', 1: 'O'}","[(0, 1, 1)]","[1, 1]",True,True,STOP
300,sampled,707,"[0, 2, 2]","[0, 2, 2]",H2O2,"{0: 'O', 1: 'O'}","[(0, 1, 1)]","[1, 1]",True,True,STOP
300,sampled,708,"[0, 2, 2]","[0, 2, 2]",H2O2,"{0: 'O', 1: 'O'}","[(0, 1, 1)]","[1, 1]",True,True,STOP
300,sampled,709,"[0, 2, 2]","[0, 1, 2]",HO2,"{0: 'O', 1: 'O'}","[(0, 1, 1)]","[1, 0]",True,False,STOP
300,sampled,710,"[0, 2, 2]","[0, 2, 2]",H2O2,"{0: 'O', 1: 'O'}","[(0, 1, 1)]","[1, 1]",True,True,STOP
300,sampled,711,"[0, 2, 2]","[0, 2, 2]",H2O2,"{0: 'O', 1: 'O'}","[(0, 1, 1)]","[1, 1]",True,True,STOP
300,sampled,712,"[0, 2, 2]","[0, 2, 2]",H2O2,"{0: 'O', 1: 'O'}","[(0, 1, 1)]","[1, 1]",True,True,STOP
300,sampled,713,"[0, 2, 2]","[0, 2, 2]",H2O2,"{0: 'O', 1: 'O'}","[(0, 1, 1)]","[1, 1]",True,True,STOP
300,sampled,714,"[0, 2, 2]","[0, 2, 2]",H2O2,"{0: 'O', 1: 'O'}","[(0, 1, 1)]","[1, 1]",True,True,STOP
300,sampled,715,"[0, 2, 2]","[1, 3, 2]",CH3O2,"{0: 'O', 1: 'C', 2: 'O'}","[(0, 1, 1), (0, 2, 1)]","[0, 3, 0]",True,False,STOP
300,sampled,716,"[0, 2, 2]","[0, 2, 2]",H2O2,"{0: 'O', 1: 'O'}","[(0, 1, 1)]","[1, 1]",True,True,STOP
300,sampled,717,"[0, 2, 2]","[0, 2, 2]",H2O2,"{0: 'O', 1: 'O'}","[(0, 1, 1)]","[1, 1]",True,True,STOP
300,sampled,718,"[0, 2, 2]","[0, 2, 1]",H2O,{0: 'O'},[],[2],True,False,STOP
300,sampled,719,"[0, 2, 2]","[0, 2, 2]",H2O2,"{0: 'O', 1: 'O'}","[(0, 1, 1)]","[1, 1]",True,True,STOP
300,sampled,720,"[0, 2, 2]","[0, 2, 2]",H2O2,"{0: 'O', 1: 'O'}","[(0, 1, 1)]","[1, 1]",True,True,STOP
300,sampled,721,"[0, 2, 2]","[0, 2, 2]",H2O2,"{0: 'O', 1: 'O'}","[(0, 1, 1)]","[1, 1]",True,True,STOP
300,sampled,722,"[0, 2, 2]","[1, 0, 2]",CO2,"{0: 'C', 1: 'O', 2: 'O'}","[(0, 1, 2), (0, 2, 2)]","[0, 0, 0]",True,False,STOP
300,sampled,723,"[0, 2, 2]","[0, 2, 2]",H2O2,"{0: 'O', 1: 'O'}","[(0, 1, 1)]","[1, 1]",True,True,STOP
300,sampled,724,"[0, 2, 2]","[0, 2, 2]",H2O2,"{0: 'O', 1: 'O'}","[(0, 1, 1)]","[1, 1]",True,True,STOP
300,sampled,725,"[0, 2, 2]","[0, 2, 1]",H2O,{0: 'O'},[],[2],True,False,STOP
300,sampled,726,"[0, 2, 2]","[0, 2, 2]",H2O2,"{0: 'O', 1: 'O'}","[(0, 1, 1)]","[1, 1]",True,True,STOP
300,sampled,727,"[0, 2, 2]","[0, 2, 2]",H2O2,"{0: 'O', 1: 'O'}","[(0, 1, 1)]","[1, 1]",True,True,STOP
300,sampled,728,"[0, 2, 2]","[0, 2, 2]",H2O2,"{0: 'O', 1: 'O'}","[(0, 1, 1)]","[1, 1]",True,True,STOP
300,sampled,729,"[0, 2, 2]","[0, 2, 2]",H2O2,"{0: 'O', 1: 'O'}","[(0, 1, 1)]","[1, 1]",True,True,STOP
300,sampled,730,"[0, 2, 2]","[0, 2, 2]",H2O2,"{0: 'O', 1: 'O'}","[(0, 1, 1)]","[1, 1]",True,True,STOP
300,sampled,731,"[0, 2, 2]","[0, 1, 0]",H,{0: 'H'},[],[],True,False,STOP
300,sampled,732,"[0, 2, 2]","[0, 2, 2]",H2O2,"{0: 'O', 1: 'O'}","[(0, 1, 1)]","[1, 1]",True,True,STOP
300,sampled,733,"[0, 2, 2]","[1, 0, 2]",CO2,"{0: 'C', 1: 'O', 2: 'O'}","[(0, 1, 2), (0, 2, 2)]","[0, 0, 0]",True,False,STOP
300,sampled,734,"[0, 2, 2]","[0, 2, 2]",H2O2,"{0: 'O', 1: 'O'}","[(0, 1, 1)]","[1, 1]",True,True,STOP
300,sampled,735,"[0, 2, 2]","[0, 2, 2]",H2O2,"{0: 'O', 1: 'O'}","[(0, 1, 1)]","[1, 1]",True,True,STOP
300,sampled,736,"[0, 2, 2]","[0, 1, 2]",HO2,"{0: 'O', 1: 'O'}","[(0, 1, 1)]","[1, 0]",True,False,STOP
300,sampled,737,"[0, 2, 2]","[0, 2, 2]",H2O2,"{0: 'O', 1: 'O'}","[(0, 1, 1)]","[1, 1]",True,True,STOP
300,sampled,738,"[0, 2, 2]","[0, 2, 2]",H2O2,"{0: 'O', 1: 'O'}","[(0, 1, 1)]","[1, 1]",True,True,STOP
300,sampled,739,"[0, 2, 2]","[0, 2, 2]",H2O2,"{0: 'O', 1: 'O'}","[(0, 1, 1)]","[1, 1]",True,True,STOP
300,sampled,740,"[0, 2, 2]","[0, 2, 2]",H2O2,"{0: 'O', 1: 'O'}","[(0, 1, 1)]","[1, 1]",True,True,STOP
300,sampled,741,"[0, 2, 2]","[0, 2, 2]",H2O2,"{0: 'O', 1: 'O'}","[(0, 1, 1)]","[1, 1]",True,True,STOP
300,sampled,742,"[0, 2, 2]","[0, 2, 2]",H2O2,"{0: 'O', 1: 'O'}","[(0, 1, 1)]","[1, 1]",True,True,STOP
300,sampled,743,"[0, 2, 2]","[0, 2, 2]",H2O2,"{0: 'O', 1: 'O'}","[(0, 1, 1)]","[1, 1]",True,True,STOP
300,sampled,744,"[0, 2, 2]","[0, 1, 1]",OH,{0: 'O'},[],[1],True,False,STOP
300,sampled,745,"[0, 2, 2]","[0, 2, 2]",H2O2,"{0: 'O', 1: 'O'}","[(0, 1, 1)]","[1, 1]",True,True,STOP
300,sampled,746,"[0, 2, 2]","[0, 2, 2]",H2O2,"{0: 'O', 1: 'O'}","[(0, 1, 1)]","[1, 1]",True,True,STOP
300,sampled,747,"[0, 2, 2]","[0, 1, 2]",HO2,"{0: 'O', 1: 'O'}","[(0, 1, 1)]","[1, 0]",True,False,STOP
300,sampled,748,"[0, 2, 2]","[0, 2, 2]",H2O2,"{0: 'O', 1: 'O'}","[(0, 1, 1)]","[1, 1]",True,True,STOP
300,sampled,749,"[0, 2, 2]","[0, 2, 2]",H2O2,"{0: 'O', 1: 'O'}","[(0, 1, 1)]","[1, 1]",True,True,STOP
300,sampled,750,"[0, 2, 2]","[0, 2, 2]",H2O2,"{0: 'O', 1: 'O'}","[(0, 1, 1)]","[1, 1]",True,True,STOP
300,sampled,751,"[0, 2, 2]","[0, 2, 2]",H2O2,"{0: 'O', 1: 'O'}","[(0, 1, 1)]","[1, 1]",True,True,STOP
300,sampled,752,"[0, 2, 2]","[0, 2, 1]",H2O,{0: 'O'},[],[2],True,False,STOP
300,sampled,753,"[0, 2, 2]","[0, 2, 2]",H2O2,"{0: 'O', 1: 'O'}","[(0, 1, 1)]","[1, 1]",True,True,STOP
300,sampled,754,"[0, 2, 2]","[0, 2, 2]",H2O2,"{0: 'O', 1: 'O'}","[(0, 1, 1)]","[1, 1]",True,True,STOP
300,sampled,755,"[0, 2, 2]","[0, 1, 1]",OH,{0: 'O'},[],[1],True,False,STOP
300,sampled,756,"[0, 2, 2]","[0, 2, 2]",H2O2,"{0: 'O', 1: 'O'}","[(0, 1, 1)]","[1, 1]",True,True,STOP
300,sampled,757,"[0, 2, 2]","[0, 2, 2]",H2O2,"{0: 'O', 1: 'O'}","[(0, 1, 1)]","[1, 1]",True,True,STOP
300,sampled,758,"[0, 2, 2]","[0, 2, 2]",H2O2,"{0: 'O', 1: 'O'}","[(0, 1, 1)]","[1, 1]",True,True,STOP
300,sampled,759,"[0, 2, 2]","[0, 2, 2]",H2O2,"{0: 'O', 1: 'O'}","[(0, 1, 1)]","[1, 1]",True,True,STOP
300,sampled,760,"[0, 2, 2]","[0, 2, 2]",H2O2,"{0: 'O', 1: 'O'}","[(0, 1, 1)]","[1, 1]",True,True,STOP
300,sampled,761,"[0, 2, 2]","[0, 2, 2]",H2O2,"{0: 'O', 1: 'O'}","[(0, 1, 1)]","[1, 1]",True,True,STOP
300,sampled,762,"[0, 2, 2]","[0, 2, 2]",H2O2,"{0: 'O', 1: 'O'}","[(0, 1, 1)]","[1, 1]",True,True,STOP
300,sampled,763,"[0, 2, 2]","[0, 2, 2]",H2O2,"{0: 'O', 1: 'O'}","[(0, 1, 1)]","[1, 1]",True,True,STOP
300,sampled,764,"[0, 2, 2]","[0, 2, 2]",H2O2,"{0: 'O', 1: 'O'}","[(0, 1, 1)]","[1, 1]",True,True,STOP
300,sampled,765,"[0, 2, 2]","[0, 2, 2]",H2O2,"{0: 'O', 1: 'O'}","[(0, 1, 1)]","[1, 1]",True,True,STOP
300,sampled,766,"[0, 2, 2]","[0, 2, 2]",H2O2,"{0: 'O', 1: 'O'}","[(0, 1, 1)]","[1, 1]",True,True,STOP
300,sampled,767,"[0, 2, 2]","[0, 2, 2]",H2O2,"{0: 'O', 1: 'O'}","[(0, 1, 1)]","[1, 1]",True,True,STOP
300,sampled,768,"[0, 2, 2]","[0, 2, 2]",H2O2,"{0: 'O', 1: 'O'}","[(0, 1, 1)]","[1, 1]",True,True,STOP
300,sampled,769,"[0, 2, 2]","[0, 2, 2]",H2O2,"{0: 'O', 1: 'O'}","[(0, 1, 1)]","[1, 1]",True,True,STOP
300,sampled,770,"[0, 2, 2]","[0, 2, 2]",H2O2,"{0: 'O', 1: 'O'}","[(0, 1, 1)]","[1, 1]",True,True,STOP
300,sampled,771,"[0, 2, 2]","[0, 0, 2]",O2,"{0: 'O', 1: 'O'}","[(0, 1, 2)]","[0, 0]",True,False,STOP
300,sampled,772,"[0, 2, 2]","[0, 0, 2]",O2,"{0: 'O', 1: 'O'}","[(0, 1, 2)]","[0, 0]",True,False,STOP
300,sampled,773,"[0, 2, 2]","[0, 2, 2]",H2O2,"{0: 'O', 1: 'O'}","[(0, 1, 1)]","[1, 1]",True,True,STOP
300,sampled,774,"[0, 2, 2]","[0, 2, 2]",H2O2,"{0: 'O', 1: 'O'}","[(0, 1, 1)]","[1, 1]",True,True,STOP
300,sampled,775,"[0, 2, 2]","[0, 2, 2]",H2O2,"{0: 'O', 1: 'O'}","[(0, 1, 1)]","[1, 1]",True,True,STOP
300,sampled,776,"[0, 2, 2]","[1, 3, 2]",CH3O2,"{0: 'O', 1: 'O', 2: 'C'}","[(0, 1, 1), (0, 2, 1)]","[0, 0, 3]",True,False,STOP
300,sampled,777,"[0, 2, 2]","[0, 2, 1]",H2O,{0: 'O'},[],[2],True,False,STOP
300,sampled,778,"[0, 2, 2]","[0, 2, 2]",H2O2,"{0: 'O', 1: 'O'}","[(0, 1, 1)]","[1, 1]",True,True,STOP
300,sampled,779,"[0, 2, 2]","[0, 2, 2]",H2O2,"{0: 'O', 1: 'O'}","[(0, 1, 1)]","[1, 1]",True,True,STOP
300,sampled,780,"[0, 2, 2]","[0, 2, 1]",H2O,{0: 'O'},[],[2],True,False,STOP
300,sampled,781,"[0, 2, 2]","[0, 2, 2]",H2O2,"{0: 'O', 1: 'O'}","[(0, 1, 1)]","[1, 1]",True,True,STOP
300,sampled,782,"[0, 2, 2]","[0, 1, 2]",HO2,"{0: 'O', 1: 'O'}","[(0, 1, 1)]","[1, 0]",True,False,STOP
300,sampled,783,"[0, 2, 2]","[0, 2, 2]",H2O2,"{0: 'O', 1: 'O'}","[(0, 1, 1)]","[1, 1]",True,True,STOP
300,sampled,784,"[0, 2, 2]","[0, 2, 2]",H2O2,"{0: 'O', 1: 'O'}","[(0, 1, 1)]","[1, 1]",True,True,STOP
300,sampled,785,"[0, 2, 2]","[0, 2, 2]",H2O2,"{0: 'O', 1: 'O'}","[(0, 1, 1)]","[1, 1]",True,True,STOP
300,sampled,786,"[0, 2, 2]","[0, 2, 2]",H2O2,"{0: 'O', 1: 'O'}","[(0, 1, 1)]","[1, 1]",True,True,STOP
300,sampled,787,"[0, 2, 2]","[0, 2, 2]",H2O2,"{0: 'O', 1: 'O'}","[(0, 1, 1)]","[1, 1]",True,True,STOP
300,sampled,788,"[0, 2, 2]","[0, 2, 2]",H2O2,"{0: 'O', 1: 'O'}","[(0, 1, 1)]","[1, 1]",True,True,STOP
300,sampled,789,"[0, 2, 2]","[1, 1, 1]",HCO,"{0: 'C', 1: 'O'}","[(0, 1, 2)]","[1, 0]",True,False,STOP
300,sampled,790,"[0, 2, 2]","[0, 1, 1]",OH,{0: 'O'},[],[1],True,False,STOP
300,sampled,791,"[0, 2, 2]","[0, 2, 2]",H2O2,"{0: 'O', 1: 'O'}","[(0, 1, 1)]","[1, 1]",True,True,STOP
300,sampled,792,"[0, 2, 2]","[1, 2, 2]",Unknown,"{0: 'O', 1: 'C', 2: 'O'}","[(0, 1, 1), (1, 2, 2)]","[1, 1, 0]",False,False,STOP
300,sampled,793,"[0, 2, 2]","[0, 2, 2]",H2O2,"{0: 'O', 1: 'O'}","[(0, 1, 1)]","[1, 1]",True,True,STOP
300,sampled,794,"[0, 2, 2]","[0, 2, 2]",H2O2,"{0: 'O', 1: 'O'}","[(0, 1, 1)]","[1, 1]",True,True,STOP
300,sampled,795,"[0, 2, 2]","[0, 2, 2]",H2O2,"{0: 'O', 1: 'O'}","[(0, 1, 1)]","[1, 1]",True,True,STOP
300,sampled,796,"[0, 2, 2]","[0, 2, 1]",H2O,{0: 'O'},[],[2],True,False,STOP
300,sampled,797,"[0, 2, 2]","[0, 2, 2]",H2O2,"{0: 'O', 1: 'O'}","[(0, 1, 1)]","[1, 1]",True,True,STOP
300,sampled,798,"[0, 2, 2]","[0, 2, 2]",H2O2,"{0: 'O', 1: 'O'}","[(0, 1, 1)]","[1, 1]",True,True,STOP
300,sampled,799,"[0, 2, 2]","[0, 2, 1]",H2O,{0: 'O'},[],[2],True,False,STOP
300,sampled,800,"[0, 2, 2]","[0, 0, 2]",O2,"{0: 'O', 1: 'O'}","[(0, 1, 2)]","[0, 0]",True,False,STOP
300,sampled,801,"[1, 0, 2]","[1, 0, 2]",CO2,"{0: 'O', 1: 'C', 2: 'O'}","[(0, 1, 2), (1, 2, 2)]","[0, 0, 0]",True,True,STOP
300,sampled,802,"[1, 0, 2]","[1, 0, 2]",CO2,"{0: 'O', 1: 'C', 2: 'O'}","[(0, 1, 2), (1, 2, 2)]","[0, 0, 0]",True,True,STOP
300,sampled,803,"[1, 0, 2]","[1, 0, 2]",CO2,"{0: 'C', 1: 'O', 2: 'O'}","[(0, 1, 2), (0, 2, 2)]","[0, 0, 0]",True,True,STOP
300,sampled,804,"[1, 0, 2]","[0, 1, 1]",OH,{0: 'O'},[],[1],True,False,STOP
300,sampled,805,"[1, 0, 2]","[1, 0, 2]",CO2,"{0: 'C', 1: 'O', 2: 'O'}","[(0, 1, 2), (0, 2, 2)]","[0, 0, 0]",True,True,STOP
300,sampled,806,"[1, 0, 2]","[1, 0, 2]",CO2,"{0: 'O', 1: 'C', 2: 'O'}","[(0, 1, 2), (1, 2, 2)]","[0, 0, 0]",True,True,STOP
300,sampled,807,"[1, 0, 2]","[0, 1, 1]",OH,{0: 'O'},[],[1],True,False,STOP
300,sampled,808,"[1, 0, 2]","[1, 0, 2]",CO2,"{0: 'C', 1: 'O', 2: 'O'}","[(0, 1, 2), (0, 2, 2)]","[0, 0, 0]",True,True,STOP
300,sampled,809,"[1, 0, 2]","[1, 0, 2]",CO2,"{0: 'O', 1: 'C', 2: 'O'}","[(0, 1, 2), (1, 2, 2)]","[0, 0, 0]",True,True,STOP
300,sampled,810,"[1, 0, 2]","[1, 0, 2]",CO2,"{0: 'O', 1: 'C', 2: 'O'}","[(0, 1, 2), (1, 2, 2)]","[0, 0, 0]",True,True,STOP
300,sampled,811,"[1, 0, 2]","[1, 0, 2]",CO2,"{0: 'C', 1: 'O', 2: 'O'}","[(0, 1, 2), (0, 2, 2)]","[0, 0, 0]",True,True,STOP
300,sampled,812,"[1, 0, 2]","[1, 0, 2]",CO2,"{0: 'O', 1: 'C', 2: 'O'}","[(0, 1, 2), (1, 2, 2)]","[0, 0, 0]",True,True,STOP
300,sampled,813,"[1, 0, 2]","[1, 0, 2]",CO2,"{0: 'O', 1: 'C', 2: 'O'}","[(0, 1, 2), (1, 2, 2)]","[0, 0, 0]",True,True,STOP
300,sampled,814,"[1, 0, 2]","[1, 0, 2]",CO2,"{0: 'C', 1: 'O', 2: 'O'}","[(0, 1, 2), (0, 2, 2)]","[0, 0, 0]",True,True,STOP
300,sampled,815,"[1, 0, 2]","[0, 0, 1]",O,{0: 'O'},[],[0],True,False,STOP
300,sampled,816,"[1, 0, 2]","[1, 0, 2]",CO2,"{0: 'O', 1: 'C', 2: 'O'}","[(0, 1, 2), (1, 2, 2)]","[0, 0, 0]",True,True,STOP
300,sampled,817,"[1, 0, 2]","[1, 0, 2]",CO2,"{0: 'C', 1: 'O', 2: 'O'}","[(0, 1, 2), (0, 2, 2)]","[0, 0, 0]",True,True,STOP
300,sampled,818,"[1, 0, 2]","[1, 0, 2]",CO2,"{0: 'O', 1: 'C', 2: 'O'}","[(0, 1, 2), (1, 2, 2)]","[0, 0, 0]",True,True,STOP
300,sampled,819,"[1, 0, 2]","[1, 0, 2]",CO2,"{0: 'O', 1: 'C', 2: 'O'}","[(0, 1, 2), (1, 2, 2)]","[0, 0, 0]",True,True,STOP
300,sampled,820,"[1, 0, 2]","[1, 0, 2]",CO2,"{0: 'O', 1: 'C', 2: 'O'}","[(0, 1, 2), (1, 2, 2)]","[0, 0, 0]",True,True,STOP
300,sampled,821,"[1, 0, 2]","[1, 0, 2]",CO2,"{0: 'O', 1: 'C', 2: 'O'}","[(0, 1, 2), (1, 2, 2)]","[0, 0, 0]",True,True,STOP
300,sampled,822,"[1, 0, 2]","[1, 0, 2]",CO2,"{0: 'O', 1: 'C', 2: 'O'}","[(0, 1, 2), (1, 2, 2)]","[0, 0, 0]",True,True,STOP
300,sampled,823,"[1, 0, 2]","[0, 0, 2]",O2,"{0: 'O', 1: 'O'}","[(0, 1, 2)]","[0, 0]",True,False,STOP
300,sampled,824,"[1, 0, 2]","[1, 0, 2]",CO2,"{0: 'C', 1: 'O', 2: 'O'}","[(0, 1, 2), (0, 2, 2)]","[0, 0, 0]",True,True,STOP
300,sampled,825,"[1, 0, 2]","[0, 0, 1]",O,{0: 'O'},[],[0],True,False,STOP
300,sampled,826,"[1, 0, 2]","[1, 0, 2]",CO2,"{0: 'O', 1: 'C', 2: 'O'}","[(0, 1, 2), (1, 2, 2)]","[0, 0, 0]",True,True,STOP
300,sampled,827,"[1, 0, 2]","[1, 0, 2]",CO2,"{0: 'O', 1: 'C', 2: 'O'}","[(0, 1, 2), (1, 2, 2)]","[0, 0, 0]",True,True,STOP
300,sampled,828,"[1, 0, 2]","[1, 0, 2]",CO2,"{0: 'O', 1: 'C', 2: 'O'}","[(0, 1, 2), (1, 2, 2)]","[0, 0, 0]",True,True,STOP
300,sampled,829,"[1, 0, 2]","[1, 0, 2]",CO2,"{0: 'O', 1: 'C', 2: 'O'}","[(0, 1, 2), (1, 2, 2)]","[0, 0, 0]",True,True,STOP
300,sampled,830,"[1, 0, 2]","[0, 0, 1]",O,{0: 'O'},[],[0],True,False,STOP
300,sampled,831,"[1, 0, 2]","[1, 0, 2]",CO2,"{0: 'O', 1: 'C', 2: 'O'}","[(0, 1, 2), (1, 2, 2)]","[0, 0, 0]",True,True,STOP
300,sampled,832,"[1, 0, 2]","[0, 0, 1]",O,{0: 'O'},[],[0],True,False,STOP
300,sampled,833,"[1, 0, 2]","[1, 0, 2]",CO2,"{0: 'O', 1: 'C', 2: 'O'}","[(0, 1, 2), (1, 2, 2)]","[0, 0, 0]",True,True,STOP
300,sampled,834,"[1, 0, 2]","[1, 1, 2]",Unknown,"{0: 'O', 1: 'C', 2: 'O'}","[(0, 1, 1), (1, 2, 2)]","[1, 0, 0]",False,False,STOP
300,sampled,835,"[1, 0, 2]","[1, 0, 2]",CO2,"{0: 'O', 1: 'C', 2: 'O'}","[(0, 1, 2), (1, 2, 2)]","[0, 0, 0]",True,True,STOP
300,sampled,836,"[1, 0, 2]","[1, 0, 2]",CO2,"{0: 'O', 1: 'C', 2: 'O'}","[(0, 1, 2), (1, 2, 2)]","[0, 0, 0]",True,True,STOP
300,sampled,837,"[1, 0, 2]","[0, 1, 1]",OH,{0: 'O'},[],[1],True,False,STOP
300,sampled,838,"[1, 0, 2]","[0, 0, 2]",O2,"{0: 'O', 1: 'O'}","[(0, 1, 2)]","[0, 0]",True,False,STOP
300,sampled,839,"[1, 0, 2]","[1, 0, 2]",CO2,"{0: 'C', 1: 'O', 2: 'O'}","[(0, 1, 2), (0, 2, 2)]","[0, 0, 0]",True,True,STOP
300,sampled,840,"[1, 0, 2]","[1, 0, 2]",CO2,"{0: 'O', 1: 'C', 2: 'O'}","[(0, 1, 2), (1, 2, 2)]","[0, 0, 0]",True,True,STOP
300,sampled,841,"[1, 0, 2]","[1, 0, 2]",CO2,"{0: 'O', 1: 'C', 2: 'O'}","[(0, 1, 2), (1, 2, 2)]","[0, 0, 0]",True,True,STOP
300,sampled,842,"[1, 0, 2]","[1, 1, 1]",HCO,"{0: 'O', 1: 'C'}","[(0, 1, 2)]","[0, 1]",True,False,STOP
300,sampled,843,"[1, 0, 2]","[0, 0, 1]",O,{0: 'O'},[],[0],True,False,STOP
300,sampled,844,"[1, 0, 2]","[0, 0, 1]",O,{0: 'O'},[],[0],True,False,STOP
300,sampled,845,"[1, 0, 2]","[0, 0, 1]",O,{0: 'O'},[],[0],True,False,STOP
300,sampled,846,"[1, 0, 2]","[1, 0, 2]",CO2,"{0: 'O', 1: 'C', 2: 'O'}","[(0, 1, 2), (1, 2, 2)]","[0, 0, 0]",True,True,STOP
300,sampled,847,"[1, 0, 2]","[1, 0, 2]",CO2,"{0: 'O', 1: 'C', 2: 'O'}","[(0, 1, 2), (1, 2, 2)]","[0, 0, 0]",True,True,STOP
300,sampled,848,"[1, 0, 2]","[1, 0, 2]",CO2,"{0: 'C', 1: 'O', 2: 'O'}","[(0, 1, 2), (0, 2, 2)]","[0, 0, 0]",True,True,STOP
300,sampled,849,"[1, 0, 2]","[1, 0, 2]",CO2,"{0: 'O', 1: 'C', 2: 'O'}","[(0, 1, 2), (1, 2, 2)]","[0, 0, 0]",True,True,STOP
300,sampled,850,"[1, 0, 2]","[1, 0, 2]",CO2,"{0: 'C', 1: 'O', 2: 'O'}","[(0, 1, 2), (0, 2, 2)]","[0, 0, 0]",True,True,STOP
300,sampled,851,"[1, 0, 2]","[1, 0, 2]",CO2,"{0: 'O', 1: 'C', 2: 'O'}","[(0, 1, 2), (1, 2, 2)]","[0, 0, 0]",True,True,STOP
300,sampled,852,"[1, 0, 2]","[1, 0, 2]",CO2,"{0: 'O', 1: 'C', 2: 'O'}","[(0, 1, 2), (1, 2, 2)]","[0, 0, 0]",True,True,STOP
300,sampled,853,"[1, 0, 2]","[0, 0, 1]",O,{0: 'O'},[],[0],True,False,STOP
300,sampled,854,"[1, 0, 2]","[0, 1, 1]",OH,{0: 'O'},[],[1],True,False,STOP
300,sampled,855,"[1, 0, 2]","[1, 0, 2]",CO2,"{0: 'O', 1: 'C', 2: 'O'}","[(0, 1, 2), (1, 2, 2)]","[0, 0, 0]",True,True,STOP
300,sampled,856,"[1, 0, 2]","[0, 1, 1]",OH,{0: 'O'},[],[1],True,False,STOP
300,sampled,857,"[1, 0, 2]","[1, 0, 2]",CO2,"{0: 'O', 1: 'C', 2: 'O'}","[(0, 1, 2), (1, 2, 2)]","[0, 0, 0]",True,True,STOP
300,sampled,858,"[1, 0, 2]","[1, 0, 2]",CO2,"{0: 'O', 1: 'C', 2: 'O'}","[(0, 1, 2), (1, 2, 2)]","[0, 0, 0]",True,True,STOP
300,sampled,859,"[1, 0, 2]","[1, 0, 2]",CO2,"{0: 'O', 1: 'C', 2: 'O'}","[(0, 1, 2), (1, 2, 2)]","[0, 0, 0]",True,True,STOP
300,sampled,860,"[1, 0, 2]","[1, 0, 2]",CO2,"{0: 'O', 1: 'C', 2: 'O'}","[(0, 1, 2), (1, 2, 2)]","[0, 0, 0]",True,True,STOP
300,sampled,861,"[1, 0, 2]","[1, 1, 1]",HCO,"{0: 'O', 1: 'C'}","[(0, 1, 2)]","[0, 1]",True,False,STOP
300,sampled,862,"[1, 0, 2]","[1, 0, 2]",CO2,"{0: 'C', 1: 'O', 2: 'O'}","[(0, 1, 2), (0, 2, 2)]","[0, 0, 0]",True,True,STOP
300,sampled,863,"[1, 0, 2]","[1, 1, 1]",HCO,"{0: 'O', 1: 'C'}","[(0, 1, 2)]","[0, 1]",True,False,STOP
300,sampled,864,"[1, 0, 2]","[1, 0, 2]",CO2,"{0: 'O', 1: 'C', 2: 'O'}","[(0, 1, 2), (1, 2, 2)]","[0, 0, 0]",True,True,STOP
300,sampled,865,"[1, 0, 2]","[1, 0, 2]",CO2,"{0: 'O', 1: 'C', 2: 'O'}","[(0, 1, 2), (1, 2, 2)]","[0, 0, 0]",True,True,STOP
300,sampled,866,"[1, 0, 2]","[1, 0, 2]",CO2,"{0: 'O', 1: 'C', 2: 'O'}","[(0, 1, 2), (1, 2, 2)]","[0, 0, 0]",True,True,STOP
300,sampled,867,"[1, 0, 2]","[1, 0, 2]",CO2,"{0: 'O', 1: 'C', 2: 'O'}","[(0, 1, 2), (1, 2, 2)]","[0, 0, 0]",True,True,STOP
300,sampled,868,"[1, 0, 2]","[1, 0, 2]",CO2,"{0: 'O', 1: 'C', 2: 'O'}","[(0, 1, 2), (1, 2, 2)]","[0, 0, 0]",True,True,STOP
300,sampled,869,"[1, 0, 2]","[0, 0, 1]",O,{0: 'O'},[],[0],True,False,STOP
300,sampled,870,"[1, 0, 2]","[1, 0, 2]",CO2,"{0: 'O', 1: 'C', 2: 'O'}","[(0, 1, 2), (1, 2, 2)]","[0, 0, 0]",True,True,STOP
300,sampled,871,"[1, 0, 2]","[0, 0, 1]",O,{0: 'O'},[],[0],True,False,STOP
300,sampled,872,"[1, 0, 2]","[1, 0, 2]",CO2,"{0: 'O', 1: 'C', 2: 'O'}","[(0, 1, 2), (1, 2, 2)]","[0, 0, 0]",True,True,STOP
300,sampled,873,"[1, 0, 2]","[1, 0, 2]",CO2,"{0: 'C', 1: 'O', 2: 'O'}","[(0, 1, 2), (0, 2, 2)]","[0, 0, 0]",True,True,STOP
300,sampled,874,"[1, 0, 2]","[1, 0, 2]",CO2,"{0: 'O', 1: 'C', 2: 'O'}","[(0, 1, 2), (1, 2, 2)]","[0, 0, 0]",True,True,STOP
300,sampled,875,"[1, 0, 2]","[1, 0, 2]",CO2,"{0: 'O', 1: 'C', 2: 'O'}","[(0, 1, 2), (1, 2, 2)]","[0, 0, 0]",True,True,STOP
300,sampled,876,"[1, 0, 2]","[1, 0, 2]",CO2,"{0: 'O', 1: 'C', 2: 'O'}","[(0, 1, 2), (1, 2, 2)]","[0, 0, 0]",True,True,STOP
300,sampled,877,"[1, 0, 2]","[1, 0, 2]",CO2,"{0: 'O', 1: 'C', 2: 'O'}","[(0, 1, 2), (1, 2, 2)]","[0, 0, 0]",True,True,STOP
300,sampled,878,"[1, 0, 2]","[1, 0, 2]",CO2,"{0: 'C', 1: 'O', 2: 'O'}","[(0, 1, 2), (0, 2, 2)]","[0, 0, 0]",True,True,STOP
300,sampled,879,"[1, 0, 2]","[1, 0, 2]",CO2,"{0: 'O', 1: 'C', 2: 'O'}","[(0, 1, 2), (1, 2, 2)]","[0, 0, 0]",True,True,STOP
300,sampled,880,"[1, 0, 2]","[1, 0, 2]",CO2,"{0: 'O', 1: 'C', 2: 'O'}","[(0, 1, 2), (1, 2, 2)]","[0, 0, 0]",True,True,STOP
300,sampled,881,"[1, 0, 2]","[0, 0, 1]",O,{0: 'O'},[],[0],True,False,STOP
300,sampled,882,"[1, 0, 2]","[1, 0, 2]",CO2,"{0: 'O', 1: 'C', 2: 'O'}","[(0, 1, 2), (1, 2, 2)]","[0, 0, 0]",True,True,STOP
300,sampled,883,"[1, 0, 2]","[0, 1, 2]",HO2,"{0: 'O', 1: 'O'}","[(0, 1, 1)]","[1, 0]",True,False,STOP
300,sampled,884,"[1, 0, 2]","[1, 0, 2]",CO2,"{0: 'C', 1: 'O', 2: 'O'}","[(0, 1, 2), (0, 2, 2)]","[0, 0, 0]",True,True,STOP
300,sampled,885,"[1, 0, 2]","[1, 1, 3]",Unknown,"{0: 'O', 1: 'O', 2: 'C', 3: 'O'}","[(0, 1, 1), (1, 2, 1), (2, 3, 2)]","[0, 0, 1, 0]",False,False,STOP
300,sampled,886,"[1, 0, 2]","[1, 0, 2]",CO2,"{0: 'O', 1: 'C', 2: 'O'}","[(0, 1, 2), (1, 2, 2)]","[0, 0, 0]",True,True,STOP
300,sampled,887,"[1, 0, 2]","[1, 0, 2]",CO2,"{0: 'O', 1: 'C', 2: 'O'}","[(0, 1, 2), (1, 2, 2)]","[0, 0, 0]",True,True,STOP
300,sampled,888,"[1, 0, 2]","[0, 0, 1]",O,{0: 'O'},[],[0],True,False,STOP
300,sampled,889,"[1, 0, 2]","[1, 0, 2]",CO2,"{0: 'O', 1: 'C', 2: 'O'}","[(0, 1, 2), (1, 2, 2)]","[0, 0, 0]",True,True,STOP
300,sampled,890,"[1, 0, 2]","[1, 0, 2]",CO2,"{0: 'O', 1: 'C', 2: 'O'}","[(0, 1, 2), (1, 2, 2)]","[0, 0, 0]",True,True,STOP
300,sampled,891,"[1, 0, 2]","[1, 0, 2]",CO2,"{0: 'O', 1: 'C', 2: 'O'}","[(0, 1, 2), (1, 2, 2)]","[0, 0, 0]",True,True,STOP
300,sampled,892,"[1, 0, 2]","[1, 0, 2]",CO2,"{0: 'O', 1: 'C', 2: 'O'}","[(0, 1, 2), (1, 2, 2)]","[0, 0, 0]",True,True,STOP
300,sampled,893,"[1, 0, 2]","[1, 0, 2]",CO2,"{0: 'O', 1: 'C', 2: 'O'}","[(0, 1, 2), (1, 2, 2)]","[0, 0, 0]",True,True,STOP
300,sampled,894,"[1, 0, 2]","[1, 0, 2]",CO2,"{0: 'O', 1: 'C', 2: 'O'}","[(0, 1, 2), (1, 2, 2)]","[0, 0, 0]",True,True,STOP
300,sampled,895,"[1, 0, 2]","[1, 0, 2]",CO2,"{0: 'O', 1: 'C', 2: 'O'}","[(0, 1, 2), (1, 2, 2)]","[0, 0, 0]",True,True,STOP
300,sampled,896,"[1, 0, 2]","[1, 0, 2]",CO2,"{0: 'C', 1: 'O', 2: 'O'}","[(0, 1, 2), (0, 2, 2)]","[0, 0, 0]",True,True,STOP
300,sampled,897,"[1, 0, 2]","[1, 0, 2]",CO2,"{0: 'O', 1: 'C', 2: 'O'}","[(0, 1, 2), (1, 2, 2)]","[0, 0, 0]",True,True,STOP
300,sampled,898,"[1, 0, 2]","[1, 0, 2]",CO2,"{0: 'O', 1: 'C', 2: 'O'}","[(0, 1, 2), (1, 2, 2)]","[0, 0, 0]",True,True,STOP
300,sampled,899,"[1, 0, 2]","[1, 0, 2]",CO2,"{0: 'O', 1: 'C', 2: 'O'}","[(0, 1, 2), (1, 2, 2)]","[0, 0, 0]",True,True,STOP
300,sampled,900,"[1, 0, 2]","[1, 1, 3]",Unknown,"{0: 'O', 1: 'C', 2: 'O', 3: 'O'}","[(0, 1, 1), (0, 2, 1), (1, 3, 2)]","[0, 0, 1, 0]",False,False,STOP
300,sampled,901,"[1, 1, 1]","[1, 0, 0]",C,{0: 'C'},[],[0],True,False,STOP
300,sampled,902,"[1, 1, 1]","[1, 1, 1]",HCO,"{0: 'O', 1: 'C'}","[(0, 1, 2)]","[0, 1]",True,True,STOP
300,sampled,903,"[1, 1, 1]","[1, 1, 1]",HCO,"{0: 'C', 1: 'O'}","[(0, 1, 2)]","[1, 0]",True,True,STOP
300,sampled,904,"[1, 1, 1]","[1, 2, 1]",Unknown,"{0: 'C', 1: 'O'}","[(0, 1, 1)]","[2, 0]",False,False,STOP
300,sampled,905,"[1, 1, 1]","[1, 0, 0]",C,{0: 'C'},[],[0],True,False,STOP
300,sampled,906,"[1, 1, 1]","[1, 1, 1]",HCO,"{0: 'C', 1: 'O'}","[(0, 1, 2)]","[1, 0]",True,True,STOP
300,sampled,907,"[1, 1, 1]","[1, 0, 2]",CO2,"{0: 'O', 1: 'C', 2: 'O'}","[(0, 1, 2), (1, 2, 2)]","[0, 0, 0]",True,False,STOP
300,sampled,908,"[1, 1, 1]","[1, 1, 2]",Unknown,"{0: 'C', 1: 'O', 2: 'O'}","[(0, 1, 2), (0, 2, 1)]","[1, 0, 0]",False,False,STOP
300,sampled,909,"[1, 1, 1]","[1, 1, 1]",HCO,"{0: 'C', 1: 'O'}","[(0, 1, 2)]","[1, 0]",True,True,STOP
300,sampled,910,"[1, 1, 1]","[1, 2, 1]",CH2O,"{0: 'C', 1: 'O'}","[(0, 1, 2)]","[2, 0]",True,False,STOP
300,sampled,911,"[1, 1, 1]","[1, 1, 1]",HCO,"{0: 'C', 1: 'O'}","[(0, 1, 2)]","[1, 0]",True,True,STOP
300,sampled,912,"[1, 1, 1]","[1, 0, 0]",C,{0: 'C'},[],[0],True,False,STOP
300,sampled,913,"[1, 1, 1]","[1, 1, 1]",HCO,"{0: 'O', 1: 'C'}","[(0, 1, 2)]","[0, 1]",True,True,STOP
300,sampled,914,"[1, 1, 1]","[1, 0, 0]",C,{0: 'C'},[],[0],True,False,STOP
300,sampled,915,"[1, 1, 1]","[1, 1, 1]",HCO,"{0: 'C', 1: 'O'}","[(0, 1, 2)]","[1, 0]",True,True,STOP
300,sampled,916,"[1, 1, 1]","[1, 0, 0]",C,{0: 'C'},[],[0],True,False,STOP
300,sampled,917,"[1, 1, 1]","[1, 1, 1]",HCO,"{0: 'C', 1: 'O'}","[(0, 1, 2)]","[1, 0]",True,True,STOP
300,sampled,918,"[1, 1, 1]","[1, 0, 1]",Unknown,"{0: 'O', 1: 'C'}","[(0, 1, 1)]","[0, 0]",False,False,STOP
300,sampled,919,"[1, 1, 1]","[1, 1, 1]",HCO,"{0: 'C', 1: 'O'}","[(0, 1, 2)]","[1, 0]",True,True,STOP
300,sampled,920,"[1, 1, 1]","[2, 1, 0]",C2H,"{0: 'C', 1: 'C'}","[(0, 1, 3)]","[0, 1]",True,False,STOP
300,sampled,921,"[1, 1, 1]","[1, 1, 1]",HCO,"{0: 'O', 1: 'C'}","[(0, 1, 2)]","[0, 1]",True,True,STOP
300,sampled,922,"[1, 1, 1]","[1, 1, 2]",Unknown,"{0: 'C', 1: 'O', 2: 'O'}","[(0, 1, 2), (0, 2, 1)]","[0, 0, 1]",False,False,STOP
300,sampled,923,"[1, 1, 1]","[1, 1, 1]",HCO,"{0: 'C', 1: 'O'}","[(0, 1, 2)]","[1, 0]",True,True,STOP
300,sampled,924,"[1, 1, 1]","[1, 3, 1]",CH3O,"{0: 'C', 1: 'O'}","[(0, 1, 1)]","[3, 0]",True,False,STOP
300,sampled,925,"[1, 1, 1]","[1, 1, 0]",CH,{0: 'C'},[],[1],True,False,STOP
300,sampled,926,"[1, 1, 1]","[1, 3, 1]",CH2OH,"{0: 'O', 1: 'C'}","[(0, 1, 1)]","[1, 2]",True,False,STOP
300,sampled,927,"[1, 1, 1]","[1, 1, 1]",HCO,"{0: 'C', 1: 'O'}","[(0, 1, 2)]","[1, 0]",True,True,STOP
300,sampled,928,"[1, 1, 1]","[1, 1, 1]",HCO,"{0: 'C', 1: 'O'}","[(0, 1, 2)]","[1, 0]",True,True,STOP
300,sampled,929,"[1, 1, 1]","[1, 1, 1]",HCO,"{0: 'C', 1: 'O'}","[(0, 1, 2)]","[1, 0]",True,True,STOP
300,sampled,930,"[1, 1, 1]","[1, 1, 1]",HCO,"{0: 'O', 1: 'C'}","[(0, 1, 2)]","[0, 1]",True,True,STOP
300,sampled,931,"[1, 1, 1]","[1, 3, 1]",CH2OH,"{0: 'O', 1: 'C'}","[(0, 1, 1)]","[1, 2]",True,False,STOP
300,sampled,932,"[1, 1, 1]","[1, 2, 1]",Unknown,"{0: 'O', 1: 'C'}","[(0, 1, 1)]","[0, 2]",False,False,STOP
300,sampled,933,"[1, 1, 1]","[0, 1, 1]",OH,{0: 'O'},[],[1],True,False,STOP
300,sampled,934,"[1, 1, 1]","[1, 0, 0]",C,{0: 'C'},[],[0],True,False,STOP
300,sampled,935,"[1, 1, 1]","[1, 1, 1]",HCO,"{0: 'C', 1: 'O'}","[(0, 1, 2)]","[1, 0]",True,True,STOP
300,sampled,936,"[1, 1, 1]","[1, 0, 2]",CO2,"{0: 'O', 1: 'C', 2: 'O'}","[(0, 1, 2), (1, 2, 2)]","[0, 0, 0]",True,False,STOP
300,sampled,937,"[1, 1, 1]","[2, 1, 1]",HCCO,"{0: 'C', 1: 'O', 2: 'C'}","[(0, 1, 2), (0, 2, 2)]","[0, 0, 1]",True,False,STOP
300,sampled,938,"[1, 1, 1]","[1, 3, 1]",CH3O,"{0: 'O', 1: 'C'}","[(0, 1, 1)]","[0, 3]",True,False,STOP
300,sampled,939,"[1, 1, 1]","[1, 2, 1]",CH2O,"{0: 'C', 1: 'O'}","[(0, 1, 2)]","[2, 0]",True,False,STOP
300,sampled,940,"[1, 1, 1]","[1, 1, 1]",HCO,"{0: 'C', 1: 'O'}","[(0, 1, 2)]","[1, 0]",True,True,STOP
300,sampled,941,"[1, 1, 1]","[1, 1, 1]",HCO,"{0: 'C', 1: 'O'}","[(0, 1, 2)]","[1, 0]",True,True,STOP
300,sampled,942,"[1, 1, 1]","[1, 0, 0]",C,{0: 'C'},[],[0],True,False,STOP
300,sampled,943,"[1, 1, 1]","[1, 1, 0]",CH,{0: 'C'},[],[1],True,False,STOP
300,sampled,944,"[1, 1, 1]","[1, 1, 1]",HCO,"{0: 'C', 1: 'O'}","[(0, 1, 2)]","[1, 0]",True,True,STOP
300,sampled,945,"[1, 1, 1]","[1, 1, 1]",HCO,"{0: 'C', 1: 'O'}","[(0, 1, 2)]","[1, 0]",True,True,STOP
300,sampled,946,"[1, 1, 1]","[1, 0, 2]",CO2,"{0: 'O', 1: 'C', 2: 'O'}","[(0, 1, 2), (1, 2, 2)]","[0, 0, 0]",True,False,STOP
300,sampled,947,"[1, 1, 1]","[1, 1, 1]",HCO,"{0: 'C', 1: 'O'}","[(0, 1, 2)]","[1, 0]",True,True,STOP
300,sampled,948,"[1, 1, 1]","[1, 1, 1]",HCO,"{0: 'O', 1: 'C'}","[(0, 1, 2)]","[0, 1]",True,True,STOP
300,sampled,949,"[1, 1, 1]","[1, 1, 1]",HCO,"{0: 'C', 1: 'O'}","[(0, 1, 2)]","[1, 0]",True,True,STOP
300,sampled,950,"[1, 1, 1]","[1, 1, 1]",HCO,"{0: 'C', 1: 'O'}","[(0, 1, 2)]","[1, 0]",True,True,STOP
300,sampled,951,"[1, 1, 1]","[1, 1, 1]",HCO,"{0: 'C', 1: 'O'}","[(0, 1, 2)]","[1, 0]",True,True,STOP
300,sampled,952,"[1, 1, 1]","[1, 0, 0]",C,{0: 'C'},[],[0],True,False,STOP
300,sampled,953,"[1, 1, 1]","[1, 1, 1]",HCO,"{0: 'O', 1: 'C'}","[(0, 1, 2)]","[0, 1]",True,True,STOP
300,sampled,954,"[1, 1, 1]","[1, 1, 1]",HCO,"{0: 'C', 1: 'O'}","[(0, 1, 2)]","[1, 0]",True,True,STOP
300,sampled,955,"[1, 1, 1]","[1, 0, 2]",CO2,"{0: 'C', 1: 'O', 2: 'O'}","[(0, 1, 2), (0, 2, 2)]","[0, 0, 0]",True,False,STOP
300,sampled,956,"[1, 1, 1]","[2, 1, 1]",HCCO,"{0: 'O', 1: 'C', 2: 'C'}","[(0, 1, 2), (1, 2, 2)]","[0, 0, 1]",True,False,STOP
300,sampled,957,"[1, 1, 1]","[1, 1, 1]",HCO,"{0: 'C', 1: 'O'}","[(0, 1, 2)]","[1, 0]",True,True,STOP
300,sampled,958,"[1, 1, 1]","[1, 1, 1]",HCO,"{0: 'O', 1: 'C'}","[(0, 1, 2)]","[0, 1]",True,True,STOP
300,sampled,959,"[1, 1, 1]","[0, 1, 1]",OH,{0: 'O'},[],[1],True,False,STOP
300,sampled,960,"[1, 1, 1]","[2, 1, 1]",HCCO,"{0: 'O', 1: 'C', 2: 'C'}","[(0, 1, 2), (1, 2, 2)]","[0, 0, 1]",True,False,STOP
300,sampled,961,"[1, 1, 1]","[1, 1, 1]",HCO,"{0: 'O', 1: 'C'}","[(0, 1, 2)]","[0, 1]",True,True,STOP
300,sampled,962,"[1, 1, 1]","[1, 2, 1]",CH2O,"{0: 'O', 1: 'C'}","[(0, 1, 2)]","[0, 2]",True,False,STOP
300,sampled,963,"[1, 1, 1]","[1, 1, 1]",HCO,"{0: 'C', 1: 'O'}","[(0, 1, 2)]","[1, 0]",True,True,STOP
300,sampled,964,"[1, 1, 1]","[1, 0, 0]",C,{0: 'C'},[],[0],True,False,STOP
300,sampled,965,"[1, 1, 1]","[1, 1, 0]",CH,{0: 'C'},[],[1],True,False,STOP
300,sampled,966,"[1, 1, 1]","[1, 1, 1]",HCO,"{0: 'O', 1: 'C'}","[(0, 1, 2)]","[0, 1]",True,True,STOP
300,sampled,967,"[1, 1, 1]","[1, 1, 1]",HCO,"{0: 'O', 1: 'C'}","[(0, 1, 2)]","[0, 1]",True,True,STOP
300,sampled,968,"[1, 1, 1]","[1, 1, 1]",HCO,"{0: 'C', 1: 'O'}","[(0, 1, 2)]","[1, 0]",True,True,STOP
300,sampled,969,"[1, 1, 1]","[1, 1, 1]",HCO,"{0: 'C', 1: 'O'}","[(0, 1, 2)]","[1, 0]",True,True,STOP
300,sampled,970,"[1, 1, 1]","[1, 2, 1]",CH2O,"{0: 'O', 1: 'C'}","[(0, 1, 2)]","[0, 2]",True,False,STOP
300,sampled,971,"[1, 1, 1]","[1, 1, 1]",HCO,"{0: 'C', 1: 'O'}","[(0, 1, 2)]","[1, 0]",True,True,STOP
300,sampled,972,"[1, 1, 1]","[0, 1, 1]",OH,{0: 'O'},[],[1],True,False,STOP
300,sampled,973,"[1, 1, 1]","[1, 1, 1]",HCO,"{0: 'O', 1: 'C'}","[(0, 1, 2)]","[0, 1]",True,True,STOP
300,sampled,974,"[1, 1, 1]","[1, 2, 1]",CH2O,"{0: 'O', 1: 'C'}","[(0, 1, 2)]","[0, 2]",True,False,STOP
300,sampled,975,"[1, 1, 1]","[1, 1, 1]",HCO,"{0: 'C', 1: 'O'}","[(0, 1, 2)]","[1, 0]",True,True,STOP
300,sampled,976,"[1, 1, 1]","[1, 1, 1]",HCO,"{0: 'C', 1: 'O'}","[(0, 1, 2)]","[1, 0]",True,True,STOP
300,sampled,977,"[1, 1, 1]","[1, 1, 1]",HCO,"{0: 'O', 1: 'C'}","[(0, 1, 2)]","[0, 1]",True,True,STOP
300,sampled,978,"[1, 1, 1]","[1, 2, 1]",CH2O,"{0: 'C', 1: 'O'}","[(0, 1, 2)]","[2, 0]",True,False,STOP
300,sampled,979,"[1, 1, 1]","[1, 1, 1]",HCO,"{0: 'C', 1: 'O'}","[(0, 1, 2)]","[1, 0]",True,True,STOP
300,sampled,980,"[1, 1, 1]","[1, 3, 2]",CH3O2,"{0: 'O', 1: 'C', 2: 'O'}","[(0, 1, 1), (0, 2, 1)]","[0, 3, 0]",True,False,STOP
300,sampled,981,"[1, 1, 1]","[1, 1, 1]",HCO,"{0: 'C', 1: 'O'}","[(0, 1, 2)]","[1, 0]",True,True,STOP
300,sampled,982,"[1, 1, 1]","[0, 1, 1]",OH,{0: 'O'},[],[1],True,False,STOP
300,sampled,983,"[1, 1, 1]","[1, 1, 1]",HCO,"{0: 'C', 1: 'O'}","[(0, 1, 2)]","[1, 0]",True,True,STOP
300,sampled,984,"[1, 1, 1]","[1, 1, 1]",HCO,"{0: 'C', 1: 'O'}","[(0, 1, 2)]","[1, 0]",True,True,STOP
300,sampled,985,"[1, 1, 1]","[1, 1, 1]",HCO,"{0: 'C', 1: 'O'}","[(0, 1, 2)]","[1, 0]",True,True,STOP
300,sampled,986,"[1, 1, 1]","[1, 1, 0]",CH,{0: 'C'},[],[1],True,False,STOP
300,sampled,987,"[1, 1, 1]","[1, 1, 1]",HCO,"{0: 'C', 1: 'O'}","[(0, 1, 2)]","[1, 0]",True,True,STOP
300,sampled,988,"[1, 1, 1]","[1, 1, 1]",HCO,"{0: 'C', 1: 'O'}","[(0, 1, 2)]","[1, 0]",True,True,STOP
300,sampled,989,"[1, 1, 1]","[1, 1, 0]",CH,{0: 'C'},[],[1],True,False,STOP
300,sampled,990,"[1, 1, 1]","[1, 1, 1]",HCO,"{0: 'O', 1: 'C'}","[(0, 1, 2)]","[0, 1]",True,True,STOP
300,sampled,991,"[1, 1, 1]","[1, 1, 1]",HCO,"{0: 'O', 1: 'C'}","[(0, 1, 2)]","[0, 1]",True,True,STOP
300,sampled,992,"[1, 1, 1]","[1, 1, 0]",CH,{0: 'C'},[],[1],True,False,STOP
300,sampled,993,"[1, 1, 1]","[1, 2, 1]",Unknown,"{0: 'C', 1: 'O'}","[(0, 1, 1)]","[2, 0]",False,False,STOP
300,sampled,994,"[1, 1, 1]","[1, 0, 0]",C,{0: 'C'},[],[0],True,False,STOP
300,sampled,995,"[1, 1, 1]","[1, 1, 0]",CH,{0: 'C'},[],[1],True,False,STOP
300,sampled,996,"[1, 1, 1]","[1, 1, 1]",HCO,"{0: 'C', 1: 'O'}","[(0, 1, 2)]","[1, 0]",True,True,STOP
300,sampled,997,"[1, 1, 1]","[1, 1, 1]",HCO,"{0: 'C', 1: 'O'}","[(0, 1, 2)]","[1, 0]",True,True,STOP
300,sampled,998,"[1, 1, 1]","[1, 0, 0]",C,{0: 'C'},[],[0],True,False,STOP
300,sampled,999,"[1, 1, 1]","[2, 1, 1]",HCCO,"{0: 'O', 1: 'C', 2: 'C'}","[(0, 1, 2), (1, 2, 2)]","[0, 0, 1]",True,False,STOP
300,sampled,1000,"[1, 1, 1]","[1, 1, 1]",HCO,"{0: 'C', 1: 'O'}","[(0, 1, 2)]","[1, 0]",True,True,STOP
300,sampled,1001,"[1, 2, 1]","[1, 3, 1]",CH2OH,"{0: 'C', 1: 'O'}","[(0, 1, 1)]","[2, 1]",True,False,STOP
300,sampled,1002,"[1, 2, 1]","[1, 1, 1]",HCO,"{0: 'C', 1: 'O'}","[(0, 1, 2)]","[1, 0]",True,False,STOP
300,sampled,1003,"[1, 2, 1]","[1, 2, 1]",CH2O,"{0: 'C', 1: 'O'}","[(0, 1, 2)]","[2, 0]",True,True,STOP
300,sampled,1004,"[1, 2, 1]","[1, 3, 1]",CH3O,"{0: 'C', 1: 'O'}","[(0, 1, 1)]","[3, 0]",True,False,STOP
300,sampled,1005,"[1, 2, 1]","[1, 3, 1]",CH3O,"{0: 'C', 1: 'O'}","[(0, 1, 1)]","[3, 0]",True,False,STOP
300,sampled,1006,"[1, 2, 1]","[1, 3, 1]",CH3O,"{0: 'C', 1: 'O'}","[(0, 1, 1)]","[3, 0]",True,False,STOP
300,sampled,1007,"[1, 2, 1]","[1, 2, 1]",CH2O,"{0: 'O', 1: 'C'}","[(0, 1, 2)]","[0, 2]",True,True,STOP
300,sampled,1008,"[1, 2, 1]","[1, 2, 1]",CH2O,"{0: 'C', 1: 'O'}","[(0, 1, 2)]","[2, 0]",True,True,STOP
300,sampled,1009,"[1, 2, 1]","[1, 2, 1]",Unknown,"{0: 'C', 1: 'O'}","[(0, 1, 1)]","[2, 0]",False,False,STOP
300,sampled,1010,"[1, 2, 1]","[1, 3, 1]",CH3O,"{0: 'O', 1: 'C'}","[(0, 1, 1)]","[0, 3]",True,False,STOP
300,sampled,1011,"[1, 2, 1]","[1, 3, 1]",CH2OH,"{0: 'C', 1: 'O'}","[(0, 1, 1)]","[2, 1]",True,False,STOP
300,sampled,1012,"[1, 2, 1]","[1, 2, 1]",CH2O,"{0: 'C', 1: 'O'}","[(0, 1, 2)]","[2, 0]",True,True,STOP
300,sampled,1013,"[1, 2, 1]","[1, 2, 1]",CH2O,"{0: 'C', 1: 'O'}","[(0, 1, 2)]","[2, 0]",True,True,STOP
300,sampled,1014,"[1, 2, 1]","[1, 2, 1]",CH2O,"{0: 'O', 1: 'C'}","[(0, 1, 2)]","[0, 2]",True,True,STOP
300,sampled,1015,"[1, 2, 1]","[1, 0, 0]",C,{0: 'C'},[],[0],True,False,STOP
300,sampled,1016,"[1, 2, 1]","[1, 3, 1]",CH3O,"{0: 'C', 1: 'O'}","[(0, 1, 1)]","[3, 0]",True,False,STOP
300,sampled,1017,"[1, 2, 1]","[1, 3, 1]",CH2OH,"{0: 'O', 1: 'C'}","[(0, 1, 1)]","[1, 2]",True,False,STOP
300,sampled,1018,"[1, 2, 1]","[1, 3, 1]",CH3O,"{0: 'C', 1: 'O'}","[(0, 1, 1)]","[3, 0]",True,False,STOP
300,sampled,1019,"[1, 2, 1]","[1, 3, 1]",CH2OH,"{0: 'C', 1: 'O'}","[(0, 1, 1)]","[2, 1]",True,False,STOP
300,sampled,1020,"[1, 2, 1]","[1, 2, 1]",CH2O,"{0: 'C', 1: 'O'}","[(0, 1, 2)]","[2, 0]",True,True,STOP
300,sampled,1021,"[1, 2, 1]","[1, 3, 1]",CH3O,"{0: 'C', 1: 'O'}","[(0, 1, 1)]","[3, 0]",True,False,STOP
300,sampled,1022,"[1, 2, 1]","[1, 3, 1]",CH3O,"{0: 'C', 1: 'O'}","[(0, 1, 1)]","[3, 0]",True,False,STOP
300,sampled,1023,"[1, 2, 1]","[1, 3, 2]",CH3O2,"{0: 'C', 1: 'O', 2: 'O'}","[(0, 1, 1), (1, 2, 1)]","[3, 0, 0]",True,False,STOP
300,sampled,1024,"[1, 2, 1]","[1, 2, 1]",CH2O,"{0: 'O', 1: 'C'}","[(0, 1, 2)]","[0, 2]",True,True,STOP
300,sampled,1025,"[1, 2, 1]","[1, 2, 1]",CH2O,"{0: 'C', 1: 'O'}","[(0, 1, 2)]","[2, 0]",True,True,STOP
300,sampled,1026,"[1, 2, 1]","[1, 0, 0]",C,{0: 'C'},[],[0],True,False,STOP
300,sampled,1027,"[1, 2, 1]","[1, 2, 1]",CH2O,"{0: 'O', 1: 'C'}","[(0, 1, 2)]","[0, 2]",True,True,STOP
300,sampled,1028,"[1, 2, 1]","[1, 3, 1]",CH3O,"{0: 'C', 1: 'O'}","[(0, 1, 1)]","[3, 0]",True,False,STOP
300,sampled,1029,"[1, 2, 1]","[1, 0, 0]",C,{0: 'C'},[],[0],True,False,STOP
300,sampled,1030,"[1, 2, 1]","[1, 3, 0]",CH3,{0: 'C'},[],[3],True,False,STOP
300,sampled,1031,"[1, 2, 1]","[1, 2, 1]",CH2O,"{0: 'C', 1: 'O'}","[(0, 1, 2)]","[2, 0]",True,True,STOP
300,sampled,1032,"[1, 2, 1]","[1, 2, 1]",CH2O,"{0: 'C', 1: 'O'}","[(0, 1, 2)]","[2, 0]",True,True,STOP
300,sampled,1033,"[1, 2, 1]","[1, 2, 1]",CH2O,"{0: 'C', 1: 'O'}","[(0, 1, 2)]","[2, 0]",True,True,STOP
300,sampled,1034,"[1, 2, 1]","[1, 3, 1]",CH3O,"{0: 'O', 1: 'C'}","[(0, 1, 1)]","[0, 3]",True,False,STOP
300,sampled,1035,"[1, 2, 1]","[1, 2, 1]",CH2O,"{0: 'C', 1: 'O'}","[(0, 1, 2)]","[2, 0]",True,True,STOP
300,sampled,1036,"[1, 2, 1]","[1, 2, 1]",CH2O,"{0: 'C', 1: 'O'}","[(0, 1, 2)]","[2, 0]",True,True,STOP
300,sampled,1037,"[1, 2, 1]","[1, 2, 1]",CH2O,"{0: 'C', 1: 'O'}","[(0, 1, 2)]","[2, 0]",True,True,STOP
300,sampled,1038,"[1, 2, 1]","[1, 1, 0]",CH,{0: 'C'},[],[1],True,False,STOP
300,sampled,1039,"[1, 2, 1]","[1, 2, 0]",CH2,{0: 'C'},[],[2],True,False,STOP
300,sampled,1040,"[1, 2, 1]","[2, 2, 1]",CH2CO,"{0: 'C', 1: 'C', 2: 'O'}","[(0, 1, 2), (1, 2, 2)]","[2, 0, 0]",True,False,STOP
300,sampled,1041,"[1, 2, 1]","[1, 3, 1]",CH2OH,"{0: 'C', 1: 'O'}","[(0, 1, 1)]","[2, 1]",True,False,STOP
300,sampled,1042,"[1, 2, 1]","[1, 2, 1]",CH2O,"{0: 'C', 1: 'O'}","[(0, 1, 2)]","[2, 0]",True,True,STOP
300,sampled,1043,"[1, 2, 1]","[1, 3, 1]",CH3O,"{0: 'O', 1: 'C'}","[(0, 1, 1)]","[0, 3]",True,False,STOP
300,sampled,1044,"[1, 2, 1]","[1, 2, 0]",CH2,{0: 'C'},[],[2],True,False,STOP
300,sampled,1045,"[1, 2, 1]","[1, 1, 0]",CH,{0: 'C'},[],[1],True,False,STOP
300,sampled,1046,"[1, 2, 1]","[1, 2, 1]",CH2O,"{0: 'C', 1: 'O'}","[(0, 1, 2)]","[2, 0]",True,True,STOP
300,sampled,1047,"[1, 2, 1]","[1, 2, 1]",CH2O,"{0: 'C', 1: 'O'}","[(0, 1, 2)]","[2, 0]",True,True,STOP
300,sampled,1048,"[1, 2, 1]","[1, 2, 1]",CH2O,"{0: 'O', 1: 'C'}","[(0, 1, 2)]","[0, 2]",True,True,STOP
300,sampled,1049,"[1, 2, 1]","[1, 2, 1]",CH2O,"{0: 'C', 1: 'O'}","[(0, 1, 2)]","[2, 0]",True,True,STOP
300,sampled,1050,"[1, 2, 1]","[1, 2, 1]",CH2O,"{0: 'C', 1: 'O'}","[(0, 1, 2)]","[2, 0]",True,True,STOP
300,sampled,1051,"[1, 2, 1]","[1, 3, 1]",CH2OH,"{0: 'O', 1: 'C'}","[(0, 1, 1)]","[1, 2]",True,False,STOP
300,sampled,1052,"[1, 2, 1]","[1, 3, 1]",CH3O,"{0: 'O', 1: 'C'}","[(0, 1, 1)]","[0, 3]",True,False,STOP
300,sampled,1053,"[1, 2, 1]","[1, 2, 1]",CH2O,"{0: 'C', 1: 'O'}","[(0, 1, 2)]","[2, 0]",True,True,STOP
300,sampled,1054,"[1, 2, 1]","[1, 3, 1]",CH3O,"{0: 'C', 1: 'O'}","[(0, 1, 1)]","[3, 0]",True,False,STOP
300,sampled,1055,"[1, 2, 1]","[1, 2, 1]",CH2O,"{0: 'O', 1: 'C'}","[(0, 1, 2)]","[0, 2]",True,True,STOP
300,sampled,1056,"[1, 2, 1]","[1, 3, 1]",CH2OH,"{0: 'C', 1: 'O'}","[(0, 1, 1)]","[2, 1]",True,False,STOP
300,sampled,1057,"[1, 2, 1]","[1, 2, 1]",CH2O,"{0: 'C', 1: 'O'}","[(0, 1, 2)]","[2, 0]",True,True,STOP
300,sampled,1058,"[1, 2, 1]","[1, 1, 0]",CH,{0: 'C'},[],[1],True,False,STOP
300,sampled,1059,"[1, 2, 1]","[1, 3, 1]",CH3O,"{0: 'C', 1: 'O'}","[(0, 1, 1)]","[3, 0]",True,False,STOP
300,sampled,1060,"[1, 2, 1]","[1, 2, 1]",CH2O,"{0: 'O', 1: 'C'}","[(0, 1, 2)]","[0, 2]",True,True,STOP
300,sampled,1061,"[1, 2, 1]","[1, 1, 1]",HCO,"{0: 'C', 1: 'O'}","[(0, 1, 2)]","[1, 0]",True,False,STOP
300,sampled,1062,"[1, 2, 1]","[1, 1, 0]",CH,{0: 'C'},[],[1],True,False,STOP
300,sampled,1063,"[1, 2, 1]","[1, 2, 1]",CH2O,"{0: 'C', 1: 'O'}","[(0, 1, 2)]","[2, 0]",True,True,STOP
300,sampled,1064,"[1, 2, 1]","[1, 3, 1]",CH2OH,"{0: 'C', 1: 'O'}","[(0, 1, 1)]","[2, 1]",True,False,STOP
300,sampled,1065,"[1, 2, 1]","[2, 3, 1]",CH2CHO,"{0: 'C', 1: 'C', 2: 'O'}","[(0, 1, 1), (1, 2, 2)]","[2, 1, 0]",True,False,STOP
300,sampled,1066,"[1, 2, 1]","[1, 1, 0]",CH,{0: 'C'},[],[1],True,False,STOP
300,sampled,1067,"[1, 2, 1]","[2, 1, 0]",C2H,"{0: 'C', 1: 'C'}","[(0, 1, 3)]","[1, 0]",True,False,STOP
300,sampled,1068,"[1, 2, 1]","[1, 3, 1]",CH2OH,"{0: 'C', 1: 'O'}","[(0, 1, 1)]","[2, 1]",True,False,STOP
300,sampled,1069,"[1, 2, 1]","[1, 3, 1]",CH2OH,"{0: 'C', 1: 'O'}","[(0, 1, 1)]","[2, 1]",True,False,STOP
300,sampled,1070,"[1, 2, 1]","[1, 1, 1]",HCO,"{0: 'O', 1: 'C'}","[(0, 1, 2)]","[0, 1]",True,False,STOP
300,sampled,1071,"[1, 2, 1]","[1, 2, 1]",CH2O,"{0: 'C', 1: 'O'}","[(0, 1, 2)]","[2, 0]",True,True,STOP
300,sampled,1072,"[1, 2, 1]","[1, 2, 1]",CH2O,"{0: 'O', 1: 'C'}","[(0, 1, 2)]","[0, 2]",True,True,STOP
300,sampled,1073,"[1, 2, 1]","[1, 2, 1]",CH2O,"{0: 'C', 1: 'O'}","[(0, 1, 2)]","[2, 0]",True,True,STOP
300,sampled,1074,"[1, 2, 1]","[1, 3, 1]",CH2OH,"{0: 'C', 1: 'O'}","[(0, 1, 1)]","[2, 1]",True,False,STOP
300,sampled,1075,"[1, 2, 1]","[1, 2, 1]",CH2O,"{0: 'C', 1: 'O'}","[(0, 1, 2)]","[2, 0]",True,True,STOP
300,sampled,1076,"[1, 2, 1]","[1, 2, 1]",CH2O,"{0: 'C', 1: 'O'}","[(0, 1, 2)]","[2, 0]",True,True,STOP
300,sampled,1077,"[1, 2, 1]","[1, 2, 1]",CH2O,"{0: 'C', 1: 'O'}","[(0, 1, 2)]","[2, 0]",True,True,STOP
300,sampled,1078,"[1, 2, 1]","[1, 2, 1]",CH2O,"{0: 'O', 1: 'C'}","[(0, 1, 2)]","[0, 2]",True,True,STOP
300,sampled,1079,"[1, 2, 1]","[1, 3, 1]",CH2OH,"{0: 'O', 1: 'C'}","[(0, 1, 1)]","[1, 2]",True,False,STOP
300,sampled,1080,"[1, 2, 1]","[1, 2, 0]",CH2,{0: 'C'},[],[2],True,False,STOP
300,sampled,1081,"[1, 2, 1]","[1, 1, 1]",HCO,"{0: 'C', 1: 'O'}","[(0, 1, 2)]","[1, 0]",True,False,STOP
300,sampled,1082,"[1, 2, 1]","[1, 2, 1]",CH2O,"{0: 'C', 1: 'O'}","[(0, 1, 2)]","[2, 0]",True,True,STOP
300,sampled,1083,"[1, 2, 1]","[1, 2, 1]",CH2O,"{0: 'C', 1: 'O'}","[(0, 1, 2)]","[2, 0]",True,True,STOP
300,sampled,1084,"[1, 2, 1]","[1, 3, 1]",CH2OH,"{0: 'C', 1: 'O'}","[(0, 1, 1)]","[2, 1]",True,False,STOP
300,sampled,1085,"[1, 2, 1]","[1, 3, 1]",CH3O,"{0: 'C', 1: 'O'}","[(0, 1, 1)]","[3, 0]",True,False,STOP
300,sampled,1086,"[1, 2, 1]","[1, 1, 0]",CH,{0: 'C'},[],[1],True,False,STOP
300,sampled,1087,"[1, 2, 1]","[1, 3, 1]",CH3O,"{0: 'C', 1: 'O'}","[(0, 1, 1)]","[3, 0]",True,False,STOP
300,sampled,1088,"[1, 2, 1]","[1, 1, 0]",CH,{0: 'C'},[],[1],True,False,STOP
300,sampled,1089,"[1, 2, 1]","[1, 1, 0]",CH,{0: 'C'},[],[1],True,False,STOP
300,sampled,1090,"[1, 2, 1]","[1, 2, 1]",CH2O,"{0: 'C', 1: 'O'}","[(0, 1, 2)]","[2, 0]",True,True,STOP
300,sampled,1091,"[1, 2, 1]","[1, 3, 1]",CH2OH,"{0: 'C', 1: 'O'}","[(0, 1, 1)]","[2, 1]",True,False,STOP
300,sampled,1092,"[1, 2, 1]","[1, 2, 1]",CH2O,"{0: 'C', 1: 'O'}","[(0, 1, 2)]","[2, 0]",True,True,STOP
300,sampled,1093,"[1, 2, 1]","[1, 3, 1]",CH2OH,"{0: 'O', 1: 'C'}","[(0, 1, 1)]","[1, 2]",True,False,STOP
300,sampled,1094,"[1, 2, 1]","[1, 3, 1]",CH2OH,"{0: 'C', 1: 'O'}","[(0, 1, 1)]","[2, 1]",True,False,STOP
300,sampled,1095,"[1, 2, 1]","[1, 3, 1]",CH3O,"{0: 'O', 1: 'C'}","[(0, 1, 1)]","[0, 3]",True,False,STOP
300,sampled,1096,"[1, 2, 1]","[1, 2, 1]",CH2O,"{0: 'C', 1: 'O'}","[(0, 1, 2)]","[2, 0]",True,True,STOP
300,sampled,1097,"[1, 2, 1]","[1, 2, 1]",CH2O,"{0: 'O', 1: 'C'}","[(0, 1, 2)]","[0, 2]",True,True,STOP
300,sampled,1098,"[1, 2, 1]","[1, 3, 1]",CH2OH,"{0: 'O', 1: 'C'}","[(0, 1, 1)]","[1, 2]",True,False,STOP
300,sampled,1099,"[1, 2, 1]","[1, 2, 1]",CH2O,"{0: 'C', 1: 'O'}","[(0, 1, 2)]","[2, 0]",True,True,STOP
300,sampled,1100,"[1, 2, 1]","[1, 2, 1]",Unknown,"{0: 'C', 1: 'O'}","[(0, 1, 1)]","[2, 0]",False,False,STOP
300,sampled,1101,"[1, 4, 0]","[1, 4, 0]",CH4,{0: 'C'},[],[4],True,True,STOP
300,sampled,1102,"[1, 4, 0]","[1, 4, 0]",CH4,{0: 'C'},[],[4],True,True,STOP
300,sampled,1103,"[1, 4, 0]","[1, 4, 0]",CH4,{0: 'C'},[],[4],True,True,STOP
300,sampled,1104,"[1, 4, 0]","[1, 4, 1]",CH3OH,"{0: 'C', 1: 'O'}","[(0, 1, 1)]","[3, 1]",True,False,STOP
300,sampled,1105,"[1, 4, 0]","[1, 4, 0]",CH4,{0: 'C'},[],[4],True,True,STOP
300,sampled,1106,"[1, 4, 0]","[1, 3, 0]",CH3,{0: 'C'},[],[3],True,False,STOP
300,sampled,1107,"[1, 4, 0]","[1, 4, 0]",CH4,{0: 'C'},[],[4],True,True,STOP
300,sampled,1108,"[1, 4, 0]","[1, 4, 0]",CH4,{0: 'C'},[],[4],True,True,STOP
300,sampled,1109,"[1, 4, 0]","[1, 4, 0]",CH4,{0: 'C'},[],[4],True,True,STOP
300,sampled,1110,"[1, 4, 0]","[1, 4, 1]",CH3OH,"{0: 'O', 1: 'C'}","[(0, 1, 1)]","[1, 3]",True,False,STOP
300,sampled,1111,"[1, 4, 0]","[1, 4, 0]",CH4,{0: 'C'},[],[4],True,True,STOP
300,sampled,1112,"[1, 4, 0]","[1, 4, 0]",CH4,{0: 'C'},[],[4],True,True,STOP
300,sampled,1113,"[1, 4, 0]","[1, 4, 0]",CH4,{0: 'C'},[],[4],True,True,STOP
300,sampled,1114,"[1, 4, 0]","[1, 4, 0]",CH4,{0: 'C'},[],[4],True,True,STOP
300,sampled,1115,"[1, 4, 0]","[1, 3, 0]",CH3,{0: 'C'},[],[3],True,False,STOP
300,sampled,1116,"[1, 4, 0]","[1, 4, 0]",CH4,{0: 'C'},[],[4],True,True,STOP
300,sampled,1117,"[1, 4, 0]","[1, 4, 0]",CH4,{0: 'C'},[],[4],True,True,STOP
300,sampled,1118,"[1, 4, 0]","[1, 4, 0]",CH4,{0: 'C'},[],[4],True,True,STOP
300,sampled,1119,"[1, 4, 0]","[1, 4, 0]",CH4,{0: 'C'},[],[4],True,True,STOP
300,sampled,1120,"[1, 4, 0]","[1, 4, 0]",CH4,{0: 'C'},[],[4],True,True,STOP
300,sampled,1121,"[1, 4, 0]","[1, 4, 0]",CH4,{0: 'C'},[],[4],True,True,STOP
300,sampled,1122,"[1, 4, 0]","[1, 4, 0]",CH4,{0: 'C'},[],[4],True,True,STOP
300,sampled,1123,"[1, 4, 0]","[1, 4, 0]",CH4,{0: 'C'},[],[4],True,True,STOP
300,sampled,1124,"[1, 4, 0]","[1, 4, 1]",CH3OH,"{0: 'C', 1: 'O'}","[(0, 1, 1)]","[3, 1]",True,False,STOP
300,sampled,1125,"[1, 4, 0]","[2, 3, 0]",C2H3,"{0: 'C', 1: 'C'}","[(0, 1, 2)]","[2, 1]",True,False,STOP
300,sampled,1126,"[1, 4, 0]","[1, 4, 1]",CH3OH,"{0: 'C', 1: 'O'}","[(0, 1, 1)]","[3, 1]",True,False,STOP
300,sampled,1127,"[1, 4, 0]","[1, 4, 0]",CH4,{0: 'C'},[],[4],True,True,STOP
300,sampled,1128,"[1, 4, 0]","[1, 4, 0]",CH4,{0: 'C'},[],[4],True,True,STOP
300,sampled,1129,"[1, 4, 0]","[1, 4, 0]",CH4,{0: 'C'},[],[4],True,True,STOP
300,sampled,1130,"[1, 4, 0]","[1, 4, 0]",CH4,{0: 'C'},[],[4],True,True,STOP
300,sampled,1131,"[1, 4, 0]","[1, 4, 0]",CH4,{0: 'C'},[],[4],True,True,STOP
300,sampled,1132,"[1, 4, 0]","[2, 5, 0]",C2H5,"{0: 'C', 1: 'C'}","[(0, 1, 1)]","[3, 2]",True,False,STOP
300,sampled,1133,"[1, 4, 0]","[1, 4, 0]",CH4,{0: 'C'},[],[4],True,True,STOP
300,sampled,1134,"[1, 4, 0]","[1, 4, 0]",CH4,{0: 'C'},[],[4],True,True,STOP
300,sampled,1135,"[1, 4, 0]","[2, 5, 0]",C2H5,"{0: 'C', 1: 'C'}","[(0, 1, 1)]","[2, 3]",True,False,STOP
300,sampled,1136,"[1, 4, 0]","[1, 4, 0]",CH4,{0: 'C'},[],[4],True,True,STOP
300,sampled,1137,"[1, 4, 0]","[1, 4, 0]",CH4,{0: 'C'},[],[4],True,True,STOP
300,sampled,1138,"[1, 4, 0]","[1, 4, 0]",CH4,{0: 'C'},[],[4],True,True,STOP
300,sampled,1139,"[1, 4, 0]","[1, 4, 0]",CH4,{0: 'C'},[],[4],True,True,STOP
300,sampled,1140,"[1, 4, 0]","[2, 4, 0]",C2H4,"{0: 'C', 1: 'C'}","[(0, 1, 2)]","[2, 2]",True,False,STOP
300,sampled,1141,"[1, 4, 0]","[1, 4, 0]",CH4,{0: 'C'},[],[4],True,True,STOP
300,sampled,1142,"[1, 4, 0]","[1, 4, 0]",CH4,{0: 'C'},[],[4],True,True,STOP
300,sampled,1143,"[1, 4, 0]","[1, 4, 0]",CH4,{0: 'C'},[],[4],True,True,STOP
300,sampled,1144,"[1, 4, 0]","[1, 4, 0]",CH4,{0: 'C'},[],[4],True,True,STOP
300,sampled,1145,"[1, 4, 0]","[1, 4, 0]",CH4,{0: 'C'},[],[4],True,True,STOP
300,sampled,1146,"[1, 4, 0]","[1, 3, 0]",CH3,{0: 'C'},[],[3],True,False,STOP
300,sampled,1147,"[1, 4, 0]","[1, 4, 0]",CH4,{0: 'C'},[],[4],True,True,STOP
300,sampled,1148,"[1, 4, 0]","[1, 4, 0]",CH4,{0: 'C'},[],[4],True,True,STOP
300,sampled,1149,"[1, 4, 0]","[1, 4, 0]",CH4,{0: 'C'},[],[4],True,True,STOP
300,sampled,1150,"[1, 4, 0]","[1, 4, 0]",CH4,{0: 'C'},[],[4],True,True,STOP
300,sampled,1151,"[1, 4, 0]","[1, 4, 0]",CH4,{0: 'C'},[],[4],True,True,STOP
300,sampled,1152,"[1, 4, 0]","[1, 4, 0]",CH4,{0: 'C'},[],[4],True,True,STOP
300,sampled,1153,"[1, 4, 0]","[1, 4, 0]",CH4,{0: 'C'},[],[4],True,True,STOP
300,sampled,1154,"[1, 4, 0]","[1, 4, 0]",CH4,{0: 'C'},[],[4],True,True,STOP
300,sampled,1155,"[1, 4, 0]","[1, 4, 0]",CH4,{0: 'C'},[],[4],True,True,STOP
300,sampled,1156,"[1, 4, 0]","[1, 4, 0]",CH4,{0: 'C'},[],[4],True,True,STOP
300,sampled,1157,"[1, 4, 0]","[1, 4, 0]",CH4,{0: 'C'},[],[4],True,True,STOP
300,sampled,1158,"[1, 4, 0]","[1, 4, 0]",CH4,{0: 'C'},[],[4],True,True,STOP
300,sampled,1159,"[1, 4, 0]","[1, 4, 0]",CH4,{0: 'C'},[],[4],True,True,STOP
300,sampled,1160,"[1, 4, 0]","[1, 4, 0]",CH4,{0: 'C'},[],[4],True,True,STOP
300,sampled,1161,"[1, 4, 0]","[1, 4, 0]",CH4,{0: 'C'},[],[4],True,True,STOP
300,sampled,1162,"[1, 4, 0]","[1, 4, 0]",CH4,{0: 'C'},[],[4],True,True,STOP
300,sampled,1163,"[1, 4, 0]","[1, 4, 0]",CH4,{0: 'C'},[],[4],True,True,STOP
300,sampled,1164,"[1, 4, 0]","[1, 4, 0]",CH4,{0: 'C'},[],[4],True,True,STOP
300,sampled,1165,"[1, 4, 0]","[1, 4, 0]",CH4,{0: 'C'},[],[4],True,True,STOP
300,sampled,1166,"[1, 4, 0]","[1, 4, 1]",CH3OH,"{0: 'C', 1: 'O'}","[(0, 1, 1)]","[3, 1]",True,False,STOP
300,sampled,1167,"[1, 4, 0]","[1, 4, 0]",CH4,{0: 'C'},[],[4],True,True,STOP
300,sampled,1168,"[1, 4, 0]","[1, 4, 0]",CH4,{0: 'C'},[],[4],True,True,STOP
300,sampled,1169,"[1, 4, 0]","[1, 3, 0]",CH3,{0: 'C'},[],[3],True,False,STOP
300,sampled,1170,"[1, 4, 0]","[2, 5, 0]",C2H5,"{0: 'C', 1: 'C'}","[(0, 1, 1)]","[3, 2]",True,False,STOP
300,sampled,1171,"[1, 4, 0]","[1, 4, 0]",CH4,{0: 'C'},[],[4],True,True,STOP
300,sampled,1172,"[1, 4, 0]","[1, 4, 0]",CH4,{0: 'C'},[],[4],True,True,STOP
300,sampled,1173,"[1, 4, 0]","[1, 3, 0]",CH3,{0: 'C'},[],[3],True,False,STOP
300,sampled,1174,"[1, 4, 0]","[1, 4, 0]",CH4,{0: 'C'},[],[4],True,True,STOP
300,sampled,1175,"[1, 4, 0]","[1, 4, 0]",CH4,{0: 'C'},[],[4],True,True,STOP
300,sampled,1176,"[1, 4, 0]","[1, 4, 0]",CH4,{0: 'C'},[],[4],True,True,STOP
300,sampled,1177,"[1, 4, 0]","[1, 4, 0]",CH4,{0: 'C'},[],[4],True,True,STOP
300,sampled,1178,"[1, 4, 0]","[1, 4, 0]",CH4,{0: 'C'},[],[4],True,True,STOP
300,sampled,1179,"[1, 4, 0]","[2, 4, 1]",CH3CHO,"{0: 'C', 1: 'C', 2: 'O'}","[(0, 1, 1), (1, 2, 2)]","[3, 1, 0]",True,False,STOP
300,sampled,1180,"[1, 4, 0]","[1, 4, 0]",CH4,{0: 'C'},[],[4],True,True,STOP
300,sampled,1181,"[1, 4, 0]","[2, 4, 1]",CH3CHO,"{0: 'C', 1: 'C', 2: 'O'}","[(0, 1, 1), (1, 2, 2)]","[3, 1, 0]",True,False,STOP
300,sampled,1182,"[1, 4, 0]","[1, 4, 0]",CH4,{0: 'C'},[],[4],True,True,STOP
300,sampled,1183,"[1, 4, 0]","[1, 4, 0]",CH4,{0: 'C'},[],[4],True,True,STOP
300,sampled,1184,"[1, 4, 0]","[1, 4, 0]",CH4,{0: 'C'},[],[4],True,True,STOP
300,sampled,1185,"[1, 4, 0]","[1, 4, 0]",CH4,{0: 'C'},[],[4],True,True,STOP
300,sampled,1186,"[1, 4, 0]","[1, 4, 0]",CH4,{0: 'C'},[],[4],True,True,STOP
300,sampled,1187,"[1, 4, 0]","[1, 4, 0]",CH4,{0: 'C'},[],[4],True,True,STOP
300,sampled,1188,"[1, 4, 0]","[1, 4, 0]",CH4,{0: 'C'},[],[4],True,True,STOP
300,sampled,1189,"[1, 4, 0]","[1, 4, 0]",CH4,{0: 'C'},[],[4],True,True,STOP
300,sampled,1190,"[1, 4, 0]","[1, 4, 0]",CH4,{0: 'C'},[],[4],True,True,STOP
300,sampled,1191,"[1, 4, 0]","[1, 4, 0]",CH4,{0: 'C'},[],[4],True,True,STOP
300,sampled,1192,"[1, 4, 0]","[1, 4, 0]",CH4,{0: 'C'},[],[4],True,True,STOP
300,sampled,1193,"[1, 4, 0]","[1, 4, 0]",CH4,{0: 'C'},[],[4],True,True,STOP
300,sampled,1194,"[1, 4, 0]","[1, 4, 0]",CH4,{0: 'C'},[],[4],True,True,STOP
300,sampled,1195,"[1, 4, 0]","[1, 4, 0]",CH4,{0: 'C'},[],[4],True,True,STOP
300,sampled,1196,"[1, 4, 0]","[1, 4, 0]",CH4,{0: 'C'},[],[4],True,True,STOP
300,sampled,1197,"[1, 4, 0]","[1, 4, 0]",CH4,{0: 'C'},[],[4],True,True,STOP
300,sampled,1198,"[1, 4, 0]","[1, 4, 0]",CH4,{0: 'C'},[],[4],True,True,STOP
300,sampled,1199,"[1, 4, 0]","[1, 4, 0]",CH4,{0: 'C'},[],[4],True,True,STOP
300,sampled,1200,"[1, 4, 0]","[1, 3, 0]",CH3,{0: 'C'},[],[3],True,False,STOP
300,sampled,1201,"[1, 3, 0]","[1, 4, 0]",CH4,{0: 'C'},[],[4],True,False,STOP
300,sampled,1202,"[1, 3, 0]","[1, 3, 0]",CH3,{0: 'C'},[],[3],True,True,STOP
300,sampled,1203,"[1, 3, 0]","[1, 3, 0]",CH3,{0: 'C'},[],[3],True,True,STOP
300,sampled,1204,"[1, 3, 0]","[1, 2, 0]",CH2,{0: 'C'},[],[2],True,False,STOP
300,sampled,1205,"[1, 3, 0]","[1, 4, 0]",CH4,{0: 'C'},[],[4],True,False,STOP
300,sampled,1206,"[1, 3, 0]","[1, 3, 1]",CH2OH,"{0: 'O', 1: 'C'}","[(0, 1, 1)]","[1, 2]",True,False,STOP
300,sampled,1207,"[1, 3, 0]","[1, 4, 0]",CH4,{0: 'C'},[],[4],True,False,STOP
300,sampled,1208,"[1, 3, 0]","[1, 4, 0]",CH4,{0: 'C'},[],[4],True,False,STOP
300,sampled,1209,"[1, 3, 0]","[1, 3, 0]",CH3,{0: 'C'},[],[3],True,True,STOP
300,sampled,1210,"[1, 3, 0]","[1, 3, 0]",CH3,{0: 'C'},[],[3],True,True,STOP
300,sampled,1211,"[1, 3, 0]","[1, 4, 1]",CH3OH,"{0: 'C', 1: 'O'}","[(0, 1, 1)]","[3, 1]",True,False,STOP
300,sampled,1212,"[1, 3, 0]","[1, 4, 0]",CH4,{0: 'C'},[],[4],True,False,STOP
300,sampled,1213,"[1, 3, 0]","[1, 4, 0]",CH4,{0: 'C'},[],[4],True,False,STOP
300,sampled,1214,"[1, 3, 0]","[1, 3, 0]",CH3,{0: 'C'},[],[3],True,True,STOP
300,sampled,1215,"[1, 3, 0]","[1, 4, 0]",CH4,{0: 'C'},[],[4],True,False,STOP
300,sampled,1216,"[1, 3, 0]","[1, 3, 0]",CH3,{0: 'C'},[],[3],True,True,STOP
300,sampled,1217,"[1, 3, 0]","[1, 3, 0]",CH3,{0: 'C'},[],[3],True,True,STOP
300,sampled,1218,"[1, 3, 0]","[1, 2, 0]",CH2,{0: 'C'},[],[2],True,False,STOP
300,sampled,1219,"[1, 3, 0]","[1, 4, 0]",CH4,{0: 'C'},[],[4],True,False,STOP
300,sampled,1220,"[1, 3, 0]","[1, 3, 0]",CH3,{0: 'C'},[],[3],True,True,STOP
300,sampled,1221,"[1, 3, 0]","[1, 3, 0]",CH3,{0: 'C'},[],[3],True,True,STOP
300,sampled,1222,"[1, 3, 0]","[1, 4, 0]",CH4,{0: 'C'},[],[4],True,False,STOP
300,sampled,1223,"[1, 3, 0]","[1, 4, 0]",CH4,{0: 'C'},[],[4],True,False,STOP
300,sampled,1224,"[1, 3, 0]","[1, 3, 0]",CH3,{0: 'C'},[],[3],True,True,STOP
300,sampled,1225,"[1, 3, 0]","[1, 3, 0]",CH3,{0: 'C'},[],[3],True,True,STOP
300,sampled,1226,"[1, 3, 0]","[1, 4, 0]",CH4,{0: 'C'},[],[4],True,False,STOP
300,sampled,1227,"[1, 3, 0]","[1, 3, 0]",CH3,{0: 'C'},[],[3],True,True,STOP
300,sampled,1228,"[1, 3, 0]","[1, 4, 0]",CH4,{0: 'C'},[],[4],True,False,STOP
300,sampled,1229,"[1, 3, 0]","[1, 3, 0]",CH3,{0: 'C'},[],[3],True,True,STOP
300,sampled,1230,"[1, 3, 0]","[0, 2, 0]",H2,"{0: 'H', 1: 'H'}","[(0, 1, 1)]",[],True,False,STOP
300,sampled,1231,"[1, 3, 0]","[1, 4, 0]",CH4,{0: 'C'},[],[4],True,False,STOP
300,sampled,1232,"[1, 3, 0]","[1, 3, 0]",CH3,{0: 'C'},[],[3],True,True,STOP
300,sampled,1233,"[1, 3, 0]","[1, 3, 0]",CH3,{0: 'C'},[],[3],True,True,STOP
300,sampled,1234,"[1, 3, 0]","[1, 4, 0]",CH4,{0: 'C'},[],[4],True,False,STOP
300,sampled,1235,"[1, 3, 0]","[1, 3, 0]",CH3,{0: 'C'},[],[3],True,True,STOP
300,sampled,1236,"[1, 3, 0]","[2, 2, 0]",C2H2,"{0: 'C', 1: 'C'}","[(0, 1, 3)]","[1, 1]",True,False,STOP
300,sampled,1237,"[1, 3, 0]","[1, 3, 0]",CH3,{0: 'C'},[],[3],True,True,STOP
300,sampled,1238,"[1, 3, 0]","[1, 3, 0]",CH3,{0: 'C'},[],[3],True,True,STOP
300,sampled,1239,"[1, 3, 0]","[1, 2, 0]",CH2,{0: 'C'},[],[2],True,False,STOP
300,sampled,1240,"[1, 3, 0]","[1, 3, 0]",CH3,{0: 'C'},[],[3],True,True,STOP
300,sampled,1241,"[1, 3, 0]","[1, 3, 0]",CH3,{0: 'C'},[],[3],True,True,STOP
300,sampled,1242,"[1, 3, 0]","[1, 3, 0]",CH3,{0: 'C'},[],[3],True,True,STOP
300,sampled,1243,"[1, 3, 0]","[1, 4, 0]",CH4,{0: 'C'},[],[4],True,False,STOP
300,sampled,1244,"[1, 3, 0]","[1, 3, 0]",CH3,{0: 'C'},[],[3],True,True,STOP
300,sampled,1245,"[1, 3, 0]","[1, 3, 0]",CH3,{0: 'C'},[],[3],True,True,STOP
300,sampled,1246,"[1, 3, 0]","[1, 2, 0]",CH2,{0: 'C'},[],[2],True,False,STOP
300,sampled,1247,"[1, 3, 0]","[1, 3, 0]",CH3,{0: 'C'},[],[3],True,True,STOP
300,sampled,1248,"[1, 3, 0]","[1, 3, 0]",CH3,{0: 'C'},[],[3],True,True,STOP
300,sampled,1249,"[1, 3, 0]","[1, 3, 0]",CH3,{0: 'C'},[],[3],True,True,STOP
300,sampled,1250,"[1, 3, 0]","[1, 3, 0]",CH3,{0: 'C'},[],[3],True,True,STOP
300,sampled,1251,"[1, 3, 0]","[1, 3, 0]",CH3,{0: 'C'},[],[3],True,True,STOP
300,sampled,1252,"[1, 3, 0]","[1, 3, 0]",CH3,{0: 'C'},[],[3],True,True,STOP
300,sampled,1253,"[1, 3, 0]","[1, 3, 0]",CH3,{0: 'C'},[],[3],True,True,STOP
300,sampled,1254,"[1, 3, 0]","[1, 3, 0]",CH3,{0: 'C'},[],[3],True,True,STOP
300,sampled,1255,"[1, 3, 0]","[1, 3, 0]",CH3,{0: 'C'},[],[3],True,True,STOP
300,sampled,1256,"[1, 3, 0]","[1, 3, 0]",CH3,{0: 'C'},[],[3],True,True,STOP
300,sampled,1257,"[1, 3, 0]","[1, 3, 0]",CH3,{0: 'C'},[],[3],True,True,STOP
300,sampled,1258,"[1, 3, 0]","[1, 3, 0]",CH3,{0: 'C'},[],[3],True,True,STOP
300,sampled,1259,"[1, 3, 0]","[1, 3, 0]",CH3,{0: 'C'},[],[3],True,True,STOP
300,sampled,1260,"[1, 3, 0]","[1, 3, 0]",CH3,{0: 'C'},[],[3],True,True,STOP
300,sampled,1261,"[1, 3, 0]","[1, 3, 0]",CH3,{0: 'C'},[],[3],True,True,STOP
300,sampled,1262,"[1, 3, 0]","[1, 3, 0]",CH3,{0: 'C'},[],[3],True,True,STOP
300,sampled,1263,"[1, 3, 0]","[1, 4, 0]",CH4,{0: 'C'},[],[4],True,False,STOP
300,sampled,1264,"[1, 3, 0]","[1, 4, 0]",CH4,{0: 'C'},[],[4],True,False,STOP
300,sampled,1265,"[1, 3, 0]","[1, 3, 0]",CH3,{0: 'C'},[],[3],True,True,STOP
300,sampled,1266,"[1, 3, 0]","[1, 2, 0]",CH2,{0: 'C'},[],[2],True,False,STOP
300,sampled,1267,"[1, 3, 0]","[2, 2, 0]",C2H2,"{0: 'C', 1: 'C'}","[(0, 1, 3)]","[1, 1]",True,False,STOP
300,sampled,1268,"[1, 3, 0]","[1, 3, 0]",CH3,{0: 'C'},[],[3],True,True,STOP
300,sampled,1269,"[1, 3, 0]","[1, 3, 0]",CH3,{0: 'C'},[],[3],True,True,STOP
300,sampled,1270,"[1, 3, 0]","[1, 3, 0]",CH3,{0: 'C'},[],[3],True,True,STOP
300,sampled,1271,"[1, 3, 0]","[1, 4, 0]",CH4,{0: 'C'},[],[4],True,False,STOP
300,sampled,1272,"[1, 3, 0]","[1, 3, 0]",CH3,{0: 'C'},[],[3],True,True,STOP
300,sampled,1273,"[1, 3, 0]","[1, 3, 0]",CH3,{0: 'C'},[],[3],True,True,STOP
300,sampled,1274,"[1, 3, 0]","[2, 3, 1]",CH3CO,"{0: 'C', 1: 'C', 2: 'O'}","[(0, 1, 1), (1, 2, 2)]","[3, 0, 0]",True,False,STOP
300,sampled,1275,"[1, 3, 0]","[1, 3, 1]",CH2OH,"{0: 'C', 1: 'O'}","[(0, 1, 1)]","[2, 1]",True,False,STOP
300,sampled,1276,"[1, 3, 0]","[1, 3, 0]",CH3,{0: 'C'},[],[3],True,True,STOP
300,sampled,1277,"[1, 3, 0]","[1, 3, 0]",CH3,{0: 'C'},[],[3],True,True,STOP
300,sampled,1278,"[1, 3, 0]","[1, 4, 0]",CH4,{0: 'C'},[],[4],True,False,STOP
300,sampled,1279,"[1, 3, 0]","[1, 4, 0]",CH4,{0: 'C'},[],[4],True,False,STOP
300,sampled,1280,"[1, 3, 0]","[1, 3, 0]",CH3,{0: 'C'},[],[3],True,True,STOP
300,sampled,1281,"[1, 3, 0]","[1, 3, 0]",CH3,{0: 'C'},[],[3],True,True,STOP
300,sampled,1282,"[1, 3, 0]","[1, 3, 0]",CH3,{0: 'C'},[],[3],True,True,STOP
300,sampled,1283,"[1, 3, 0]","[1, 3, 0]",CH3,{0: 'C'},[],[3],True,True,STOP
300,sampled,1284,"[1, 3, 0]","[1, 3, 0]",CH3,{0: 'C'},[],[3],True,True,STOP
300,sampled,1285,"[1, 3, 0]","[1, 3, 0]",CH3,{0: 'C'},[],[3],True,True,STOP
300,sampled,1286,"[1, 3, 0]","[1, 4, 0]",CH4,{0: 'C'},[],[4],True,False,STOP
300,sampled,1287,"[1, 3, 0]","[1, 4, 0]",CH4,{0: 'C'},[],[4],True,False,STOP
300,sampled,1288,"[1, 3, 0]","[1, 3, 0]",CH3,{0: 'C'},[],[3],True,True,STOP
300,sampled,1289,"[1, 3, 0]","[1, 3, 0]",CH3,{0: 'C'},[],[3],True,True,STOP
300,sampled,1290,"[1, 3, 0]","[1, 3, 0]",CH3,{0: 'C'},[],[3],True,True,STOP
300,sampled,1291,"[1, 3, 0]","[1, 4, 0]",CH4,{0: 'C'},[],[4],True,False,STOP
300,sampled,1292,"[1, 3, 0]","[1, 3, 0]",CH3,{0: 'C'},[],[3],True,True,STOP
300,sampled,1293,"[1, 3, 0]","[1, 3, 0]",CH3,{0: 'C'},[],[3],True,True,STOP
300,sampled,1294,"[1, 3, 0]","[1, 3, 1]",CH2OH,"{0: 'O', 1: 'C'}","[(0, 1, 1)]","[1, 2]",True,False,STOP
300,sampled,1295,"[1, 3, 0]","[1, 3, 0]",CH3,{0: 'C'},[],[3],True,True,STOP
300,sampled,1296,"[1, 3, 0]","[1, 4, 0]",CH4,{0: 'C'},[],[4],True,False,STOP
300,sampled,1297,"[1, 3, 0]","[1, 3, 0]",CH3,{0: 'C'},[],[3],True,True,STOP
300,sampled,1298,"[1, 3, 0]","[1, 3, 0]",CH3,{0: 'C'},[],[3],True,True,STOP
300,sampled,1299,"[1, 3, 0]","[1, 4, 0]",CH4,{0: 'C'},[],[4],True,False,STOP
300,sampled,1300,"[1, 3, 0]","[1, 3, 0]",CH3,{0: 'C'},[],[3],True,True,STOP
300,sampled,1301,"[1, 3, 2]","[1, 3, 2]",CH3O2,"{0: 'O', 1: 'C', 2: 'O'}","[(0, 1, 1), (0, 2, 1)]","[0, 3, 0]",True,True,STOP
300,sampled,1302,"[1, 3, 2]","[1, 3, 1]",CH3O,"{0: 'C', 1: 'O'}","[(0, 1, 1)]","[3, 0]",True,False,STOP
300,sampled,1303,"[1, 3, 2]","[1, 3, 2]",CH3O2,"{0: 'C', 1: 'O', 2: 'O'}","[(0, 1, 1), (1, 2, 1)]","[3, 0, 0]",True,True,STOP
300,sampled,1304,"[1, 3, 2]","[1, 3, 1]",CH2OH,"{0: 'C', 1: 'O'}","[(0, 1, 1)]","[2, 1]",True,False,STOP
300,sampled,1305,"[1, 3, 2]","[1, 3, 2]",CH3O2,"{0: 'C', 1: 'O', 2: 'O'}","[(0, 1, 1), (1, 2, 1)]","[3, 0, 0]",True,True,STOP
300,sampled,1306,"[1, 3, 2]","[1, 3, 2]",CH3O2,"{0: 'C', 1: 'O', 2: 'O'}","[(0, 1, 1), (1, 2, 1)]","[3, 0, 0]",True,True,STOP
300,sampled,1307,"[1, 3, 2]","[1, 3, 2]",Unknown,"{0: 'C', 1: 'O', 2: 'O'}","[(0, 1, 1), (1, 2, 1)]","[2, 0, 1]",False,False,STOP
300,sampled,1308,"[1, 3, 2]","[1, 3, 2]",CH3O2,"{0: 'O', 1: 'C', 2: 'O'}","[(0, 1, 1), (0, 2, 1)]","[0, 3, 0]",True,True,STOP
300,sampled,1309,"[1, 3, 2]","[1, 3, 1]",CH3O,"{0: 'C', 1: 'O'}","[(0, 1, 1)]","[3, 0]",True,False,STOP
300,sampled,1310,"[1, 3, 2]","[1, 3, 2]",CH3O2,"{0: 'C', 1: 'O', 2: 'O'}","[(0, 1, 1), (1, 2, 1)]","[3, 0, 0]",True,True,STOP
300,sampled,1311,"[1, 3, 2]","[1, 3, 2]",CH3O2,"{0: 'C', 1: 'O', 2: 'O'}","[(0, 1, 1), (1, 2, 1)]","[3, 0, 0]",True,True,STOP
300,sampled,1312,"[1, 3, 2]","[1, 3, 2]",CH3O2,"{0: 'O', 1: 'C', 2: 'O'}","[(0, 1, 1), (0, 2, 1)]","[0, 3, 0]",True,True,STOP
300,sampled,1313,"[1, 3, 2]","[1, 3, 2]",CH3O2,"{0: 'C', 1: 'O', 2: 'O'}","[(0, 1, 1), (1, 2, 1)]","[3, 0, 0]",True,True,STOP
300,sampled,1314,"[1, 3, 2]","[1, 3, 2]",CH3O2,"{0: 'C', 1: 'O', 2: 'O'}","[(0, 1, 1), (1, 2, 1)]","[3, 0, 0]",True,True,STOP
300,sampled,1315,"[1, 3, 2]","[1, 3, 2]",CH3O2,"{0: 'C', 1: 'O', 2: 'O'}","[(0, 1, 1), (1, 2, 1)]","[3, 0, 0]",True,True,STOP
300,sampled,1316,"[1, 3, 2]","[1, 3, 1]",CH3O,"{0: 'O', 1: 'C'}","[(0, 1, 1)]","[0, 3]",True,False,STOP
300,sampled,1317,"[1, 3, 2]","[1, 3, 2]",CH3O2,"{0: 'C', 1: 'O', 2: 'O'}","[(0, 1, 1), (1, 2, 1)]","[3, 0, 0]",True,True,STOP
300,sampled,1318,"[1, 3, 2]","[1, 3, 2]",CH3O2,"{0: 'O', 1: 'C', 2: 'O'}","[(0, 1, 1), (0, 2, 1)]","[0, 3, 0]",True,True,STOP
300,sampled,1319,"[1, 3, 2]","[1, 3, 2]",CH3O2,"{0: 'O', 1: 'C', 2: 'O'}","[(0, 1, 1), (0, 2, 1)]","[0, 3, 0]",True,True,STOP
300,sampled,1320,"[1, 3, 2]","[1, 3, 2]",CH3O2,"{0: 'C', 1: 'O', 2: 'O'}","[(0, 1, 1), (1, 2, 1)]","[3, 0, 0]",True,True,STOP
300,sampled,1321,"[1, 3, 2]","[1, 3, 2]",CH3O2,"{0: 'O', 1: 'C', 2: 'O'}","[(0, 1, 1), (0, 2, 1)]","[0, 3, 0]",True,True,STOP
300,sampled,1322,"[1, 3, 2]","[1, 3, 1]",CH2OH,"{0: 'C', 1: 'O'}","[(0, 1, 1)]","[2, 1]",True,False,STOP
300,sampled,1323,"[1, 3, 2]","[1, 3, 2]",CH3O2,"{0: 'C', 1: 'O', 2: 'O'}","[(0, 1, 1), (1, 2, 1)]","[3, 0, 0]",True,True,STOP
300,sampled,1324,"[1, 3, 2]","[1, 3, 2]",CH3O2,"{0: 'C', 1: 'O', 2: 'O'}","[(0, 1, 1), (1, 2, 1)]","[3, 0, 0]",True,True,STOP
300,sampled,1325,"[1, 3, 2]","[1, 3, 2]",CH3O2,"{0: 'C', 1: 'O', 2: 'O'}","[(0, 1, 1), (1, 2, 1)]","[3, 0, 0]",True,True,STOP
300,sampled,1326,"[1, 3, 2]","[1, 3, 2]",CH3O2,"{0: 'C', 1: 'O', 2: 'O'}","[(0, 1, 1), (1, 2, 1)]","[3, 0, 0]",True,True,STOP
300,sampled,1327,"[1, 3, 2]","[1, 3, 1]",CH2OH,"{0: 'C', 1: 'O'}","[(0, 1, 1)]","[2, 1]",True,False,STOP
300,sampled,1328,"[1, 3, 2]","[0, 2, 2]",H2O2,"{0: 'O', 1: 'O'}","[(0, 1, 1)]","[1, 1]",True,False,STOP
300,sampled,1329,"[1, 3, 2]","[1, 3, 1]",CH2OH,"{0: 'C', 1: 'O'}","[(0, 1, 1)]","[2, 1]",True,False,STOP
300,sampled,1330,"[1, 3, 2]","[1, 3, 2]",CH3O2,"{0: 'O', 1: 'C', 2: 'O'}","[(0, 1, 1), (0, 2, 1)]","[0, 3, 0]",True,True,STOP
300,sampled,1331,"[1, 3, 2]","[1, 3, 2]",CH3O2,"{0: 'O', 1: 'C', 2: 'O'}","[(0, 1, 1), (0, 2, 1)]","[0, 3, 0]",True,True,STOP
300,sampled,1332,"[1, 3, 2]","[1, 2, 1]",CH2O,"{0: 'O', 1: 'C'}","[(0, 1, 2)]","[0, 2]",True,False,STOP
300,sampled,1333,"[1, 3, 2]","[1, 3, 2]",CH3O2,"{0: 'O', 1: 'O', 2: 'C'}","[(0, 1, 1), (1, 2, 1)]","[0, 0, 3]",True,True,STOP
300,sampled,1334,"[1, 3, 2]","[1, 2, 1]",CH2O,"{0: 'O', 1: 'C'}","[(0, 1, 2)]","[0, 2]",True,False,STOP
300,sampled,1335,"[1, 3, 2]","[1, 3, 2]",CH3O2,"{0: 'C', 1: 'O', 2: 'O'}","[(0, 1, 1), (1, 2, 1)]","[3, 0, 0]",True,True,STOP
300,sampled,1336,"[1, 3, 2]","[1, 3, 1]",CH3O,"{0: 'C', 1: 'O'}","[(0, 1, 1)]","[3, 0]",True,False,STOP
300,sampled,1337,"[1, 3, 2]","[1, 3, 1]",CH2OH,"{0: 'O', 1: 'C'}","[(0, 1, 1)]","[1, 2]",True,False,STOP
300,sampled,1338,"[1, 3, 2]","[1, 3, 1]",CH2OH,"{0: 'C', 1: 'O'}","[(0, 1, 1)]","[2, 1]",True,False,STOP
300,sampled,1339,"[1, 3, 2]","[1, 3, 1]",CH2OH,"{0: 'O', 1: 'C'}","[(0, 1, 1)]","[1, 2]",True,False,STOP
300,sampled,1340,"[1, 3, 2]","[1, 3, 1]",CH2OH,"{0: 'O', 1: 'C'}","[(0, 1, 1)]","[1, 2]",True,False,STOP
300,sampled,1341,"[1, 3, 2]","[1, 3, 1]",CH2OH,"{0: 'C', 1: 'O'}","[(0, 1, 1)]","[2, 1]",True,False,STOP
300,sampled,1342,"[1, 3, 2]","[1, 4, 1]",CH3OH,"{0: 'O', 1: 'C'}","[(0, 1, 1)]","[1, 3]",True,False,STOP
300,sampled,1343,"[1, 3, 2]","[1, 3, 1]",CH2OH,"{0: 'C', 1: 'O'}","[(0, 1, 1)]","[2, 1]",True,False,STOP
300,sampled,1344,"[1, 3, 2]","[1, 3, 2]",CH3O2,"{0: 'C', 1: 'O', 2: 'O'}","[(0, 1, 1), (1, 2, 1)]","[3, 0, 0]",True,True,STOP
300,sampled,1345,"[1, 3, 2]","[1, 3, 2]",Unknown,"{0: 'C', 1: 'O', 2: 'O'}","[(0, 1, 1), (0, 2, 1)]","[2, 1, 0]",False,False,STOP
300,sampled,1346,"[1, 3, 2]","[1, 3, 2]",CH3O2,"{0: 'O', 1: 'C', 2: 'O'}","[(0, 1, 1), (0, 2, 1)]","[0, 3, 0]",True,True,STOP
300,sampled,1347,"[1, 3, 2]","[1, 3, 1]",CH2OH,"{0: 'O', 1: 'C'}","[(0, 1, 1)]","[1, 2]",True,False,STOP
300,sampled,1348,"[1, 3, 2]","[1, 3, 2]",CH3O2,"{0: 'C', 1: 'O', 2: 'O'}","[(0, 1, 1), (1, 2, 1)]","[3, 0, 0]",True,True,STOP
300,sampled,1349,"[1, 3, 2]","[1, 3, 1]",CH2OH,"{0: 'O', 1: 'C'}","[(0, 1, 1)]","[1, 2]",True,False,STOP
300,sampled,1350,"[1, 3, 2]","[1, 2, 2]",Unknown,"{0: 'O', 1: 'C', 2: 'O'}","[(0, 1, 2), (1, 2, 1)]","[0, 1, 1]",False,False,STOP
300,sampled,1351,"[1, 3, 2]","[0, 2, 2]",H2O2,"{0: 'O', 1: 'O'}","[(0, 1, 1)]","[1, 1]",True,False,STOP
300,sampled,1352,"[1, 3, 2]","[1, 3, 1]",CH2OH,"{0: 'C', 1: 'O'}","[(0, 1, 1)]","[2, 1]",True,False,STOP
300,sampled,1353,"[1, 3, 2]","[1, 3, 1]",CH2OH,"{0: 'O', 1: 'C'}","[(0, 1, 1)]","[1, 2]",True,False,STOP
300,sampled,1354,"[1, 3, 2]","[1, 2, 1]",CH2O,"{0: 'C', 1: 'O'}","[(0, 1, 2)]","[2, 0]",True,False,STOP
300,sampled,1355,"[1, 3, 2]","[1, 3, 3]",Unknown,"{0: 'C', 1: 'O', 2: 'O', 3: 'O'}","[(0, 1, 1), (0, 2, 1), (1, 3, 1)]","[2, 0, 1, 0]",False,False,STOP
300,sampled,1356,"[1, 3, 2]","[1, 3, 2]",CH3O2,"{0: 'C', 1: 'O', 2: 'O'}","[(0, 1, 1), (1, 2, 1)]","[3, 0, 0]",True,True,STOP
300,sampled,1357,"[1, 3, 2]","[1, 3, 2]",CH3O2,"{0: 'C', 1: 'O', 2: 'O'}","[(0, 1, 1), (1, 2, 1)]","[3, 0, 0]",True,True,STOP
300,sampled,1358,"[1, 3, 2]","[1, 3, 2]",CH3O2,"{0: 'O', 1: 'C', 2: 'O'}","[(0, 1, 1), (0, 2, 1)]","[0, 3, 0]",True,True,STOP
300,sampled,1359,"[1, 3, 2]","[1, 3, 2]",CH3O2,"{0: 'C', 1: 'O', 2: 'O'}","[(0, 1, 1), (1, 2, 1)]","[3, 0, 0]",True,True,STOP
300,sampled,1360,"[1, 3, 2]","[1, 3, 2]",CH3O2,"{0: 'C', 1: 'O', 2: 'O'}","[(0, 1, 1), (1, 2, 1)]","[3, 0, 0]",True,True,STOP
300,sampled,1361,"[1, 3, 2]","[1, 3, 2]",CH3O2,"{0: 'C', 1: 'O', 2: 'O'}","[(0, 1, 1), (1, 2, 1)]","[3, 0, 0]",True,True,STOP
300,sampled,1362,"[1, 3, 2]","[1, 3, 2]",CH3O2,"{0: 'C', 1: 'O', 2: 'O'}","[(0, 1, 1), (1, 2, 1)]","[3, 0, 0]",True,True,STOP
300,sampled,1363,"[1, 3, 2]","[1, 2, 1]",CH2O,"{0: 'O', 1: 'C'}","[(0, 1, 2)]","[0, 2]",True,False,STOP
300,sampled,1364,"[1, 3, 2]","[1, 3, 2]",CH3O2,"{0: 'C', 1: 'O', 2: 'O'}","[(0, 1, 1), (1, 2, 1)]","[3, 0, 0]",True,True,STOP
300,sampled,1365,"[1, 3, 2]","[1, 3, 2]",CH3O2,"{0: 'C', 1: 'O', 2: 'O'}","[(0, 1, 1), (1, 2, 1)]","[3, 0, 0]",True,True,STOP
300,sampled,1366,"[1, 3, 2]","[1, 3, 1]",CH2OH,"{0: 'O', 1: 'C'}","[(0, 1, 1)]","[1, 2]",True,False,STOP
300,sampled,1367,"[1, 3, 2]","[1, 3, 2]",CH3O2,"{0: 'C', 1: 'O', 2: 'O'}","[(0, 1, 1), (1, 2, 1)]","[3, 0, 0]",True,True,STOP
300,sampled,1368,"[1, 3, 2]","[1, 3, 2]",CH3O2,"{0: 'C', 1: 'O', 2: 'O'}","[(0, 1, 1), (1, 2, 1)]","[3, 0, 0]",True,True,STOP
300,sampled,1369,"[1, 3, 2]","[1, 3, 2]",CH3O2,"{0: 'O', 1: 'C', 2: 'O'}","[(0, 1, 1), (0, 2, 1)]","[0, 3, 0]",True,True,STOP
300,sampled,1370,"[1, 3, 2]","[1, 3, 2]",Unknown,"{0: 'C', 1: 'O', 2: 'O'}","[(0, 1, 1), (0, 2, 1)]","[2, 1, 0]",False,False,STOP
300,sampled,1371,"[1, 3, 2]","[1, 3, 2]",CH3O2,"{0: 'C', 1: 'O', 2: 'O'}","[(0, 1, 1), (1, 2, 1)]","[3, 0, 0]",True,True,STOP
300,sampled,1372,"[1, 3, 2]","[1, 2, 1]",CH2O,"{0: 'O', 1: 'C'}","[(0, 1, 2)]","[0, 2]",True,False,STOP
300,sampled,1373,"[1, 3, 2]","[1, 3, 1]",CH2OH,"{0: 'C', 1: 'O'}","[(0, 1, 1)]","[2, 1]",True,False,STOP
300,sampled,1374,"[1, 3, 2]","[1, 3, 2]",CH3O2,"{0: 'C', 1: 'O', 2: 'O'}","[(0, 1, 1), (1, 2, 1)]","[3, 0, 0]",True,True,STOP
300,sampled,1375,"[1, 3, 2]","[1, 3, 1]",CH3O,"{0: 'C', 1: 'O'}","[(0, 1, 1)]","[3, 0]",True,False,STOP
300,sampled,1376,"[1, 3, 2]","[1, 3, 1]",CH3O,"{0: 'C', 1: 'O'}","[(0, 1, 1)]","[3, 0]",True,False,STOP
300,sampled,1377,"[1, 3, 2]","[1, 3, 1]",CH2OH,"{0: 'O', 1: 'C'}","[(0, 1, 1)]","[1, 2]",True,False,STOP
300,sampled,1378,"[1, 3, 2]","[1, 2, 1]",CH2O,"{0: 'O', 1: 'C'}","[(0, 1, 2)]","[0, 2]",True,False,STOP
300,sampled,1379,"[1, 3, 2]","[1, 2, 1]",CH2O,"{0: 'C', 1: 'O'}","[(0, 1, 2)]","[2, 0]",True,False,STOP
300,sampled,1380,"[1, 3, 2]","[1, 2, 2]",Unknown,"{0: 'O', 1: 'C', 2: 'O'}","[(0, 1, 2), (1, 2, 1)]","[0, 1, 1]",False,False,STOP
300,sampled,1381,"[1, 3, 2]","[1, 3, 2]",CH3O2,"{0: 'C', 1: 'O', 2: 'O'}","[(0, 1, 1), (1, 2, 1)]","[3, 0, 0]",True,True,STOP
300,sampled,1382,"[1, 3, 2]","[1, 3, 2]",CH3O2,"{0: 'O', 1: 'C', 2: 'O'}","[(0, 1, 1), (0, 2, 1)]","[0, 3, 0]",True,True,STOP
300,sampled,1383,"[1, 3, 2]","[1, 3, 2]",CH3O2,"{0: 'O', 1: 'C', 2: 'O'}","[(0, 1, 1), (0, 2, 1)]","[0, 3, 0]",True,True,STOP
300,sampled,1384,"[1, 3, 2]","[1, 3, 1]",CH2OH,"{0: 'O', 1: 'C'}","[(0, 1, 1)]","[1, 2]",True,False,STOP
300,sampled,1385,"[1, 3, 2]","[1, 3, 1]",CH2OH,"{0: 'O', 1: 'C'}","[(0, 1, 1)]","[1, 2]",True,False,STOP
300,sampled,1386,"[1, 3, 2]","[1, 3, 1]",CH3O,"{0: 'C', 1: 'O'}","[(0, 1, 1)]","[3, 0]",True,False,STOP
300,sampled,1387,"[1, 3, 2]","[1, 3, 1]",CH2OH,"{0: 'O', 1: 'C'}","[(0, 1, 1)]","[1, 2]",True,False,STOP
300,sampled,1388,"[1, 3, 2]","[1, 3, 1]",CH2OH,"{0: 'O', 1: 'C'}","[(0, 1, 1)]","[1, 2]",True,False,STOP
300,sampled,1389,"[1, 3, 2]","[1, 3, 2]",CH3O2,"{0: 'O', 1: 'C', 2: 'O'}","[(0, 1, 1), (0, 2, 1)]","[0, 3, 0]",True,True,STOP
300,sampled,1390,"[1, 3, 2]","[1, 3, 1]",CH3O,"{0: 'C', 1: 'O'}","[(0, 1, 1)]","[3, 0]",True,False,STOP
300,sampled,1391,"[1, 3, 2]","[1, 3, 2]",CH3O2,"{0: 'C', 1: 'O', 2: 'O'}","[(0, 1, 1), (1, 2, 1)]","[3, 0, 0]",True,True,STOP
300,sampled,1392,"[1, 3, 2]","[1, 3, 2]",CH3O2,"{0: 'O', 1: 'C', 2: 'O'}","[(0, 1, 1), (0, 2, 1)]","[0, 3, 0]",True,True,STOP
300,sampled,1393,"[1, 3, 2]","[1, 3, 2]",CH3O2,"{0: 'C', 1: 'O', 2: 'O'}","[(0, 1, 1), (1, 2, 1)]","[3, 0, 0]",True,True,STOP
300,sampled,1394,"[1, 3, 2]","[1, 3, 2]",CH3O2,"{0: 'O', 1: 'C', 2: 'O'}","[(0, 1, 1), (0, 2, 1)]","[0, 3, 0]",True,True,STOP
300,sampled,1395,"[1, 3, 2]","[1, 3, 2]",CH3O2,"{0: 'C', 1: 'O', 2: 'O'}","[(0, 1, 1), (1, 2, 1)]","[3, 0, 0]",True,True,STOP
300,sampled,1396,"[1, 3, 2]","[1, 3, 2]",CH3O2,"{0: 'O', 1: 'O', 2: 'C'}","[(0, 1, 1), (0, 2, 1)]","[0, 0, 3]",True,True,STOP
300,sampled,1397,"[1, 3, 2]","[1, 3, 2]",CH3O2,"{0: 'C', 1: 'O', 2: 'O'}","[(0, 1, 1), (1, 2, 1)]","[3, 0, 0]",True,True,STOP
300,sampled,1398,"[1, 3, 2]","[1, 3, 1]",CH2OH,"{0: 'O', 1: 'C'}","[(0, 1, 1)]","[1, 2]",True,False,STOP
300,sampled,1399,"[1, 3, 2]","[1, 3, 2]",Unknown,"{0: 'O', 1: 'C', 2: 'O'}","[(0, 1, 1), (1, 2, 1)]","[1, 2, 0]",False,False,STOP
300,sampled,1400,"[1, 3, 2]","[1, 3, 1]",CH2OH,"{0: 'C', 1: 'O'}","[(0, 1, 1)]","[2, 1]",True,False,STOP
300,sampled,1401,"[1, 2, 0]","[1, 2, 1]",CH2O,"{0: 'C', 1: 'O'}","[(0, 1, 2)]","[2, 0]",True,False,STOP
300,sampled,1402,"[1, 2, 0]","[1, 1, 0]",CH,{0: 'C'},[],[1],True,False,STOP
300,sampled,1403,"[1, 2, 0]","[1, 3, 0]",CH3,{0: 'C'},[],[3],True,False,STOP
300,sampled,1404,"[1, 2, 0]","[1, 2, 0]",CH2,{0: 'C'},[],[2],True,True,STOP
300,sampled,1405,"[1, 2, 0]","[1, 3, 0]",CH3,{0: 'C'},[],[3],True,False,STOP
300,sampled,1406,"[1, 2, 0]","[1, 2, 0]",CH2,{0: 'C'},[],[2],True,True,STOP
300,sampled,1407,"[1, 2, 0]","[1, 2, 0]",CH2,{0: 'C'},[],[2],True,True,STOP
300,sampled,1408,"[1, 2, 0]","[1, 2, 0]",CH2,{0: 'C'},[],[2],True,True,STOP
300,sampled,1409,"[1, 2, 0]","[1, 3, 0]",CH3,{0: 'C'},[],[3],True,False,STOP
300,sampled,1410,"[1, 2, 0]","[2, 2, 0]",C2H2,"{0: 'C', 1: 'C'}","[(0, 1, 3)]","[1, 1]",True,False,STOP
300,sampled,1411,"[1, 2, 0]","[1, 2, 0]",CH2,{0: 'C'},[],[2],True,True,STOP
300,sampled,1412,"[1, 2, 0]","[1, 2, 1]",CH2O,"{0: 'C', 1: 'O'}","[(0, 1, 2)]","[2, 0]",True,False,STOP
300,sampled,1413,"[1, 2, 0]","[1, 2, 0]",CH2,{0: 'C'},[],[2],True,True,STOP
300,sampled,1414,"[1, 2, 0]","[1, 2, 0]",CH2,{0: 'C'},[],[2],True,True,STOP
300,sampled,1415,"[1, 2, 0]","[1, 3, 0]",CH3,{0: 'C'},[],[3],True,False,STOP
300,sampled,1416,"[1, 2, 0]","[1, 3, 0]",CH3,{0: 'C'},[],[3],True,False,STOP
300,sampled,1417,"[1, 2, 0]","[1, 1, 0]",CH,{0: 'C'},[],[1],True,False,STOP
300,sampled,1418,"[1, 2, 0]","[1, 2, 0]",CH2,{0: 'C'},[],[2],True,True,STOP
300,sampled,1419,"[1, 2, 0]","[1, 2, 0]",CH2,{0: 'C'},[],[2],True,True,STOP
300,sampled,1420,"[1, 2, 0]","[1, 3, 0]",CH3,{0: 'C'},[],[3],True,False,STOP
300,sampled,1421,"[1, 2, 0]","[1, 0, 0]",C,{0: 'C'},[],[0],True,False,STOP
300,sampled,1422,"[1, 2, 0]","[1, 2, 0]",CH2,{0: 'C'},[],[2],True,True,STOP
300,sampled,1423,"[1, 2, 0]","[1, 2, 0]",CH2,{0: 'C'},[],[2],True,True,STOP
300,sampled,1424,"[1, 2, 0]","[1, 2, 0]",CH2,{0: 'C'},[],[2],True,True,STOP
300,sampled,1425,"[1, 2, 0]","[1, 2, 0]",CH2,{0: 'C'},[],[2],True,True,STOP
300,sampled,1426,"[1, 2, 0]","[1, 3, 0]",CH3,{0: 'C'},[],[3],True,False,STOP
300,sampled,1427,"[1, 2, 0]","[1, 2, 0]",CH2,{0: 'C'},[],[2],True,True,STOP
300,sampled,1428,"[1, 2, 0]","[1, 2, 0]",CH2,{0: 'C'},[],[2],True,True,STOP
300,sampled,1429,"[1, 2, 0]","[1, 2, 0]",CH2,{0: 'C'},[],[2],True,True,STOP
300,sampled,1430,"[1, 2, 0]","[0, 2, 1]",H2O,{0: 'O'},[],[2],True,False,STOP
300,sampled,1431,"[1, 2, 0]","[1, 2, 0]",CH2,{0: 'C'},[],[2],True,True,STOP
300,sampled,1432,"[1, 2, 0]","[1, 2, 0]",CH2,{0: 'C'},[],[2],True,True,STOP
300,sampled,1433,"[1, 2, 0]","[1, 2, 0]",CH2,{0: 'C'},[],[2],True,True,STOP
300,sampled,1434,"[1, 2, 0]","[1, 2, 0]",CH2,{0: 'C'},[],[2],True,True,STOP
300,sampled,1435,"[1, 2, 0]","[1, 3, 0]",CH3,{0: 'C'},[],[3],True,False,STOP
300,sampled,1436,"[1, 2, 0]","[1, 3, 0]",CH3,{0: 'C'},[],[3],True,False,STOP
300,sampled,1437,"[1, 2, 0]","[1, 2, 0]",CH2,{0: 'C'},[],[2],True,True,STOP
300,sampled,1438,"[1, 2, 0]","[2, 2, 1]",CH2CO,"{0: 'C', 1: 'C', 2: 'O'}","[(0, 1, 2), (1, 2, 2)]","[2, 0, 0]",True,False,STOP
300,sampled,1439,"[1, 2, 0]","[1, 3, 0]",CH3,{0: 'C'},[],[3],True,False,STOP
300,sampled,1440,"[1, 2, 0]","[1, 1, 0]",CH,{0: 'C'},[],[1],True,False,STOP
300,sampled,1441,"[1, 2, 0]","[1, 2, 1]",CH2O,"{0: 'O', 1: 'C'}","[(0, 1, 2)]","[0, 2]",True,False,STOP
300,sampled,1442,"[1, 2, 0]","[1, 2, 0]",CH2,{0: 'C'},[],[2],True,True,STOP
300,sampled,1443,"[1, 2, 0]","[1, 3, 0]",CH3,{0: 'C'},[],[3],True,False,STOP
300,sampled,1444,"[1, 2, 0]","[1, 2, 0]",CH2,{0: 'C'},[],[2],True,True,STOP
300,sampled,1445,"[1, 2, 0]","[1, 2, 0]",CH2,{0: 'C'},[],[2],True,True,STOP
300,sampled,1446,"[1, 2, 0]","[1, 2, 0]",CH2,{0: 'C'},[],[2],True,True,STOP
300,sampled,1447,"[1, 2, 0]","[1, 2, 0]",CH2,{0: 'C'},[],[2],True,True,STOP
300,sampled,1448,"[1, 2, 0]","[1, 3, 0]",CH3,{0: 'C'},[],[3],True,False,STOP
300,sampled,1449,"[1, 2, 0]","[1, 2, 0]",CH2,{0: 'C'},[],[2],True,True,STOP
300,sampled,1450,"[1, 2, 0]","[1, 2, 0]",CH2,{0: 'C'},[],[2],True,True,STOP
300,sampled,1451,"[1, 2, 0]","[1, 3, 0]",CH3,{0: 'C'},[],[3],True,False,STOP
300,sampled,1452,"[1, 2, 0]","[1, 2, 0]",CH2,{0: 'C'},[],[2],True,True,STOP
300,sampled,1453,"[1, 2, 0]","[1, 2, 0]",CH2,{0: 'C'},[],[2],True,True,STOP
300,sampled,1454,"[1, 2, 0]","[1, 3, 0]",CH3,{0: 'C'},[],[3],True,False,STOP
300,sampled,1455,"[1, 2, 0]","[1, 2, 0]",CH2,{0: 'C'},[],[2],True,True,STOP
300,sampled,1456,"[1, 2, 0]","[1, 3, 0]",CH3,{0: 'C'},[],[3],True,False,STOP
300,sampled,1457,"[1, 2, 0]","[1, 2, 0]",CH2,{0: 'C'},[],[2],True,True,STOP
300,sampled,1458,"[1, 2, 0]","[1, 2, 0]",CH2,{0: 'C'},[],[2],True,True,STOP
300,sampled,1459,"[1, 2, 0]","[1, 3, 0]",CH3,{0: 'C'},[],[3],True,False,STOP
300,sampled,1460,"[1, 2, 0]","[1, 2, 0]",CH2,{0: 'C'},[],[2],True,True,STOP
300,sampled,1461,"[1, 2, 0]","[1, 2, 0]",CH2,{0: 'C'},[],[2],True,True,STOP
300,sampled,1462,"[1, 2, 0]","[1, 2, 0]",CH2,{0: 'C'},[],[2],True,True,STOP
300,sampled,1463,"[1, 2, 0]","[1, 3, 0]",CH3,{0: 'C'},[],[3],True,False,STOP
300,sampled,1464,"[1, 2, 0]","[2, 3, 0]",C2H3,"{0: 'C', 1: 'C'}","[(0, 1, 2)]","[1, 2]",True,False,STOP
300,sampled,1465,"[1, 2, 0]","[1, 2, 0]",CH2,{0: 'C'},[],[2],True,True,STOP
300,sampled,1466,"[1, 2, 0]","[1, 2, 0]",CH2,{0: 'C'},[],[2],True,True,STOP
300,sampled,1467,"[1, 2, 0]","[2, 2, 0]",C2H2,"{0: 'C', 1: 'C'}","[(0, 1, 3)]","[1, 1]",True,False,STOP
300,sampled,1468,"[1, 2, 0]","[1, 1, 0]",CH,{0: 'C'},[],[1],True,False,STOP
300,sampled,1469,"[1, 2, 0]","[1, 2, 0]",CH2,{0: 'C'},[],[2],True,True,STOP
300,sampled,1470,"[1, 2, 0]","[1, 2, 0]",CH2,{0: 'C'},[],[2],True,True,STOP
300,sampled,1471,"[1, 2, 0]","[1, 2, 0]",CH2,{0: 'C'},[],[2],True,True,STOP
300,sampled,1472,"[1, 2, 0]","[1, 2, 0]",CH2,{0: 'C'},[],[2],True,True,STOP
300,sampled,1473,"[1, 2, 0]","[1, 3, 0]",CH3,{0: 'C'},[],[3],True,False,STOP
300,sampled,1474,"[1, 2, 0]","[1, 2, 0]",CH2,{0: 'C'},[],[2],True,True,STOP
300,sampled,1475,"[1, 2, 0]","[2, 2, 0]",C2H2,"{0: 'C', 1: 'C'}","[(0, 1, 3)]","[1, 1]",True,False,STOP
300,sampled,1476,"[1, 2, 0]","[1, 3, 0]",CH3,{0: 'C'},[],[3],True,False,STOP
300,sampled,1477,"[1, 2, 0]","[1, 2, 0]",CH2,{0: 'C'},[],[2],True,True,STOP
300,sampled,1478,"[1, 2, 0]","[1, 3, 0]",CH3,{0: 'C'},[],[3],True,False,STOP
300,sampled,1479,"[1, 2, 0]","[1, 2, 0]",CH2,{0: 'C'},[],[2],True,True,STOP
300,sampled,1480,"[1, 2, 0]","[1, 3, 0]",CH3,{0: 'C'},[],[3],True,False,STOP
300,sampled,1481,"[1, 2, 0]","[1, 3, 0]",CH3,{0: 'C'},[],[3],True,False,STOP
300,sampled,1482,"[1, 2, 0]","[1, 1, 0]",CH,{0: 'C'},[],[1],True,False,STOP
300,sampled,1483,"[1, 2, 0]","[1, 2, 0]",CH2,{0: 'C'},[],[2],True,True,STOP
300,sampled,1484,"[1, 2, 0]","[1, 2, 0]",CH2,{0: 'C'},[],[2],True,True,STOP
300,sampled,1485,"[1, 2, 0]","[1, 2, 0]",CH2,{0: 'C'},[],[2],True,True,STOP
300,sampled,1486,"[1, 2, 0]","[1, 2, 0]",CH2,{0: 'C'},[],[2],True,True,STOP
300,sampled,1487,"[1, 2, 0]","[1, 3, 0]",CH3,{0: 'C'},[],[3],True,False,STOP
300,sampled,1488,"[1, 2, 0]","[1, 2, 0]",CH2,{0: 'C'},[],[2],True,True,STOP
300,sampled,1489,"[1, 2, 0]","[1, 2, 0]",CH2,{0: 'C'},[],[2],True,True,STOP
300,sampled,1490,"[1, 2, 0]","[1, 3, 0]",CH3,{0: 'C'},[],[3],True,False,STOP
300,sampled,1491,"[1, 2, 0]","[1, 2, 0]",CH2,{0: 'C'},[],[2],True,True,STOP
300,sampled,1492,"[1, 2, 0]","[2, 3, 0]",C2H3,"{0: 'C', 1: 'C'}","[(0, 1, 2)]","[2, 1]",True,False,STOP
300,sampled,1493,"[1, 2, 0]","[1, 1, 0]",CH,{0: 'C'},[],[1],True,False,STOP
300,sampled,1494,"[1, 2, 0]","[0, 2, 0]",H2,"{0: 'H', 1: 'H'}","[(0, 1, 1)]",[],True,False,STOP
300,sampled,1495,"[1, 2, 0]","[1, 2, 0]",CH2,{0: 'C'},[],[2],True,True,STOP
300,sampled,1496,"[1, 2, 0]","[1, 2, 0]",CH2,{0: 'C'},[],[2],True,True,STOP
300,sampled,1497,"[1, 2, 0]","[1, 3, 0]",CH3,{0: 'C'},[],[3],True,False,STOP
300,sampled,1498,"[1, 2, 0]","[1, 2, 0]",CH2,{0: 'C'},[],[2],True,True,STOP
300,sampled,1499,"[1, 2, 0]","[1, 2, 0]",CH2,{0: 'C'},[],[2],True,True,STOP
300,sampled,1500,"[1, 2, 0]","[1, 2, 0]",CH2,{0: 'C'},[],[2],True,True,STOP
300,sampled,1501,"[1, 1, 0]","[1, 1, 0]",CH,{0: 'C'},[],[1],True,True,STOP
300,sampled,1502,"[1, 1, 0]","[1, 0, 0]",C,{0: 'C'},[],[0],True,False,STOP
300,sampled,1503,"[1, 1, 0]","[1, 0, 0]",C,{0: 'C'},[],[0],True,False,STOP
300,sampled,1504,"[1, 1, 0]","[1, 0, 0]",C,{0: 'C'},[],[0],True,False,STOP
300,sampled,1505,"[1, 1, 0]","[1, 1, 0]",CH,{0: 'C'},[],[1],True,True,STOP
300,sampled,1506,"[1, 1, 0]","[2, 1, 1]",HCCO,"{0: 'O', 1: 'C', 2: 'C'}","[(0, 1, 2), (1, 2, 2)]","[0, 0, 1]",True,False,STOP
300,sampled,1507,"[1, 1, 0]","[1, 1, 1]",HCO,"{0: 'O', 1: 'C'}","[(0, 1, 2)]","[0, 1]",True,False,STOP
300,sampled,1508,"[1, 1, 0]","[1, 0, 0]",C,{0: 'C'},[],[0],True,False,STOP
300,sampled,1509,"[1, 1, 0]","[1, 1, 0]",CH,{0: 'C'},[],[1],True,True,STOP
300,sampled,1510,"[1, 1, 0]","[1, 2, 0]",CH2,{0: 'C'},[],[2],True,False,STOP
300,sampled,1511,"[1, 1, 0]","[2, 1, 0]",C2H,"{0: 'C', 1: 'C'}","[(0, 1, 3)]","[1, 0]",True,False,STOP
300,sampled,1512,"[1, 1, 0]","[1, 1, 0]",CH,{0: 'C'},[],[1],True,True,STOP
300,sampled,1513,"[1, 1, 0]","[1, 0, 0]",C,{0: 'C'},[],[0],True,False,STOP
300,sampled,1514,"[1, 1, 0]","[1, 1, 0]",CH,{0: 'C'},[],[1],True,True,STOP
300,sampled,1515,"[1, 1, 0]","[2, 1, 0]",C2H,"{0: 'C', 1: 'C'}","[(0, 1, 3)]","[1, 0]",True,False,STOP
300,sampled,1516,"[1, 1, 0]","[1, 1, 1]",HCO,"{0: 'O', 1: 'C'}","[(0, 1, 2)]","[0, 1]",True,False,STOP
300,sampled,1517,"[1, 1, 0]","[1, 2, 0]",CH2,{0: 'C'},[],[2],True,False,STOP
300,sampled,1518,"[1, 1, 0]","[1, 1, 0]",CH,{0: 'C'},[],[1],True,True,STOP
300,sampled,1519,"[1, 1, 0]","[1, 1, 0]",CH,{0: 'C'},[],[1],True,True,STOP
300,sampled,1520,"[1, 1, 0]","[1, 0, 0]",C,{0: 'C'},[],[0],True,False,STOP
300,sampled,1521,"[1, 1, 0]","[1, 1, 0]",CH,{0: 'C'},[],[1],True,True,STOP
300,sampled,1522,"[1, 1, 0]","[1, 1, 0]",CH,{0: 'C'},[],[1],True,True,STOP
300,sampled,1523,"[1, 1, 0]","[1, 0, 0]",C,{0: 'C'},[],[0],True,False,STOP
300,sampled,1524,"[1, 1, 0]","[1, 2, 0]",CH2,{0: 'C'},[],[2],True,False,STOP
300,sampled,1525,"[1, 1, 0]","[2, 1, 0]",C2H,"{0: 'C', 1: 'C'}","[(0, 1, 3)]","[1, 0]",True,False,STOP
300,sampled,1526,"[1, 1, 0]","[1, 1, 1]",HCO,"{0: 'C', 1: 'O'}","[(0, 1, 2)]","[1, 0]",True,False,STOP
300,sampled,1527,"[1, 1, 0]","[1, 1, 0]",CH,{0: 'C'},[],[1],True,True,STOP
300,sampled,1528,"[1, 1, 0]","[2, 1, 0]",C2H,"{0: 'C', 1: 'C'}","[(0, 1, 3)]","[0, 1]",True,False,STOP
300,sampled,1529,"[1, 1, 0]","[1, 2, 1]",CH2O,"{0: 'C', 1: 'O'}","[(0, 1, 2)]","[2, 0]",True,False,STOP
300,sampled,1530,"[1, 1, 0]","[0, 1, 0]",H,{0: 'H'},[],[],True,False,STOP
300,sampled,1531,"[1, 1, 0]","[1, 1, 0]",CH,{0: 'C'},[],[1],True,True,STOP
300,sampled,1532,"[1, 1, 0]","[0, 2, 0]",H2,"{0: 'H', 1: 'H'}","[(0, 1, 1)]",[],True,False,STOP
300,sampled,1533,"[1, 1, 0]","[0, 1, 0]",H,{0: 'H'},[],[],True,False,STOP
300,sampled,1534,"[1, 1, 0]","[1, 1, 0]",CH,{0: 'C'},[],[1],True,True,STOP
300,sampled,1535,"[1, 1, 0]","[1, 2, 0]",CH2,{0: 'C'},[],[2],True,False,STOP
300,sampled,1536,"[1, 1, 0]","[1, 0, 0]",C,{0: 'C'},[],[0],True,False,STOP
300,sampled,1537,"[1, 1, 0]","[1, 1, 0]",CH,{0: 'C'},[],[1],True,True,STOP
300,sampled,1538,"[1, 1, 0]","[1, 2, 0]",CH2,{0: 'C'},[],[2],True,False,STOP
300,sampled,1539,"[1, 1, 0]","[1, 0, 0]",C,{0: 'C'},[],[0],True,False,STOP
300,sampled,1540,"[1, 1, 0]","[1, 1, 0]",CH,{0: 'C'},[],[1],True,True,STOP
300,sampled,1541,"[1, 1, 0]","[1, 1, 0]",CH,{0: 'C'},[],[1],True,True,STOP
300,sampled,1542,"[1, 1, 0]","[1, 1, 1]",HCO,"{0: 'O', 1: 'C'}","[(0, 1, 2)]","[0, 1]",True,False,STOP
300,sampled,1543,"[1, 1, 0]","[1, 1, 0]",CH,{0: 'C'},[],[1],True,True,STOP
300,sampled,1544,"[1, 1, 0]","[1, 1, 0]",CH,{0: 'C'},[],[1],True,True,STOP
300,sampled,1545,"[1, 1, 0]","[1, 1, 0]",CH,{0: 'C'},[],[1],True,True,STOP
300,sampled,1546,"[1, 1, 0]","[1, 1, 0]",CH,{0: 'C'},[],[1],True,True,STOP
300,sampled,1547,"[1, 1, 0]","[1, 1, 1]",HCO,"{0: 'C', 1: 'O'}","[(0, 1, 2)]","[1, 0]",True,False,STOP
300,sampled,1548,"[1, 1, 0]","[1, 1, 0]",CH,{0: 'C'},[],[1],True,True,STOP
300,sampled,1549,"[1, 1, 0]","[1, 1, 0]",CH,{0: 'C'},[],[1],True,True,STOP
300,sampled,1550,"[1, 1, 0]","[2, 1, 1]",HCCO,"{0: 'C', 1: 'C', 2: 'O'}","[(0, 1, 2), (1, 2, 2)]","[1, 0, 0]",True,False,STOP
300,sampled,1551,"[1, 1, 0]","[1, 1, 0]",CH,{0: 'C'},[],[1],True,True,STOP
300,sampled,1552,"[1, 1, 0]","[1, 1, 1]",HCO,"{0: 'C', 1: 'O'}","[(0, 1, 2)]","[1, 0]",True,False,STOP
300,sampled,1553,"[1, 1, 0]","[1, 1, 0]",CH,{0: 'C'},[],[1],True,True,STOP
300,sampled,1554,"[1, 1, 0]","[1, 1, 0]",CH,{0: 'C'},[],[1],True,True,STOP
300,sampled,1555,"[1, 1, 0]","[1, 2, 1]",CH2O,"{0: 'C', 1: 'O'}","[(0, 1, 2)]","[2, 0]",True,False,STOP
300,sampled,1556,"[1, 1, 0]","[0, 2, 0]",H2,"{0: 'H', 1: 'H'}","[(0, 1, 1)]",[],True,False,STOP
300,sampled,1557,"[1, 1, 0]","[1, 1, 0]",CH,{0: 'C'},[],[1],True,True,STOP
300,sampled,1558,"[1, 1, 0]","[1, 0, 0]",C,{0: 'C'},[],[0],True,False,STOP
300,sampled,1559,"[1, 1, 0]","[1, 1, 0]",CH,{0: 'C'},[],[1],True,True,STOP
300,sampled,1560,"[1, 1, 0]","[1, 0, 0]",C,{0: 'C'},[],[0],True,False,STOP
300,sampled,1561,"[1, 1, 0]","[1, 1, 0]",CH,{0: 'C'},[],[1],True,True,STOP
300,sampled,1562,"[1, 1, 0]","[1, 0, 0]",C,{0: 'C'},[],[0],True,False,STOP
300,sampled,1563,"[1, 1, 0]","[1, 1, 0]",CH,{0: 'C'},[],[1],True,True,STOP
300,sampled,1564,"[1, 1, 0]","[1, 2, 0]",CH2,{0: 'C'},[],[2],True,False,STOP
300,sampled,1565,"[1, 1, 0]","[2, 1, 0]",C2H,"{0: 'C', 1: 'C'}","[(0, 1, 3)]","[1, 0]",True,False,STOP
300,sampled,1566,"[1, 1, 0]","[1, 1, 0]",CH,{0: 'C'},[],[1],True,True,STOP
300,sampled,1567,"[1, 1, 0]","[1, 1, 0]",CH,{0: 'C'},[],[1],True,True,STOP
300,sampled,1568,"[1, 1, 0]","[1, 1, 0]",CH,{0: 'C'},[],[1],True,True,STOP
300,sampled,1569,"[1, 1, 0]","[1, 0, 0]",C,{0: 'C'},[],[0],True,False,STOP
300,sampled,1570,"[1, 1, 0]","[1, 0, 0]",C,{0: 'C'},[],[0],True,False,STOP
300,sampled,1571,"[1, 1, 0]","[1, 3, 1]",CH2OH,"{0: 'C', 1: 'O'}","[(0, 1, 1)]","[2, 1]",True,False,STOP
300,sampled,1572,"[1, 1, 0]","[1, 1, 0]",CH,{0: 'C'},[],[1],True,True,STOP
300,sampled,1573,"[1, 1, 0]","[1, 2, 0]",CH2,{0: 'C'},[],[2],True,False,STOP
300,sampled,1574,"[1, 1, 0]","[1, 1, 0]",CH,{0: 'C'},[],[1],True,True,STOP
300,sampled,1575,"[1, 1, 0]","[1, 1, 0]",CH,{0: 'C'},[],[1],True,True,STOP
300,sampled,1576,"[1, 1, 0]","[1, 1, 1]",HCO,"{0: 'O', 1: 'C'}","[(0, 1, 2)]","[0, 1]",True,False,STOP
300,sampled,1577,"[1, 1, 0]","[1, 1, 0]",CH,{0: 'C'},[],[1],True,True,STOP
300,sampled,1578,"[1, 1, 0]","[1, 1, 0]",CH,{0: 'C'},[],[1],True,True,STOP
300,sampled,1579,"[1, 1, 0]","[1, 1, 0]",CH,{0: 'C'},[],[1],True,True,STOP
300,sampled,1580,"[1, 1, 0]","[1, 0, 0]",C,{0: 'C'},[],[0],True,False,STOP
300,sampled,1581,"[1, 1, 0]","[1, 0, 0]",C,{0: 'C'},[],[0],True,False,STOP
300,sampled,1582,"[1, 1, 0]","[1, 2, 0]",CH2,{0: 'C'},[],[2],True,False,STOP
300,sampled,1583,"[1, 1, 0]","[1, 1, 1]",HCO,"{0: 'C', 1: 'O'}","[(0, 1, 2)]","[1, 0]",True,False,STOP
300,sampled,1584,"[1, 1, 0]","[1, 0, 0]",C,{0: 'C'},[],[0],True,False,STOP
300,sampled,1585,"[1, 1, 0]","[0, 1, 0]",H,{0: 'H'},[],[],True,False,STOP
300,sampled,1586,"[1, 1, 0]","[1, 1, 0]",CH,{0: 'C'},[],[1],True,True,STOP
300,sampled,1587,"[1, 1, 0]","[0, 1, 0]",H,{0: 'H'},[],[],True,False,STOP
300,sampled,1588,"[1, 1, 0]","[1, 0, 0]",C,{0: 'C'},[],[0],True,False,STOP
300,sampled,1589,"[1, 1, 0]","[1, 1, 1]",HCO,"{0: 'C', 1: 'O'}","[(0, 1, 2)]","[1, 0]",True,False,STOP
300,sampled,1590,"[1, 1, 0]","[1, 1, 0]",CH,{0: 'C'},[],[1],True,True,STOP
300,sampled,1591,"[1, 1, 0]","[1, 1, 0]",CH,{0: 'C'},[],[1],True,True,STOP
300,sampled,1592,"[1, 1, 0]","[1, 2, 0]",CH2,{0: 'C'},[],[2],True,False,STOP
300,sampled,1593,"[1, 1, 0]","[1, 0, 0]",C,{0: 'C'},[],[0],True,False,STOP
300,sampled,1594,"[1, 1, 0]","[1, 0, 0]",C,{0: 'C'},[],[0],True,False,STOP
300,sampled,1595,"[1, 1, 0]","[1, 1, 0]",CH,{0: 'C'},[],[1],True,True,STOP
300,sampled,1596,"[1, 1, 0]","[1, 1, 1]",HCO,"{0: 'O', 1: 'C'}","[(0, 1, 2)]","[0, 1]",True,False,STOP
300,sampled,1597,"[1, 1, 0]","[1, 1, 0]",CH,{0: 'C'},[],[1],True,True,STOP
300,sampled,1598,"[1, 1, 0]","[0, 2, 0]",H2,"{0: 'H', 1: 'H'}","[(0, 1, 1)]",[],True,False,STOP
300,sampled,1599,"[1, 1, 0]","[1, 1, 0]",CH,{0: 'C'},[],[1],True,True,STOP
300,sampled,1600,"[1, 1, 0]","[1, 1, 0]",CH,{0: 'C'},[],[1],True,True,STOP
300,sampled,1601,"[1, 0, 0]","[1, 0, 0]",C,{0: 'C'},[],[0],True,True,STOP
300,sampled,1602,"[1, 0, 0]","[1, 1, 0]",CH,{0: 'C'},[],[1],True,False,STOP
300,sampled,1603,"[1, 0, 0]","[1, 0, 0]",C,{0: 'C'},[],[0],True,True,STOP
300,sampled,1604,"[1, 0, 0]","[0, 1, 0]",H,{0: 'H'},[],[],True,False,STOP
300,sampled,1605,"[1, 0, 0]","[1, 0, 0]",C,{0: 'C'},[],[0],True,True,STOP
300,sampled,1606,"[1, 0, 0]","[1, 0, 0]",C,{0: 'C'},[],[0],True,True,STOP
300,sampled,1607,"[1, 0, 0]","[1, 0, 0]",C,{0: 'C'},[],[0],True,True,STOP
300,sampled,1608,"[1, 0, 0]","[1, 0, 0]",C,{0: 'C'},[],[0],True,True,STOP
300,sampled,1609,"[1, 0, 0]","[1, 1, 1]",HCO,"{0: 'O', 1: 'C'}","[(0, 1, 2)]","[0, 1]",True,False,STOP
300,sampled,1610,"[1, 0, 0]","[1, 0, 0]",C,{0: 'C'},[],[0],True,True,STOP
300,sampled,1611,"[1, 0, 0]","[1, 0, 0]",C,{0: 'C'},[],[0],True,True,STOP
300,sampled,1612,"[1, 0, 0]","[1, 0, 0]",C,{0: 'C'},[],[0],True,True,STOP
300,sampled,1613,"[1, 0, 0]","[1, 0, 0]",C,{0: 'C'},[],[0],True,True,STOP
300,sampled,1614,"[1, 0, 0]","[1, 1, 1]",HCO,"{0: 'O', 1: 'C'}","[(0, 1, 2)]","[0, 1]",True,False,STOP
300,sampled,1615,"[1, 0, 0]","[0, 1, 0]",H,{0: 'H'},[],[],True,False,STOP
300,sampled,1616,"[1, 0, 0]","[1, 1, 1]",HCO,"{0: 'C', 1: 'O'}","[(0, 1, 2)]","[1, 0]",True,False,STOP
300,sampled,1617,"[1, 0, 0]","[1, 0, 0]",C,{0: 'C'},[],[0],True,True,STOP
300,sampled,1618,"[1, 0, 0]","[1, 0, 0]",C,{0: 'C'},[],[0],True,True,STOP
300,sampled,1619,"[1, 0, 0]","[0, 1, 0]",H,{0: 'H'},[],[],True,False,STOP
300,sampled,1620,"[1, 0, 0]","[1, 0, 0]",C,{0: 'C'},[],[0],True,True,STOP
300,sampled,1621,"[1, 0, 0]","[1, 1, 1]",HCO,"{0: 'O', 1: 'C'}","[(0, 1, 2)]","[0, 1]",True,False,STOP
300,sampled,1622,"[1, 0, 0]","[1, 0, 0]",C,{0: 'C'},[],[0],True,True,STOP
300,sampled,1623,"[1, 0, 0]","[0, 1, 0]",H,{0: 'H'},[],[],True,False,STOP
300,sampled,1624,"[1, 0, 0]","[1, 1, 1]",HCO,"{0: 'O', 1: 'C'}","[(0, 1, 2)]","[0, 1]",True,False,STOP
300,sampled,1625,"[1, 0, 0]","[1, 0, 0]",C,{0: 'C'},[],[0],True,True,STOP
300,sampled,1626,"[1, 0, 0]","[1, 1, 1]",HCO,"{0: 'C', 1: 'O'}","[(0, 1, 2)]","[1, 0]",True,False,STOP
300,sampled,1627,"[1, 0, 0]","[1, 0, 0]",C,{0: 'C'},[],[0],True,True,STOP
300,sampled,1628,"[1, 0, 0]","[1, 0, 0]",C,{0: 'C'},[],[0],True,True,STOP
300,sampled,1629,"[1, 0, 0]","[1, 0, 0]",C,{0: 'C'},[],[0],True,True,STOP
300,sampled,1630,"[1, 0, 0]","[2, 1, 1]",HCCO,"{0: 'O', 1: 'C', 2: 'C'}","[(0, 1, 2), (1, 2, 2)]","[0, 0, 1]",True,False,STOP
300,sampled,1631,"[1, 0, 0]","[1, 0, 0]",C,{0: 'C'},[],[0],True,True,STOP
300,sampled,1632,"[1, 0, 0]","[1, 1, 1]",HCO,"{0: 'C', 1: 'O'}","[(0, 1, 2)]","[1, 0]",True,False,STOP
300,sampled,1633,"[1, 0, 0]","[0, 1, 0]",H,{0: 'H'},[],[],True,False,STOP
300,sampled,1634,"[1, 0, 0]","[1, 0, 0]",C,{0: 'C'},[],[0],True,True,STOP
300,sampled,1635,"[1, 0, 0]","[0, 0, 1]",O,{0: 'O'},[],[0],True,False,STOP
300,sampled,1636,"[1, 0, 0]","[1, 0, 0]",C,{0: 'C'},[],[0],True,True,STOP
300,sampled,1637,"[1, 0, 0]","[0, 1, 0]",H,{0: 'H'},[],[],True,False,STOP
300,sampled,1638,"[1, 0, 0]","[1, 0, 0]",C,{0: 'C'},[],[0],True,True,STOP
300,sampled,1639,"[1, 0, 0]","[1, 1, 1]",HCO,"{0: 'O', 1: 'C'}","[(0, 1, 2)]","[0, 1]",True,False,STOP
300,sampled,1640,"[1, 0, 0]","[1, 0, 0]",C,{0: 'C'},[],[0],True,True,STOP
300,sampled,1641,"[1, 0, 0]","[1, 0, 0]",C,{0: 'C'},[],[0],True,True,STOP
300,sampled,1642,"[1, 0, 0]","[1, 0, 0]",C,{0: 'C'},[],[0],True,True,STOP
300,sampled,1643,"[1, 0, 0]","[1, 0, 0]",C,{0: 'C'},[],[0],True,True,STOP
300,sampled,1644,"[1, 0, 0]","[1, 1, 0]",CH,{0: 'C'},[],[1],True,False,STOP
300,sampled,1645,"[1, 0, 0]","[1, 1, 1]",HCO,"{0: 'C', 1: 'O'}","[(0, 1, 2)]","[1, 0]",True,False,STOP
300,sampled,1646,"[1, 0, 0]","[1, 0, 0]",C,{0: 'C'},[],[0],True,True,STOP
300,sampled,1647,"[1, 0, 0]","[0, 1, 0]",H,{0: 'H'},[],[],True,False,STOP
300,sampled,1648,"[1, 0, 0]","[0, 1, 0]",H,{0: 'H'},[],[],True,False,STOP
300,sampled,1649,"[1, 0, 0]","[1, 0, 0]",C,{0: 'C'},[],[0],True,True,STOP
300,sampled,1650,"[1, 0, 0]","[0, 1, 0]",H,{0: 'H'},[],[],True,False,STOP
300,sampled,1651,"[1, 0, 0]","[1, 0, 0]",C,{0: 'C'},[],[0],True,True,STOP
300,sampled,1652,"[1, 0, 0]","[0, 1, 0]",H,{0: 'H'},[],[],True,False,STOP
300,sampled,1653,"[1, 0, 0]","[1, 0, 0]",C,{0: 'C'},[],[0],True,True,STOP
300,sampled,1654,"[1, 0, 0]","[0, 1, 0]",H,{0: 'H'},[],[],True,False,STOP
300,sampled,1655,"[1, 0, 0]","[1, 0, 0]",C,{0: 'C'},[],[0],True,True,STOP
300,sampled,1656,"[1, 0, 0]","[1, 0, 0]",C,{0: 'C'},[],[0],True,True,STOP
300,sampled,1657,"[1, 0, 0]","[0, 1, 0]",H,{0: 'H'},[],[],True,False,STOP
300,sampled,1658,"[1, 0, 0]","[1, 0, 0]",C,{0: 'C'},[],[0],True,True,STOP
300,sampled,1659,"[1, 0, 0]","[1, 0, 0]",C,{0: 'C'},[],[0],True,True,STOP
300,sampled,1660,"[1, 0, 0]","[1, 0, 0]",C,{0: 'C'},[],[0],True,True,STOP
300,sampled,1661,"[1, 0, 0]","[1, 0, 0]",C,{0: 'C'},[],[0],True,True,STOP
300,sampled,1662,"[1, 0, 0]","[1, 0, 0]",C,{0: 'C'},[],[0],True,True,STOP
300,sampled,1663,"[1, 0, 0]","[1, 0, 0]",C,{0: 'C'},[],[0],True,True,STOP
300,sampled,1664,"[1, 0, 0]","[1, 0, 0]",C,{0: 'C'},[],[0],True,True,STOP
300,sampled,1665,"[1, 0, 0]","[1, 0, 0]",C,{0: 'C'},[],[0],True,True,STOP
300,sampled,1666,"[1, 0, 0]","[0, 1, 0]",H,{0: 'H'},[],[],True,False,STOP
300,sampled,1667,"[1, 0, 0]","[1, 0, 0]",C,{0: 'C'},[],[0],True,True,STOP
300,sampled,1668,"[1, 0, 0]","[1, 0, 0]",C,{0: 'C'},[],[0],True,True,STOP
300,sampled,1669,"[1, 0, 0]","[0, 1, 0]",H,{0: 'H'},[],[],True,False,STOP
300,sampled,1670,"[1, 0, 0]","[1, 0, 0]",C,{0: 'C'},[],[0],True,True,STOP
300,sampled,1671,"[1, 0, 0]","[1, 1, 1]",HCO,"{0: 'C', 1: 'O'}","[(0, 1, 2)]","[1, 0]",True,False,STOP
300,sampled,1672,"[1, 0, 0]","[0, 1, 0]",H,{0: 'H'},[],[],True,False,STOP
300,sampled,1673,"[1, 0, 0]","[1, 0, 0]",C,{0: 'C'},[],[0],True,True,STOP
300,sampled,1674,"[1, 0, 0]","[1, 0, 0]",C,{0: 'C'},[],[0],True,True,STOP
300,sampled,1675,"[1, 0, 0]","[1, 0, 0]",C,{0: 'C'},[],[0],True,True,STOP
300,sampled,1676,"[1, 0, 0]","[1, 0, 0]",C,{0: 'C'},[],[0],True,True,STOP
300,sampled,1677,"[1, 0, 0]","[1, 0, 0]",C,{0: 'C'},[],[0],True,True,STOP
300,sampled,1678,"[1, 0, 0]","[1, 1, 1]",HCO,"{0: 'C', 1: 'O'}","[(0, 1, 2)]","[1, 0]",True,False,STOP
300,sampled,1679,"[1, 0, 0]","[1, 0, 0]",C,{0: 'C'},[],[0],True,True,STOP
300,sampled,1680,"[1, 0, 0]","[1, 0, 0]",C,{0: 'C'},[],[0],True,True,STOP
300,sampled,1681,"[1, 0, 0]","[0, 1, 0]",H,{0: 'H'},[],[],True,False,STOP
300,sampled,1682,"[1, 0, 0]","[1, 1, 0]",CH,{0: 'C'},[],[1],True,False,STOP
300,sampled,1683,"[1, 0, 0]","[1, 0, 0]",C,{0: 'C'},[],[0],True,True,STOP
300,sampled,1684,"[1, 0, 0]","[1, 0, 0]",C,{0: 'C'},[],[0],True,True,STOP
300,sampled,1685,"[1, 0, 0]","[1, 0, 0]",C,{0: 'C'},[],[0],True,True,STOP
300,sampled,1686,"[1, 0, 0]","[1, 0, 0]",C,{0: 'C'},[],[0],True,True,STOP
300,sampled,1687,"[1, 0, 0]","[0, 1, 0]",H,{0: 'H'},[],[],True,False,STOP
300,sampled,1688,"[1, 0, 0]","[0, 1, 0]",H,{0: 'H'},[],[],True,False,STOP
300,sampled,1689,"[1, 0, 0]","[1, 0, 0]",C,{0: 'C'},[],[0],True,True,STOP
300,sampled,1690,"[1, 0, 0]","[1, 0, 0]",C,{0: 'C'},[],[0],True,True,STOP
300,sampled,1691,"[1, 0, 0]","[1, 0, 0]",C,{0: 'C'},[],[0],True,True,STOP
300,sampled,1692,"[1, 0, 0]","[1, 1, 1]",HCO,"{0: 'C', 1: 'O'}","[(0, 1, 2)]","[1, 0]",True,False,STOP
300,sampled,1693,"[1, 0, 0]","[1, 1, 1]",HCO,"{0: 'C', 1: 'O'}","[(0, 1, 2)]","[1, 0]",True,False,STOP
300,sampled,1694,"[1, 0, 0]","[1, 0, 0]",C,{0: 'C'},[],[0],True,True,STOP
300,sampled,1695,"[1, 0, 0]","[1, 1, 1]",HCO,"{0: 'O', 1: 'C'}","[(0, 1, 2)]","[0, 1]",True,False,STOP
300,sampled,1696,"[1, 0, 0]","[1, 0, 2]",CO2,"{0: 'O', 1: 'C', 2: 'O'}","[(0, 1, 2), (1, 2, 2)]","[0, 0, 0]",True,False,STOP
300,sampled,1697,"[1, 0, 0]","[1, 0, 0]",C,{0: 'C'},[],[0],True,True,STOP
300,sampled,1698,"[1, 0, 0]","[0, 1, 0]",H,{0: 'H'},[],[],True,False,STOP
300,sampled,1699,"[1, 0, 0]","[1, 0, 0]",C,{0: 'C'},[],[0],True,True,STOP
300,sampled,1700,"[1, 0, 0]","[1, 0, 0]",C,{0: 'C'},[],[0],True,True,STOP
300,sampled,1701,"[1, 3, 1]","[1, 3, 1]",CH3O,"{0: 'C', 1: 'O'}","[(0, 1, 1)]","[3, 0]",True,True,STOP
300,sampled,1702,"[1, 3, 1]","[1, 2, 1]",CH2O,"{0: 'C', 1: 'O'}","[(0, 1, 2)]","[2, 0]",True,False,STOP
300,sampled,1703,"[1, 3, 1]","[1, 3, 0]",CH3,{0: 'C'},[],[3],True,False,STOP
300,sampled,1704,"[1, 3, 1]","[1, 3, 2]",CH3O2,"{0: 'C', 1: 'O', 2: 'O'}","[(0, 1, 1), (1, 2, 1)]","[3, 0, 0]",True,False,STOP
300,sampled,1705,"[1, 3, 1]","[1, 2, 1]",CH2O,"{0: 'O', 1: 'C'}","[(0, 1, 2)]","[0, 2]",True,False,STOP
300,sampled,1706,"[1, 3, 1]","[1, 3, 1]",CH3O,"{0: 'C', 1: 'O'}","[(0, 1, 1)]","[3, 0]",True,True,STOP
300,sampled,1707,"[1, 3, 1]","[1, 3, 1]",CH2OH,"{0: 'C', 1: 'O'}","[(0, 1, 1)]","[2, 1]",True,True,STOP
300,sampled,1708,"[1, 3, 1]","[1, 3, 1]",CH3O,"{0: 'O', 1: 'C'}","[(0, 1, 1)]","[0, 3]",True,True,STOP
300,sampled,1709,"[1, 3, 1]","[1, 3, 0]",CH3,{0: 'C'},[],[3],True,False,STOP
300,sampled,1710,"[1, 3, 1]","[1, 3, 1]",CH2OH,"{0: 'C', 1: 'O'}","[(0, 1, 1)]","[2, 1]",True,True,STOP
300,sampled,1711,"[1, 3, 1]","[1, 3, 1]",CH2OH,"{0: 'C', 1: 'O'}","[(0, 1, 1)]","[2, 1]",True,True,STOP
300,sampled,1712,"[1, 3, 1]","[1, 3, 1]",CH3O,"{0: 'C', 1: 'O'}","[(0, 1, 1)]","[3, 0]",True,True,STOP
300,sampled,1713,"[1, 3, 1]","[1, 2, 1]",CH2O,"{0: 'C', 1: 'O'}","[(0, 1, 2)]","[2, 0]",True,False,STOP
300,sampled,1714,"[1, 3, 1]","[1, 4, 1]",CH3OH,"{0: 'C', 1: 'O'}","[(0, 1, 1)]","[3, 1]",True,False,STOP
300,sampled,1715,"[1, 3, 1]","[1, 3, 0]",CH3,{0: 'C'},[],[3],True,False,STOP
300,sampled,1716,"[1, 3, 1]","[1, 3, 0]",CH3,{0: 'C'},[],[3],True,False,STOP
300,sampled,1717,"[1, 3, 1]","[1, 3, 1]",CH3O,"{0: 'C', 1: 'O'}","[(0, 1, 1)]","[3, 0]",True,True,STOP
300,sampled,1718,"[1, 3, 1]","[1, 2, 1]",CH2O,"{0: 'O', 1: 'C'}","[(0, 1, 2)]","[0, 2]",True,False,STOP
300,sampled,1719,"[1, 3, 1]","[1, 3, 0]",CH3,{0: 'C'},[],[3],True,False,STOP
300,sampled,1720,"[1, 3, 1]","[1, 3, 1]",CH2OH,"{0: 'C', 1: 'O'}","[(0, 1, 1)]","[2, 1]",True,True,STOP
300,sampled,1721,"[1, 3, 1]","[1, 3, 1]",CH2OH,"{0: 'C', 1: 'O'}","[(0, 1, 1)]","[2, 1]",True,True,STOP
300,sampled,1722,"[1, 3, 1]","[1, 3, 1]",CH3O,"{0: 'C', 1: 'O'}","[(0, 1, 1)]","[3, 0]",True,True,STOP
300,sampled,1723,"[1, 3, 1]","[1, 3, 1]",CH3O,"{0: 'C', 1: 'O'}","[(0, 1, 1)]","[3, 0]",True,True,STOP
300,sampled,1724,"[1, 3, 1]","[1, 3, 1]",CH3O,"{0: 'C', 1: 'O'}","[(0, 1, 1)]","[3, 0]",True,True,STOP
300,sampled,1725,"[1, 3, 1]","[1, 3, 1]",CH3O,"{0: 'O', 1: 'C'}","[(0, 1, 1)]","[0, 3]",True,True,STOP
300,sampled,1726,"[1, 3, 1]","[2, 3, 1]",CH2CHO,"{0: 'C', 1: 'C', 2: 'O'}","[(0, 1, 1), (1, 2, 2)]","[2, 1, 0]",True,False,STOP
300,sampled,1727,"[1, 3, 1]","[1, 3, 1]",CH3O,"{0: 'C', 1: 'O'}","[(0, 1, 1)]","[3, 0]",True,True,STOP
300,sampled,1728,"[1, 3, 1]","[1, 4, 1]",CH3OH,"{0: 'C', 1: 'O'}","[(0, 1, 1)]","[3, 1]",True,False,STOP
300,sampled,1729,"[1, 3, 1]","[1, 4, 1]",CH3OH,"{0: 'C', 1: 'O'}","[(0, 1, 1)]","[3, 1]",True,False,STOP
300,sampled,1730,"[1, 3, 1]","[1, 3, 1]",CH3O,"{0: 'C', 1: 'O'}","[(0, 1, 1)]","[3, 0]",True,True,STOP
300,sampled,1731,"[1, 3, 1]","[1, 3, 1]",CH3O,"{0: 'C', 1: 'O'}","[(0, 1, 1)]","[3, 0]",True,True,STOP
300,sampled,1732,"[1, 3, 1]","[1, 3, 1]",CH2OH,"{0: 'C', 1: 'O'}","[(0, 1, 1)]","[2, 1]",True,True,STOP
300,sampled,1733,"[1, 3, 1]","[1, 3, 1]",CH3O,"{0: 'C', 1: 'O'}","[(0, 1, 1)]","[3, 0]",True,True,STOP
300,sampled,1734,"[1, 3, 1]","[1, 2, 1]",CH2O,"{0: 'C', 1: 'O'}","[(0, 1, 2)]","[2, 0]",True,False,STOP
300,sampled,1735,"[1, 3, 1]","[1, 3, 1]",CH2OH,"{0: 'C', 1: 'O'}","[(0, 1, 1)]","[2, 1]",True,True,STOP
300,sampled,1736,"[1, 3, 1]","[1, 4, 1]",CH3OH,"{0: 'C', 1: 'O'}","[(0, 1, 1)]","[3, 1]",True,False,STOP
300,sampled,1737,"[1, 3, 1]","[1, 2, 1]",CH2O,"{0: 'C', 1: 'O'}","[(0, 1, 2)]","[2, 0]",True,False,STOP
300,sampled,1738,"[1, 3, 1]","[1, 3, 1]",CH2OH,"{0: 'C', 1: 'O'}","[(0, 1, 1)]","[2, 1]",True,True,STOP
300,sampled,1739,"[1, 3, 1]","[1, 3, 1]",CH2OH,"{0: 'C', 1: 'O'}","[(0, 1, 1)]","[2, 1]",True,True,STOP
300,sampled,1740,"[1, 3, 1]","[1, 4, 1]",CH3OH,"{0: 'C', 1: 'O'}","[(0, 1, 1)]","[3, 1]",True,False,STOP
300,sampled,1741,"[1, 3, 1]","[1, 4, 1]",CH3OH,"{0: 'C', 1: 'O'}","[(0, 1, 1)]","[3, 1]",True,False,STOP
300,sampled,1742,"[1, 3, 1]","[1, 3, 1]",CH2OH,"{0: 'O', 1: 'C'}","[(0, 1, 1)]","[1, 2]",True,True,STOP
300,sampled,1743,"[1, 3, 1]","[1, 3, 1]",CH3O,"{0: 'C', 1: 'O'}","[(0, 1, 1)]","[3, 0]",True,True,STOP
300,sampled,1744,"[1, 3, 1]","[1, 4, 1]",CH3OH,"{0: 'C', 1: 'O'}","[(0, 1, 1)]","[3, 1]",True,False,STOP
300,sampled,1745,"[1, 3, 1]","[1, 3, 1]",CH3O,"{0: 'C', 1: 'O'}","[(0, 1, 1)]","[3, 0]",True,True,STOP
300,sampled,1746,"[1, 3, 1]","[1, 3, 1]",CH3O,"{0: 'C', 1: 'O'}","[(0, 1, 1)]","[3, 0]",True,True,STOP
300,sampled,1747,"[1, 3, 1]","[1, 3, 1]",CH3O,"{0: 'C', 1: 'O'}","[(0, 1, 1)]","[3, 0]",True,True,STOP
300,sampled,1748,"[1, 3, 1]","[1, 3, 1]",CH2OH,"{0: 'C', 1: 'O'}","[(0, 1, 1)]","[2, 1]",True,True,STOP
300,sampled,1749,"[1, 3, 1]","[1, 3, 1]",CH3O,"{0: 'C', 1: 'O'}","[(0, 1, 1)]","[3, 0]",True,True,STOP
300,sampled,1750,"[1, 3, 1]","[1, 3, 0]",CH3,{0: 'C'},[],[3],True,False,STOP
300,sampled,1751,"[1, 3, 1]","[1, 4, 1]",CH3OH,"{0: 'C', 1: 'O'}","[(0, 1, 1)]","[3, 1]",True,False,STOP
300,sampled,1752,"[1, 3, 1]","[1, 3, 1]",CH2OH,"{0: 'O', 1: 'C'}","[(0, 1, 1)]","[1, 2]",True,True,STOP
300,sampled,1753,"[1, 3, 1]","[1, 3, 1]",CH2OH,"{0: 'C', 1: 'O'}","[(0, 1, 1)]","[2, 1]",True,True,STOP
300,sampled,1754,"[1, 3, 1]","[1, 3, 1]",CH2OH,"{0: 'O', 1: 'C'}","[(0, 1, 1)]","[1, 2]",True,True,STOP
300,sampled,1755,"[1, 3, 1]","[1, 3, 0]",CH3,{0: 'C'},[],[3],True,False,STOP
300,sampled,1756,"[1, 3, 1]","[1, 3, 1]",CH3O,"{0: 'C', 1: 'O'}","[(0, 1, 1)]","[3, 0]",True,True,STOP
300,sampled,1757,"[1, 3, 1]","[1, 3, 1]",CH3O,"{0: 'C', 1: 'O'}","[(0, 1, 1)]","[3, 0]",True,True,STOP
300,sampled,1758,"[1, 3, 1]","[1, 2, 0]",CH2,{0: 'C'},[],[2],True,False,STOP
300,sampled,1759,"[1, 3, 1]","[1, 1, 0]",CH,{0: 'C'},[],[1],True,False,STOP
300,sampled,1760,"[1, 3, 1]","[1, 3, 0]",CH3,{0: 'C'},[],[3],True,False,STOP
300,sampled,1761,"[1, 3, 1]","[1, 3, 1]",CH2OH,"{0: 'C', 1: 'O'}","[(0, 1, 1)]","[2, 1]",True,True,STOP
300,sampled,1762,"[1, 3, 1]","[1, 3, 1]",CH2OH,"{0: 'O', 1: 'C'}","[(0, 1, 1)]","[1, 2]",True,True,STOP
300,sampled,1763,"[1, 3, 1]","[1, 3, 1]",CH2OH,"{0: 'C', 1: 'O'}","[(0, 1, 1)]","[2, 1]",True,True,STOP
300,sampled,1764,"[1, 3, 1]","[1, 4, 1]",CH3OH,"{0: 'C', 1: 'O'}","[(0, 1, 1)]","[3, 1]",True,False,STOP
300,sampled,1765,"[1, 3, 1]","[1, 3, 1]",CH3O,"{0: 'C', 1: 'O'}","[(0, 1, 1)]","[3, 0]",True,True,STOP
300,sampled,1766,"[1, 3, 1]","[1, 3, 1]",CH3O,"{0: 'C', 1: 'O'}","[(0, 1, 1)]","[3, 0]",True,True,STOP
300,sampled,1767,"[1, 3, 1]","[1, 3, 1]",CH3O,"{0: 'C', 1: 'O'}","[(0, 1, 1)]","[3, 0]",True,True,STOP
300,sampled,1768,"[1, 3, 1]","[1, 2, 0]",CH2,{0: 'C'},[],[2],True,False,STOP
300,sampled,1769,"[1, 3, 1]","[1, 3, 1]",CH3O,"{0: 'C', 1: 'O'}","[(0, 1, 1)]","[3, 0]",True,True,STOP
300,sampled,1770,"[1, 3, 1]","[2, 2, 1]",CH2CO,"{0: 'C', 1: 'C', 2: 'O'}","[(0, 1, 2), (1, 2, 2)]","[2, 0, 0]",True,False,STOP
300,sampled,1771,"[1, 3, 1]","[1, 4, 1]",CH3OH,"{0: 'C', 1: 'O'}","[(0, 1, 1)]","[3, 1]",True,False,STOP
300,sampled,1772,"[1, 3, 1]","[1, 2, 1]",CH2O,"{0: 'C', 1: 'O'}","[(0, 1, 2)]","[2, 0]",True,False,STOP
300,sampled,1773,"[1, 3, 1]","[1, 3, 1]",CH3O,"{0: 'C', 1: 'O'}","[(0, 1, 1)]","[3, 0]",True,True,STOP
300,sampled,1774,"[1, 3, 1]","[1, 4, 1]",CH3OH,"{0: 'O', 1: 'C'}","[(0, 1, 1)]","[1, 3]",True,False,STOP
300,sampled,1775,"[1, 3, 1]","[1, 3, 1]",CH3O,"{0: 'C', 1: 'O'}","[(0, 1, 1)]","[3, 0]",True,True,STOP
300,sampled,1776,"[1, 3, 1]","[1, 3, 1]",CH3O,"{0: 'C', 1: 'O'}","[(0, 1, 1)]","[3, 0]",True,True,STOP
300,sampled,1777,"[1, 3, 1]","[2, 3, 1]",CH2CHO,"{0: 'O', 1: 'C', 2: 'C'}","[(0, 1, 2), (1, 2, 1)]","[0, 1, 2]",True,False,STOP
300,sampled,1778,"[1, 3, 1]","[1, 3, 1]",CH3O,"{0: 'C', 1: 'O'}","[(0, 1, 1)]","[3, 0]",True,True,STOP
300,sampled,1779,"[1, 3, 1]","[1, 3, 1]",CH3O,"{0: 'C', 1: 'O'}","[(0, 1, 1)]","[3, 0]",True,True,STOP
300,sampled,1780,"[1, 3, 1]","[1, 3, 1]",CH3O,"{0: 'O', 1: 'C'}","[(0, 1, 1)]","[0, 3]",True,True,STOP
300,sampled,1781,"[1, 3, 1]","[1, 2, 1]",CH2O,"{0: 'C', 1: 'O'}","[(0, 1, 2)]","[2, 0]",True,False,STOP
300,sampled,1782,"[1, 3, 1]","[1, 3, 0]",CH3,{0: 'C'},[],[3],True,False,STOP
300,sampled,1783,"[1, 3, 1]","[1, 3, 1]",CH3O,"{0: 'C', 1: 'O'}","[(0, 1, 1)]","[3, 0]",True,True,STOP
300,sampled,1784,"[1, 3, 1]","[1, 3, 1]",CH3O,"{0: 'C', 1: 'O'}","[(0, 1, 1)]","[3, 0]",True,True,STOP
300,sampled,1785,"[1, 3, 1]","[1, 3, 1]",CH3O,"{0: 'C', 1: 'O'}","[(0, 1, 1)]","[3, 0]",True,True,STOP
300,sampled,1786,"[1, 3, 1]","[1, 3, 0]",CH3,{0: 'C'},[],[3],True,False,STOP
300,sampled,1787,"[1, 3, 1]","[1, 3, 1]",CH3O,"{0: 'C', 1: 'O'}","[(0, 1, 1)]","[3, 0]",True,True,STOP
300,sampled,1788,"[1, 3, 1]","[1, 3, 1]",CH3O,"{0: 'C', 1: 'O'}","[(0, 1, 1)]","[3, 0]",True,True,STOP
300,sampled,1789,"[1, 3, 1]","[1, 3, 2]",CH3O2,"{0: 'C', 1: 'O', 2: 'O'}","[(0, 1, 1), (1, 2, 1)]","[3, 0, 0]",True,False,STOP
300,sampled,1790,"[1, 3, 1]","[1, 2, 1]",CH2O,"{0: 'O', 1: 'C'}","[(0, 1, 2)]","[0, 2]",True,False,STOP
300,sampled,1791,"[1, 3, 1]","[1, 3, 1]",CH2OH,"{0: 'C', 1: 'O'}","[(0, 1, 1)]","[2, 1]",True,True,STOP
300,sampled,1792,"[1, 3, 1]","[1, 4, 1]",CH3OH,"{0: 'C', 1: 'O'}","[(0, 1, 1)]","[3, 1]",True,False,STOP
300,sampled,1793,"[1, 3, 1]","[1, 3, 1]",CH3O,"{0: 'C', 1: 'O'}","[(0, 1, 1)]","[3, 0]",True,True,STOP
300,sampled,1794,"[1, 3, 1]","[1, 2, 1]",CH2O,"{0: 'C', 1: 'O'}","[(0, 1, 2)]","[2, 0]",True,False,STOP
300,sampled,1795,"[1, 3, 1]","[1, 3, 1]",CH2OH,"{0: 'C', 1: 'O'}","[(0, 1, 1)]","[2, 1]",True,True,STOP
300,sampled,1796,"[1, 3, 1]","[1, 4, 1]",CH3OH,"{0: 'C', 1: 'O'}","[(0, 1, 1)]","[3, 1]",True,False,STOP
300,sampled,1797,"[1, 3, 1]","[1, 2, 1]",CH2O,"{0: 'C', 1: 'O'}","[(0, 1, 2)]","[2, 0]",True,False,STOP
300,sampled,1798,"[1, 3, 1]","[2, 2, 1]",CH2CO,"{0: 'C', 1: 'C', 2: 'O'}","[(0, 1, 2), (1, 2, 2)]","[2, 0, 0]",True,False,STOP
300,sampled,1799,"[1, 3, 1]","[1, 3, 1]",CH3O,"{0: 'C', 1: 'O'}","[(0, 1, 1)]","[3, 0]",True,True,STOP
300,sampled,1800,"[1, 3, 1]","[2, 3, 1]",CH2CHO,"{0: 'C', 1: 'C', 2: 'O'}","[(0, 1, 1), (0, 2, 2)]","[1, 2, 0]",True,False,STOP
300,sampled,1801,"[1, 4, 1]","[1, 4, 1]",CH3OH,"{0: 'C', 1: 'O'}","[(0, 1, 1)]","[3, 1]",True,True,STOP
300,sampled,1802,"[1, 4, 1]","[1, 4, 1]",CH3OH,"{0: 'C', 1: 'O'}","[(0, 1, 1)]","[3, 1]",True,True,STOP
300,sampled,1803,"[1, 4, 1]","[1, 4, 1]",CH3OH,"{0: 'C', 1: 'O'}","[(0, 1, 1)]","[3, 1]",True,True,STOP
300,sampled,1804,"[1, 4, 1]","[1, 4, 1]",CH3OH,"{0: 'C', 1: 'O'}","[(0, 1, 1)]","[3, 1]",True,True,STOP
300,sampled,1805,"[1, 4, 1]","[1, 3, 1]",CH2OH,"{0: 'C', 1: 'O'}","[(0, 1, 1)]","[2, 1]",True,False,STOP
300,sampled,1806,"[1, 4, 1]","[1, 4, 1]",CH3OH,"{0: 'C', 1: 'O'}","[(0, 1, 1)]","[3, 1]",True,True,STOP
300,sampled,1807,"[1, 4, 1]","[1, 4, 1]",CH3OH,"{0: 'C', 1: 'O'}","[(0, 1, 1)]","[3, 1]",True,True,STOP
300,sampled,1808,"[1, 4, 1]","[1, 4, 1]",CH3OH,"{0: 'C', 1: 'O'}","[(0, 1, 1)]","[3, 1]",True,True,STOP
300,sampled,1809,"[1, 4, 1]","[1, 4, 1]",CH3OH,"{0: 'C', 1: 'O'}","[(0, 1, 1)]","[3, 1]",True,True,STOP
300,sampled,1810,"[1, 4, 1]","[1, 4, 1]",CH3OH,"{0: 'O', 1: 'C'}","[(0, 1, 1)]","[1, 3]",True,True,STOP
300,sampled,1811,"[1, 4, 1]","[1, 4, 1]",CH3OH,"{0: 'C', 1: 'O'}","[(0, 1, 1)]","[3, 1]",True,True,STOP
300,sampled,1812,"[1, 4, 1]","[1, 4, 1]",CH3OH,"{0: 'C', 1: 'O'}","[(0, 1, 1)]","[3, 1]",True,True,STOP
300,sampled,1813,"[1, 4, 1]","[1, 4, 0]",CH4,{0: 'C'},[],[4],True,False,STOP
300,sampled,1814,"[1, 4, 1]","[1, 4, 1]",CH3OH,"{0: 'C', 1: 'O'}","[(0, 1, 1)]","[3, 1]",True,True,STOP
300,sampled,1815,"[1, 4, 1]","[1, 4, 1]",CH3OH,"{0: 'C', 1: 'O'}","[(0, 1, 1)]","[3, 1]",True,True,STOP
300,sampled,1816,"[1, 4, 1]","[1, 4, 1]",CH3OH,"{0: 'C', 1: 'O'}","[(0, 1, 1)]","[3, 1]",True,True,STOP
300,sampled,1817,"[1, 4, 1]","[1, 4, 1]",CH3OH,"{0: 'C', 1: 'O'}","[(0, 1, 1)]","[3, 1]",True,True,STOP
300,sampled,1818,"[1, 4, 1]","[1, 4, 1]",CH3OH,"{0: 'O', 1: 'C'}","[(0, 1, 1)]","[1, 3]",True,True,STOP
300,sampled,1819,"[1, 4, 1]","[1, 4, 1]",CH3OH,"{0: 'C', 1: 'O'}","[(0, 1, 1)]","[3, 1]",True,True,STOP
300,sampled,1820,"[1, 4, 1]","[1, 4, 1]",CH3OH,"{0: 'C', 1: 'O'}","[(0, 1, 1)]","[3, 1]",True,True,STOP
300,sampled,1821,"[1, 4, 1]","[1, 3, 0]",CH3,{0: 'C'},[],[3],True,False,STOP
300,sampled,1822,"[1, 4, 1]","[1, 4, 2]",Unknown,"{0: 'C', 1: 'O', 2: 'O'}","[(0, 1, 1), (1, 2, 1)]","[3, 0, 1]",False,False,STOP
300,sampled,1823,"[1, 4, 1]","[1, 4, 1]",CH3OH,"{0: 'C', 1: 'O'}","[(0, 1, 1)]","[3, 1]",True,True,STOP
300,sampled,1824,"[1, 4, 1]","[1, 3, 0]",CH3,{0: 'C'},[],[3],True,False,STOP
300,sampled,1825,"[1, 4, 1]","[1, 4, 1]",CH3OH,"{0: 'C', 1: 'O'}","[(0, 1, 1)]","[3, 1]",True,True,STOP
300,sampled,1826,"[1, 4, 1]","[1, 3, 0]",CH3,{0: 'C'},[],[3],True,False,STOP
300,sampled,1827,"[1, 4, 1]","[1, 4, 1]",CH3OH,"{0: 'C', 1: 'O'}","[(0, 1, 1)]","[3, 1]",True,True,STOP
300,sampled,1828,"[1, 4, 1]","[1, 2, 1]",CH2O,"{0: 'O', 1: 'C'}","[(0, 1, 2)]","[0, 2]",True,False,STOP
300,sampled,1829,"[1, 4, 1]","[1, 4, 0]",CH4,{0: 'C'},[],[4],True,False,STOP
300,sampled,1830,"[1, 4, 1]","[2, 4, 1]",CH3CHO,"{0: 'C', 1: 'C', 2: 'O'}","[(0, 1, 1), (0, 2, 2)]","[1, 3, 0]",True,False,STOP
300,sampled,1831,"[1, 4, 1]","[1, 4, 1]",CH3OH,"{0: 'C', 1: 'O'}","[(0, 1, 1)]","[3, 1]",True,True,STOP
300,sampled,1832,"[1, 4, 1]","[1, 3, 1]",CH3O,"{0: 'C', 1: 'O'}","[(0, 1, 1)]","[3, 0]",True,False,STOP
300,sampled,1833,"[1, 4, 1]","[1, 4, 1]",CH3OH,"{0: 'C', 1: 'O'}","[(0, 1, 1)]","[3, 1]",True,True,STOP
300,sampled,1834,"[1, 4, 1]","[1, 4, 1]",CH3OH,"{0: 'C', 1: 'O'}","[(0, 1, 1)]","[3, 1]",True,True,STOP
300,sampled,1835,"[1, 4, 1]","[1, 4, 1]",CH3OH,"{0: 'O', 1: 'C'}","[(0, 1, 1)]","[1, 3]",True,True,STOP
300,sampled,1836,"[1, 4, 1]","[1, 4, 2]",Unknown,"{0: 'C', 1: 'O', 2: 'O'}","[(0, 1, 1), (1, 2, 1)]","[3, 0, 1]",False,False,STOP
300,sampled,1837,"[1, 4, 1]","[1, 4, 0]",CH4,{0: 'C'},[],[4],True,False,STOP
300,sampled,1838,"[1, 4, 1]","[1, 3, 1]",CH2OH,"{0: 'C', 1: 'O'}","[(0, 1, 1)]","[2, 1]",True,False,STOP
300,sampled,1839,"[1, 4, 1]","[1, 4, 1]",CH3OH,"{0: 'C', 1: 'O'}","[(0, 1, 1)]","[3, 1]",True,True,STOP
300,sampled,1840,"[1, 4, 1]","[1, 4, 1]",CH3OH,"{0: 'C', 1: 'O'}","[(0, 1, 1)]","[3, 1]",True,True,STOP
300,sampled,1841,"[1, 4, 1]","[1, 4, 1]",CH3OH,"{0: 'C', 1: 'O'}","[(0, 1, 1)]","[3, 1]",True,True,STOP
300,sampled,1842,"[1, 4, 1]","[1, 4, 1]",CH3OH,"{0: 'C', 1: 'O'}","[(0, 1, 1)]","[3, 1]",True,True,STOP
300,sampled,1843,"[1, 4, 1]","[1, 3, 0]",CH3,{0: 'C'},[],[3],True,False,STOP
300,sampled,1844,"[1, 4, 1]","[1, 4, 1]",CH3OH,"{0: 'C', 1: 'O'}","[(0, 1, 1)]","[3, 1]",True,True,STOP
300,sampled,1845,"[1, 4, 1]","[2, 3, 1]",CH2CHO,"{0: 'C', 1: 'C', 2: 'O'}","[(0, 1, 1), (1, 2, 2)]","[2, 1, 0]",True,False,STOP
300,sampled,1846,"[1, 4, 1]","[1, 4, 1]",CH3OH,"{0: 'C', 1: 'O'}","[(0, 1, 1)]","[3, 1]",True,True,STOP
300,sampled,1847,"[1, 4, 1]","[1, 4, 1]",CH3OH,"{0: 'C', 1: 'O'}","[(0, 1, 1)]","[3, 1]",True,True,STOP
300,sampled,1848,"[1, 4, 1]","[1, 4, 0]",CH4,{0: 'C'},[],[4],True,False,STOP
300,sampled,1849,"[1, 4, 1]","[1, 4, 1]",CH3OH,"{0: 'C', 1: 'O'}","[(0, 1, 1)]","[3, 1]",True,True,STOP
300,sampled,1850,"[1, 4, 1]","[1, 4, 0]",CH4,{0: 'C'},[],[4],True,False,STOP
300,sampled,1851,"[1, 4, 1]","[1, 3, 1]",CH3O,"{0: 'C', 1: 'O'}","[(0, 1, 1)]","[3, 0]",True,False,STOP
300,sampled,1852,"[1, 4, 1]","[1, 4, 1]",CH3OH,"{0: 'C', 1: 'O'}","[(0, 1, 1)]","[3, 1]",True,True,STOP
300,sampled,1853,"[1, 4, 1]","[1, 4, 1]",CH3OH,"{0: 'C', 1: 'O'}","[(0, 1, 1)]","[3, 1]",True,True,STOP
300,sampled,1854,"[1, 4, 1]","[1, 4, 1]",CH3OH,"{0: 'C', 1: 'O'}","[(0, 1, 1)]","[3, 1]",True,True,STOP
300,sampled,1855,"[1, 4, 1]","[1, 3, 2]",CH3O2,"{0: 'C', 1: 'O', 2: 'O'}","[(0, 1, 1), (1, 2, 1)]","[3, 0, 0]",True,False,STOP
300,sampled,1856,"[1, 4, 1]","[1, 4, 1]",CH3OH,"{0: 'C', 1: 'O'}","[(0, 1, 1)]","[3, 1]",True,True,STOP
300,sampled,1857,"[1, 4, 1]","[1, 4, 1]",CH3OH,"{0: 'C', 1: 'O'}","[(0, 1, 1)]","[3, 1]",True,True,STOP
300,sampled,1858,"[1, 4, 1]","[1, 4, 1]",CH3OH,"{0: 'C', 1: 'O'}","[(0, 1, 1)]","[3, 1]",True,True,STOP
300,sampled,1859,"[1, 4, 1]","[1, 4, 1]",CH3OH,"{0: 'C', 1: 'O'}","[(0, 1, 1)]","[3, 1]",True,True,STOP
300,sampled,1860,"[1, 4, 1]","[1, 4, 1]",CH3OH,"{0: 'C', 1: 'O'}","[(0, 1, 1)]","[3, 1]",True,True,STOP
300,sampled,1861,"[1, 4, 1]","[1, 3, 1]",CH3O,"{0: 'C', 1: 'O'}","[(0, 1, 1)]","[3, 0]",True,False,STOP
300,sampled,1862,"[1, 4, 1]","[1, 4, 1]",CH3OH,"{0: 'C', 1: 'O'}","[(0, 1, 1)]","[3, 1]",True,True,STOP
300,sampled,1863,"[1, 4, 1]","[1, 3, 0]",CH3,{0: 'C'},[],[3],True,False,STOP
300,sampled,1864,"[1, 4, 1]","[1, 4, 1]",CH3OH,"{0: 'C', 1: 'O'}","[(0, 1, 1)]","[3, 1]",True,True,STOP
300,sampled,1865,"[1, 4, 1]","[1, 4, 1]",CH3OH,"{0: 'C', 1: 'O'}","[(0, 1, 1)]","[3, 1]",True,True,STOP
300,sampled,1866,"[1, 4, 1]","[1, 4, 1]",CH3OH,"{0: 'C', 1: 'O'}","[(0, 1, 1)]","[3, 1]",True,True,STOP
300,sampled,1867,"[1, 4, 1]","[1, 4, 1]",CH3OH,"{0: 'C', 1: 'O'}","[(0, 1, 1)]","[3, 1]",True,True,STOP
300,sampled,1868,"[1, 4, 1]","[1, 4, 1]",CH3OH,"{0: 'C', 1: 'O'}","[(0, 1, 1)]","[3, 1]",True,True,STOP
300,sampled,1869,"[1, 4, 1]","[1, 4, 1]",CH3OH,"{0: 'C', 1: 'O'}","[(0, 1, 1)]","[3, 1]",True,True,STOP
300,sampled,1870,"[1, 4, 1]","[2, 5, 0]",C2H5,"{0: 'C', 1: 'C'}","[(0, 1, 1)]","[2, 3]",True,False,STOP
300,sampled,1871,"[1, 4, 1]","[1, 4, 1]",CH3OH,"{0: 'C', 1: 'O'}","[(0, 1, 1)]","[3, 1]",True,True,STOP
300,sampled,1872,"[1, 4, 1]","[1, 4, 1]",CH3OH,"{0: 'C', 1: 'O'}","[(0, 1, 1)]","[3, 1]",True,True,STOP
300,sampled,1873,"[1, 4, 1]","[2, 3, 0]",C2H3,"{0: 'C', 1: 'C'}","[(0, 1, 2)]","[2, 1]",True,False,STOP
300,sampled,1874,"[1, 4, 1]","[2, 4, 1]",CH3CHO,"{0: 'C', 1: 'C', 2: 'O'}","[(0, 1, 1), (1, 2, 2)]","[3, 1, 0]",True,False,STOP
300,sampled,1875,"[1, 4, 1]","[1, 3, 1]",CH3O,"{0: 'C', 1: 'O'}","[(0, 1, 1)]","[3, 0]",True,False,STOP
300,sampled,1876,"[1, 4, 1]","[1, 4, 1]",CH3OH,"{0: 'C', 1: 'O'}","[(0, 1, 1)]","[3, 1]",True,True,STOP
300,sampled,1877,"[1, 4, 1]","[1, 4, 1]",CH3OH,"{0: 'C', 1: 'O'}","[(0, 1, 1)]","[3, 1]",True,True,STOP
300,sampled,1878,"[1, 4, 1]","[1, 4, 1]",CH3OH,"{0: 'C', 1: 'O'}","[(0, 1, 1)]","[3, 1]",True,True,STOP
300,sampled,1879,"[1, 4, 1]","[1, 4, 1]",CH3OH,"{0: 'C', 1: 'O'}","[(0, 1, 1)]","[3, 1]",True,True,STOP
300,sampled,1880,"[1, 4, 1]","[1, 4, 1]",CH3OH,"{0: 'C', 1: 'O'}","[(0, 1, 1)]","[3, 1]",True,True,STOP
300,sampled,1881,"[1, 4, 1]","[1, 4, 1]",CH3OH,"{0: 'O', 1: 'C'}","[(0, 1, 1)]","[1, 3]",True,True,STOP
300,sampled,1882,"[1, 4, 1]","[1, 4, 1]",CH3OH,"{0: 'C', 1: 'O'}","[(0, 1, 1)]","[3, 1]",True,True,STOP
300,sampled,1883,"[1, 4, 1]","[2, 3, 0]",C2H3,"{0: 'C', 1: 'C'}","[(0, 1, 2)]","[2, 1]",True,False,STOP
300,sampled,1884,"[1, 4, 1]","[1, 4, 1]",CH3OH,"{0: 'C', 1: 'O'}","[(0, 1, 1)]","[3, 1]",True,True,STOP
300,sampled,1885,"[1, 4, 1]","[1, 4, 1]",CH3OH,"{0: 'C', 1: 'O'}","[(0, 1, 1)]","[3, 1]",True,True,STOP
300,sampled,1886,"[1, 4, 1]","[1, 4, 0]",CH4,{0: 'C'},[],[4],True,False,STOP
300,sampled,1887,"[1, 4, 1]","[1, 4, 0]",CH4,{0: 'C'},[],[4],True,False,STOP
300,sampled,1888,"[1, 4, 1]","[1, 3, 0]",CH3,{0: 'C'},[],[3],True,False,STOP
300,sampled,1889,"[1, 4, 1]","[1, 4, 1]",CH3OH,"{0: 'C', 1: 'O'}","[(0, 1, 1)]","[3, 1]",True,True,STOP
300,sampled,1890,"[1, 4, 1]","[1, 4, 1]",CH3OH,"{0: 'C', 1: 'O'}","[(0, 1, 1)]","[3, 1]",True,True,STOP
300,sampled,1891,"[1, 4, 1]","[1, 4, 0]",CH4,{0: 'C'},[],[4],True,False,STOP
300,sampled,1892,"[1, 4, 1]","[1, 4, 1]",CH3OH,"{0: 'C', 1: 'O'}","[(0, 1, 1)]","[3, 1]",True,True,STOP
300,sampled,1893,"[1, 4, 1]","[1, 3, 0]",CH3,{0: 'C'},[],[3],True,False,STOP
300,sampled,1894,"[1, 4, 1]","[1, 4, 1]",CH3OH,"{0: 'C', 1: 'O'}","[(0, 1, 1)]","[3, 1]",True,True,STOP
300,sampled,1895,"[1, 4, 1]","[1, 4, 1]",CH3OH,"{0: 'C', 1: 'O'}","[(0, 1, 1)]","[3, 1]",True,True,STOP
300,sampled,1896,"[1, 4, 1]","[1, 4, 1]",CH3OH,"{0: 'C', 1: 'O'}","[(0, 1, 1)]","[3, 1]",True,True,STOP
300,sampled,1897,"[1, 4, 1]","[1, 4, 1]",CH3OH,"{0: 'C', 1: 'O'}","[(0, 1, 1)]","[3, 1]",True,True,STOP
300,sampled,1898,"[1, 4, 1]","[1, 4, 1]",CH3OH,"{0: 'C', 1: 'O'}","[(0, 1, 1)]","[3, 1]",True,True,STOP
300,sampled,1899,"[1, 4, 1]","[1, 4, 1]",CH3OH,"{0: 'C', 1: 'O'}","[(0, 1, 1)]","[3, 1]",True,True,STOP
300,sampled,1900,"[1, 4, 1]","[1, 4, 1]",CH3OH,"{0: 'C', 1: 'O'}","[(0, 1, 1)]","[3, 1]",True,True,STOP
300,sampled,1901,"[2, 6, 0]","[2, 6, 0]",C2H6,"{0: 'C', 1: 'C'}","[(0, 1, 1)]","[3, 3]",True,True,STOP
300,sampled,1902,"[2, 6, 0]","[2, 6, 0]",C2H6,"{0: 'C', 1: 'C'}","[(0, 1, 1)]","[3, 3]",True,True,STOP
300,sampled,1903,"[2, 6, 0]","[2, 6, 0]",C2H6,"{0: 'C', 1: 'C'}","[(0, 1, 1)]","[3, 3]",True,True,STOP
300,sampled,1904,"[2, 6, 0]","[2, 6, 0]",C2H6,"{0: 'C', 1: 'C'}","[(0, 1, 1)]","[3, 3]",True,True,STOP
300,sampled,1905,"[2, 6, 0]","[2, 6, 0]",C2H6,"{0: 'C', 1: 'C'}","[(0, 1, 1)]","[3, 3]",True,True,STOP
300,sampled,1906,"[2, 6, 0]","[2, 6, 0]",C2H6,"{0: 'C', 1: 'C'}","[(0, 1, 1)]","[3, 3]",True,True,STOP
300,sampled,1907,"[2, 6, 0]","[2, 6, 0]",C2H6,"{0: 'C', 1: 'C'}","[(0, 1, 1)]","[3, 3]",True,True,STOP
300,sampled,1908,"[2, 6, 0]","[2, 5, 0]",C2H5,"{0: 'C', 1: 'C'}","[(0, 1, 1)]","[3, 2]",True,False,STOP
300,sampled,1909,"[2, 6, 0]","[1, 4, 1]",CH3OH,"{0: 'O', 1: 'C'}","[(0, 1, 1)]","[1, 3]",True,False,STOP
300,sampled,1910,"[2, 6, 0]","[1, 4, 1]",CH3OH,"{0: 'O', 1: 'C'}","[(0, 1, 1)]","[1, 3]",True,False,STOP
300,sampled,1911,"[2, 6, 0]","[2, 6, 0]",C2H6,"{0: 'C', 1: 'C'}","[(0, 1, 1)]","[3, 3]",True,True,STOP
300,sampled,1912,"[2, 6, 0]","[2, 4, 0]",C2H4,"{0: 'C', 1: 'C'}","[(0, 1, 2)]","[2, 2]",True,False,STOP
300,sampled,1913,"[2, 6, 0]","[2, 6, 0]",C2H6,"{0: 'C', 1: 'C'}","[(0, 1, 1)]","[3, 3]",True,True,STOP
300,sampled,1914,"[2, 6, 0]","[2, 6, 0]",C2H6,"{0: 'C', 1: 'C'}","[(0, 1, 1)]","[3, 3]",True,True,STOP
300,sampled,1915,"[2, 6, 0]","[2, 6, 0]",C2H6,"{0: 'C', 1: 'C'}","[(0, 1, 1)]","[3, 3]",True,True,STOP
300,sampled,1916,"[2, 6, 0]","[2, 6, 0]",C2H6,"{0: 'C', 1: 'C'}","[(0, 1, 1)]","[3, 3]",True,True,STOP
300,sampled,1917,"[2, 6, 0]","[2, 6, 0]",C2H6,"{0: 'C', 1: 'C'}","[(0, 1, 1)]","[3, 3]",True,True,STOP
300,sampled,1918,"[2, 6, 0]","[2, 6, 0]",C2H6,"{0: 'C', 1: 'C'}","[(0, 1, 1)]","[3, 3]",True,True,STOP
300,sampled,1919,"[2, 6, 0]","[2, 6, 0]",C2H6,"{0: 'C', 1: 'C'}","[(0, 1, 1)]","[3, 3]",True,True,STOP
300,sampled,1920,"[2, 6, 0]","[2, 6, 0]",C2H6,"{0: 'C', 1: 'C'}","[(0, 1, 1)]","[3, 3]",True,True,STOP
300,sampled,1921,"[2, 6, 0]","[2, 6, 0]",C2H6,"{0: 'C', 1: 'C'}","[(0, 1, 1)]","[3, 3]",True,True,STOP
300,sampled,1922,"[2, 6, 0]","[2, 6, 0]",C2H6,"{0: 'C', 1: 'C'}","[(0, 1, 1)]","[3, 3]",True,True,STOP
300,sampled,1923,"[2, 6, 0]","[2, 6, 0]",C2H6,"{0: 'C', 1: 'C'}","[(0, 1, 1)]","[3, 3]",True,True,STOP
300,sampled,1924,"[2, 6, 0]","[2, 6, 0]",C2H6,"{0: 'C', 1: 'C'}","[(0, 1, 1)]","[3, 3]",True,True,STOP
300,sampled,1925,"[2, 6, 0]","[2, 5, 0]",C2H5,"{0: 'C', 1: 'C'}","[(0, 1, 1)]","[3, 2]",True,False,STOP
300,sampled,1926,"[2, 6, 0]","[2, 6, 0]",C2H6,"{0: 'C', 1: 'C'}","[(0, 1, 1)]","[3, 3]",True,True,STOP
300,sampled,1927,"[2, 6, 0]","[2, 6, 0]",C2H6,"{0: 'C', 1: 'C'}","[(0, 1, 1)]","[3, 3]",True,True,STOP
300,sampled,1928,"[2, 6, 0]","[2, 6, 0]",C2H6,"{0: 'C', 1: 'C'}","[(0, 1, 1)]","[3, 3]",True,True,STOP
300,sampled,1929,"[2, 6, 0]","[2, 6, 0]",C2H6,"{0: 'C', 1: 'C'}","[(0, 1, 1)]","[3, 3]",True,True,STOP
300,sampled,1930,"[2, 6, 0]","[2, 6, 0]",C2H6,"{0: 'C', 1: 'C'}","[(0, 1, 1)]","[3, 3]",True,True,STOP
300,sampled,1931,"[2, 6, 0]","[2, 6, 0]",C2H6,"{0: 'C', 1: 'C'}","[(0, 1, 1)]","[3, 3]",True,True,STOP
300,sampled,1932,"[2, 6, 0]","[2, 6, 0]",C2H6,"{0: 'C', 1: 'C'}","[(0, 1, 1)]","[3, 3]",True,True,STOP
300,sampled,1933,"[2, 6, 0]","[2, 6, 0]",C2H6,"{0: 'C', 1: 'C'}","[(0, 1, 1)]","[3, 3]",True,True,STOP
300,sampled,1934,"[2, 6, 0]","[2, 6, 0]",C2H6,"{0: 'C', 1: 'C'}","[(0, 1, 1)]","[3, 3]",True,True,STOP
300,sampled,1935,"[2, 6, 0]","[2, 6, 0]",C2H6,"{0: 'C', 1: 'C'}","[(0, 1, 1)]","[3, 3]",True,True,STOP
300,sampled,1936,"[2, 6, 0]","[2, 6, 0]",C2H6,"{0: 'C', 1: 'C'}","[(0, 1, 1)]","[3, 3]",True,True,STOP
300,sampled,1937,"[2, 6, 0]","[2, 6, 0]",C2H6,"{0: 'C', 1: 'C'}","[(0, 1, 1)]","[3, 3]",True,True,STOP
300,sampled,1938,"[2, 6, 0]","[2, 6, 0]",C2H6,"{0: 'C', 1: 'C'}","[(0, 1, 1)]","[3, 3]",True,True,STOP
300,sampled,1939,"[2, 6, 0]","[2, 5, 0]",C2H5,"{0: 'C', 1: 'C'}","[(0, 1, 1)]","[3, 2]",True,False,STOP
300,sampled,1940,"[2, 6, 0]","[2, 6, 0]",C2H6,"{0: 'C', 1: 'C'}","[(0, 1, 1)]","[3, 3]",True,True,STOP
300,sampled,1941,"[2, 6, 0]","[2, 6, 0]",C2H6,"{0: 'C', 1: 'C'}","[(0, 1, 1)]","[3, 3]",True,True,STOP
300,sampled,1942,"[2, 6, 0]","[2, 6, 0]",C2H6,"{0: 'C', 1: 'C'}","[(0, 1, 1)]","[3, 3]",True,True,STOP
300,sampled,1943,"[2, 6, 0]","[2, 6, 0]",C2H6,"{0: 'C', 1: 'C'}","[(0, 1, 1)]","[3, 3]",True,True,STOP
300,sampled,1944,"[2, 6, 0]","[2, 6, 0]",C2H6,"{0: 'C', 1: 'C'}","[(0, 1, 1)]","[3, 3]",True,True,STOP
300,sampled,1945,"[2, 6, 0]","[2, 6, 0]",C2H6,"{0: 'C', 1: 'C'}","[(0, 1, 1)]","[3, 3]",True,True,STOP
300,sampled,1946,"[2, 6, 0]","[2, 6, 0]",C2H6,"{0: 'C', 1: 'C'}","[(0, 1, 1)]","[3, 3]",True,True,STOP
300,sampled,1947,"[2, 6, 0]","[2, 6, 0]",C2H6,"{0: 'C', 1: 'C'}","[(0, 1, 1)]","[3, 3]",True,True,STOP
300,sampled,1948,"[2, 6, 0]","[2, 6, 0]",C2H6,"{0: 'C', 1: 'C'}","[(0, 1, 1)]","[3, 3]",True,True,STOP
300,sampled,1949,"[2, 6, 0]","[2, 6, 0]",C2H6,"{0: 'C', 1: 'C'}","[(0, 1, 1)]","[3, 3]",True,True,STOP
300,sampled,1950,"[2, 6, 0]","[2, 6, 0]",C2H6,"{0: 'C', 1: 'C'}","[(0, 1, 1)]","[3, 3]",True,True,STOP
300,sampled,1951,"[2, 6, 0]","[2, 6, 0]",C2H6,"{0: 'C', 1: 'C'}","[(0, 1, 1)]","[3, 3]",True,True,STOP
300,sampled,1952,"[2, 6, 0]","[2, 6, 0]",C2H6,"{0: 'C', 1: 'C'}","[(0, 1, 1)]","[3, 3]",True,True,STOP
300,sampled,1953,"[2, 6, 0]","[2, 6, 0]",C2H6,"{0: 'C', 1: 'C'}","[(0, 1, 1)]","[3, 3]",True,True,STOP
300,sampled,1954,"[2, 6, 0]","[2, 5, 0]",C2H5,"{0: 'C', 1: 'C'}","[(0, 1, 1)]","[3, 2]",True,False,STOP
300,sampled,1955,"[2, 6, 0]","[1, 4, 1]",CH3OH,"{0: 'O', 1: 'C'}","[(0, 1, 1)]","[1, 3]",True,False,STOP
300,sampled,1956,"[2, 6, 0]","[2, 6, 0]",C2H6,"{0: 'C', 1: 'C'}","[(0, 1, 1)]","[3, 3]",True,True,STOP
300,sampled,1957,"[2, 6, 0]","[2, 6, 0]",C2H6,"{0: 'C', 1: 'C'}","[(0, 1, 1)]","[3, 3]",True,True,STOP
300,sampled,1958,"[2, 6, 0]","[2, 6, 0]",C2H6,"{0: 'C', 1: 'C'}","[(0, 1, 1)]","[3, 3]",True,True,STOP
300,sampled,1959,"[2, 6, 0]","[2, 6, 0]",C2H6,"{0: 'C', 1: 'C'}","[(0, 1, 1)]","[3, 3]",True,True,STOP
300,sampled,1960,"[2, 6, 0]","[2, 6, 0]",C2H6,"{0: 'C', 1: 'C'}","[(0, 1, 1)]","[3, 3]",True,True,STOP
300,sampled,1961,"[2, 6, 0]","[2, 6, 0]",C2H6,"{0: 'C', 1: 'C'}","[(0, 1, 1)]","[3, 3]",True,True,STOP
300,sampled,1962,"[2, 6, 0]","[2, 6, 0]",C2H6,"{0: 'C', 1: 'C'}","[(0, 1, 1)]","[3, 3]",True,True,STOP
300,sampled,1963,"[2, 6, 0]","[2, 6, 0]",C2H6,"{0: 'C', 1: 'C'}","[(0, 1, 1)]","[3, 3]",True,True,STOP
300,sampled,1964,"[2, 6, 0]","[2, 6, 0]",C2H6,"{0: 'C', 1: 'C'}","[(0, 1, 1)]","[3, 3]",True,True,STOP
300,sampled,1965,"[2, 6, 0]","[2, 6, 0]",C2H6,"{0: 'C', 1: 'C'}","[(0, 1, 1)]","[3, 3]",True,True,STOP
300,sampled,1966,"[2, 6, 0]","[2, 6, 0]",C2H6,"{0: 'C', 1: 'C'}","[(0, 1, 1)]","[3, 3]",True,True,STOP
300,sampled,1967,"[2, 6, 0]","[2, 6, 0]",C2H6,"{0: 'C', 1: 'C'}","[(0, 1, 1)]","[3, 3]",True,True,STOP
300,sampled,1968,"[2, 6, 0]","[2, 6, 0]",C2H6,"{0: 'C', 1: 'C'}","[(0, 1, 1)]","[3, 3]",True,True,STOP
300,sampled,1969,"[2, 6, 0]","[2, 6, 0]",C2H6,"{0: 'C', 1: 'C'}","[(0, 1, 1)]","[3, 3]",True,True,STOP
300,sampled,1970,"[2, 6, 0]","[2, 6, 0]",C2H6,"{0: 'C', 1: 'C'}","[(0, 1, 1)]","[3, 3]",True,True,STOP
300,sampled,1971,"[2, 6, 0]","[2, 6, 0]",C2H6,"{0: 'C', 1: 'C'}","[(0, 1, 1)]","[3, 3]",True,True,STOP
300,sampled,1972,"[2, 6, 0]","[2, 6, 0]",C2H6,"{0: 'C', 1: 'C'}","[(0, 1, 1)]","[3, 3]",True,True,STOP
300,sampled,1973,"[2, 6, 0]","[2, 6, 0]",C2H6,"{0: 'C', 1: 'C'}","[(0, 1, 1)]","[3, 3]",True,True,STOP
300,sampled,1974,"[2, 6, 0]","[2, 6, 0]",C2H6,"{0: 'C', 1: 'C'}","[(0, 1, 1)]","[3, 3]",True,True,STOP
300,sampled,1975,"[2, 6, 0]","[2, 6, 0]",C2H6,"{0: 'C', 1: 'C'}","[(0, 1, 1)]","[3, 3]",True,True,STOP
300,sampled,1976,"[2, 6, 0]","[2, 6, 0]",C2H6,"{0: 'C', 1: 'C'}","[(0, 1, 1)]","[3, 3]",True,True,STOP
300,sampled,1977,"[2, 6, 0]","[2, 6, 0]",C2H6,"{0: 'C', 1: 'C'}","[(0, 1, 1)]","[3, 3]",True,True,STOP
300,sampled,1978,"[2, 6, 0]","[2, 6, 0]",C2H6,"{0: 'C', 1: 'C'}","[(0, 1, 1)]","[3, 3]",True,True,STOP
300,sampled,1979,"[2, 6, 0]","[2, 6, 0]",C2H6,"{0: 'C', 1: 'C'}","[(0, 1, 1)]","[3, 3]",True,True,STOP
300,sampled,1980,"[2, 6, 0]","[2, 6, 0]",C2H6,"{0: 'C', 1: 'C'}","[(0, 1, 1)]","[3, 3]",True,True,STOP
300,sampled,1981,"[2, 6, 0]","[2, 6, 0]",C2H6,"{0: 'C', 1: 'C'}","[(0, 1, 1)]","[3, 3]",True,True,STOP
300,sampled,1982,"[2, 6, 0]","[2, 5, 0]",C2H5,"{0: 'C', 1: 'C'}","[(0, 1, 1)]","[3, 2]",True,False,STOP
300,sampled,1983,"[2, 6, 0]","[2, 6, 0]",C2H6,"{0: 'C', 1: 'C'}","[(0, 1, 1)]","[3, 3]",True,True,STOP
300,sampled,1984,"[2, 6, 0]","[2, 6, 0]",C2H6,"{0: 'C', 1: 'C'}","[(0, 1, 1)]","[3, 3]",True,True,STOP
300,sampled,1985,"[2, 6, 0]","[2, 6, 0]",C2H6,"{0: 'C', 1: 'C'}","[(0, 1, 1)]","[3, 3]",True,True,STOP
300,sampled,1986,"[2, 6, 0]","[2, 6, 0]",C2H6,"{0: 'C', 1: 'C'}","[(0, 1, 1)]","[3, 3]",True,True,STOP
300,sampled,1987,"[2, 6, 0]","[2, 6, 0]",C2H6,"{0: 'C', 1: 'C'}","[(0, 1, 1)]","[3, 3]",True,True,STOP
300,sampled,1988,"[2, 6, 0]","[2, 6, 0]",C2H6,"{0: 'C', 1: 'C'}","[(0, 1, 1)]","[3, 3]",True,True,STOP
300,sampled,1989,"[2, 6, 0]","[2, 6, 0]",C2H6,"{0: 'C', 1: 'C'}","[(0, 1, 1)]","[3, 3]",True,True,STOP
300,sampled,1990,"[2, 6, 0]","[2, 6, 0]",C2H6,"{0: 'C', 1: 'C'}","[(0, 1, 1)]","[3, 3]",True,True,STOP
300,sampled,1991,"[2, 6, 0]","[2, 6, 0]",C2H6,"{0: 'C', 1: 'C'}","[(0, 1, 1)]","[3, 3]",True,True,STOP
300,sampled,1992,"[2, 6, 0]","[2, 6, 0]",C2H6,"{0: 'C', 1: 'C'}","[(0, 1, 1)]","[3, 3]",True,True,STOP
300,sampled,1993,"[2, 6, 0]","[1, 4, 1]",CH3OH,"{0: 'O', 1: 'C'}","[(0, 1, 1)]","[1, 3]",True,False,STOP
300,sampled,1994,"[2, 6, 0]","[2, 6, 0]",C2H6,"{0: 'C', 1: 'C'}","[(0, 1, 1)]","[3, 3]",True,True,STOP
300,sampled,1995,"[2, 6, 0]","[2, 6, 0]",C2H6,"{0: 'C', 1: 'C'}","[(0, 1, 1)]","[3, 3]",True,True,STOP
300,sampled,1996,"[2, 6, 0]","[2, 6, 0]",C2H6,"{0: 'C', 1: 'C'}","[(0, 1, 1)]","[3, 3]",True,True,STOP
300,sampled,1997,"[2, 6, 0]","[2, 6, 0]",C2H6,"{0: 'C', 1: 'C'}","[(0, 1, 1)]","[3, 3]",True,True,STOP
300,sampled,1998,"[2, 6, 0]","[2, 6, 0]",C2H6,"{0: 'C', 1: 'C'}","[(0, 1, 1)]","[3, 3]",True,True,STOP
300,sampled,1999,"[2, 6, 0]","[2, 6, 0]",C2H6,"{0: 'C', 1: 'C'}","[(0, 1, 1)]","[3, 3]",True,True,STOP
300,sampled,2000,"[2, 6, 0]","[2, 4, 0]",C2H4,"{0: 'C', 1: 'C'}","[(0, 1, 2)]","[2, 2]",True,False,STOP
300,sampled,2001,"[2, 5, 0]","[2, 5, 0]",C2H5,"{0: 'C', 1: 'C'}","[(0, 1, 1)]","[3, 2]",True,True,STOP
300,sampled,2002,"[2, 5, 0]","[2, 5, 0]",C2H5,"{0: 'C', 1: 'C'}","[(0, 1, 1)]","[3, 2]",True,True,STOP
300,sampled,2003,"[2, 5, 0]","[2, 4, 0]",C2H4,"{0: 'C', 1: 'C'}","[(0, 1, 2)]","[2, 2]",True,False,STOP
300,sampled,2004,"[2, 5, 0]","[2, 5, 0]",C2H5,"{0: 'C', 1: 'C'}","[(0, 1, 1)]","[3, 2]",True,True,STOP
300,sampled,2005,"[2, 5, 0]","[2, 5, 0]",C2H5,"{0: 'C', 1: 'C'}","[(0, 1, 1)]","[3, 2]",True,True,STOP
300,sampled,2006,"[2, 5, 0]","[2, 5, 0]",C2H5,"{0: 'C', 1: 'C'}","[(0, 1, 1)]","[3, 2]",True,True,STOP
300,sampled,2007,"[2, 5, 0]","[2, 5, 0]",C2H5,"{0: 'C', 1: 'C'}","[(0, 1, 1)]","[3, 2]",True,True,STOP
300,sampled,2008,"[2, 5, 0]","[2, 5, 0]",C2H5,"{0: 'C', 1: 'C'}","[(0, 1, 1)]","[2, 3]",True,True,STOP
300,sampled,2009,"[2, 5, 0]","[2, 5, 0]",C2H5,"{0: 'C', 1: 'C'}","[(0, 1, 1)]","[2, 3]",True,True,STOP
300,sampled,2010,"[2, 5, 0]","[2, 6, 0]",C2H6,"{0: 'C', 1: 'C'}","[(0, 1, 1)]","[3, 3]",True,False,STOP
300,sampled,2011,"[2, 5, 0]","[2, 5, 0]",C2H5,"{0: 'C', 1: 'C'}","[(0, 1, 1)]","[3, 2]",True,True,STOP
300,sampled,2012,"[2, 5, 0]","[2, 6, 0]",C2H6,"{0: 'C', 1: 'C'}","[(0, 1, 1)]","[3, 3]",True,False,STOP
300,sampled,2013,"[2, 5, 0]","[2, 5, 0]",C2H5,"{0: 'C', 1: 'C'}","[(0, 1, 1)]","[2, 3]",True,True,STOP
300,sampled,2014,"[2, 5, 0]","[2, 5, 0]",C2H5,"{0: 'C', 1: 'C'}","[(0, 1, 1)]","[2, 3]",True,True,STOP
300,sampled,2015,"[2, 5, 0]","[2, 4, 0]",C2H4,"{0: 'C', 1: 'C'}","[(0, 1, 2)]","[2, 2]",True,False,STOP
300,sampled,2016,"[2, 5, 0]","[2, 5, 0]",C2H5,"{0: 'C', 1: 'C'}","[(0, 1, 1)]","[3, 2]",True,True,STOP
300,sampled,2017,"[2, 5, 0]","[2, 5, 0]",C2H5,"{0: 'C', 1: 'C'}","[(0, 1, 1)]","[3, 2]",True,True,STOP
300,sampled,2018,"[2, 5, 0]","[2, 5, 0]",C2H5,"{0: 'C', 1: 'C'}","[(0, 1, 1)]","[2, 3]",True,True,STOP
300,sampled,2019,"[2, 5, 0]","[2, 5, 0]",C2H5,"{0: 'C', 1: 'C'}","[(0, 1, 1)]","[3, 2]",True,True,STOP
300,sampled,2020,"[2, 5, 0]","[2, 5, 0]",C2H5,"{0: 'C', 1: 'C'}","[(0, 1, 1)]","[3, 2]",True,True,STOP
300,sampled,2021,"[2, 5, 0]","[2, 6, 0]",C2H6,"{0: 'C', 1: 'C'}","[(0, 1, 1)]","[3, 3]",True,False,STOP
300,sampled,2022,"[2, 5, 0]","[2, 5, 0]",C2H5,"{0: 'C', 1: 'C'}","[(0, 1, 1)]","[3, 2]",True,True,STOP
300,sampled,2023,"[2, 5, 0]","[2, 5, 0]",C2H5,"{0: 'C', 1: 'C'}","[(0, 1, 1)]","[2, 3]",True,True,STOP
300,sampled,2024,"[2, 5, 0]","[2, 5, 0]",C2H5,"{0: 'C', 1: 'C'}","[(0, 1, 1)]","[2, 3]",True,True,STOP
300,sampled,2025,"[2, 5, 0]","[2, 5, 0]",C2H5,"{0: 'C', 1: 'C'}","[(0, 1, 1)]","[3, 2]",True,True,STOP
300,sampled,2026,"[2, 5, 0]","[2, 5, 0]",C2H5,"{0: 'C', 1: 'C'}","[(0, 1, 1)]","[2, 3]",True,True,STOP
300,sampled,2027,"[2, 5, 0]","[2, 5, 0]",C2H5,"{0: 'C', 1: 'C'}","[(0, 1, 1)]","[2, 3]",True,True,STOP
300,sampled,2028,"[2, 5, 0]","[2, 6, 0]",C2H6,"{0: 'C', 1: 'C'}","[(0, 1, 1)]","[3, 3]",True,False,STOP
300,sampled,2029,"[2, 5, 0]","[2, 5, 0]",C2H5,"{0: 'C', 1: 'C'}","[(0, 1, 1)]","[3, 2]",True,True,STOP
300,sampled,2030,"[2, 5, 0]","[2, 2, 0]",C2H2,"{0: 'C', 1: 'C'}","[(0, 1, 3)]","[1, 1]",True,False,STOP
300,sampled,2031,"[2, 5, 0]","[2, 5, 0]",C2H5,"{0: 'C', 1: 'C'}","[(0, 1, 1)]","[3, 2]",True,True,STOP
300,sampled,2032,"[2, 5, 0]","[2, 5, 0]",C2H5,"{0: 'C', 1: 'C'}","[(0, 1, 1)]","[3, 2]",True,True,STOP
300,sampled,2033,"[2, 5, 0]","[2, 5, 0]",C2H5,"{0: 'C', 1: 'C'}","[(0, 1, 1)]","[3, 2]",True,True,STOP
300,sampled,2034,"[2, 5, 0]","[2, 5, 0]",C2H5,"{0: 'C', 1: 'C'}","[(0, 1, 1)]","[2, 3]",True,True,STOP
300,sampled,2035,"[2, 5, 0]","[2, 5, 0]",C2H5,"{0: 'C', 1: 'C'}","[(0, 1, 1)]","[3, 2]",True,True,STOP
300,sampled,2036,"[2, 5, 0]","[2, 6, 0]",C2H6,"{0: 'C', 1: 'C'}","[(0, 1, 1)]","[3, 3]",True,False,STOP
300,sampled,2037,"[2, 5, 0]","[2, 5, 0]",C2H5,"{0: 'C', 1: 'C'}","[(0, 1, 1)]","[2, 3]",True,True,STOP
300,sampled,2038,"[2, 5, 0]","[2, 5, 0]",C2H5,"{0: 'C', 1: 'C'}","[(0, 1, 1)]","[3, 2]",True,True,STOP
300,sampled,2039,"[2, 5, 0]","[2, 5, 0]",C2H5,"{0: 'C', 1: 'C'}","[(0, 1, 1)]","[2, 3]",True,True,STOP
300,sampled,2040,"[2, 5, 0]","[2, 5, 0]",C2H5,"{0: 'C', 1: 'C'}","[(0, 1, 1)]","[3, 2]",True,True,STOP
300,sampled,2041,"[2, 5, 0]","[2, 5, 0]",C2H5,"{0: 'C', 1: 'C'}","[(0, 1, 1)]","[3, 2]",True,True,STOP
300,sampled,2042,"[2, 5, 0]","[2, 5, 0]",C2H5,"{0: 'C', 1: 'C'}","[(0, 1, 1)]","[2, 3]",True,True,STOP
300,sampled,2043,"[2, 5, 0]","[2, 4, 0]",C2H4,"{0: 'C', 1: 'C'}","[(0, 1, 2)]","[2, 2]",True,False,STOP
300,sampled,2044,"[2, 5, 0]","[2, 6, 0]",C2H6,"{0: 'C', 1: 'C'}","[(0, 1, 1)]","[3, 3]",True,False,STOP
300,sampled,2045,"[2, 5, 0]","[2, 5, 0]",C2H5,"{0: 'C', 1: 'C'}","[(0, 1, 1)]","[2, 3]",True,True,STOP
300,sampled,2046,"[2, 5, 0]","[2, 5, 0]",C2H5,"{0: 'C', 1: 'C'}","[(0, 1, 1)]","[2, 3]",True,True,STOP
300,sampled,2047,"[2, 5, 0]","[2, 5, 0]",C2H5,"{0: 'C', 1: 'C'}","[(0, 1, 1)]","[2, 3]",True,True,STOP
300,sampled,2048,"[2, 5, 0]","[2, 5, 0]",C2H5,"{0: 'C', 1: 'C'}","[(0, 1, 1)]","[3, 2]",True,True,STOP
300,sampled,2049,"[2, 5, 0]","[2, 4, 0]",C2H4,"{0: 'C', 1: 'C'}","[(0, 1, 2)]","[2, 2]",True,False,STOP
300,sampled,2050,"[2, 5, 0]","[2, 4, 0]",C2H4,"{0: 'C', 1: 'C'}","[(0, 1, 2)]","[2, 2]",True,False,STOP
300,sampled,2051,"[2, 5, 0]","[2, 6, 0]",C2H6,"{0: 'C', 1: 'C'}","[(0, 1, 1)]","[3, 3]",True,False,STOP
300,sampled,2052,"[2, 5, 0]","[2, 6, 0]",C2H6,"{0: 'C', 1: 'C'}","[(0, 1, 1)]","[3, 3]",True,False,STOP
300,sampled,2053,"[2, 5, 0]","[2, 5, 0]",C2H5,"{0: 'C', 1: 'C'}","[(0, 1, 1)]","[3, 2]",True,True,STOP
300,sampled,2054,"[2, 5, 0]","[2, 5, 0]",C2H5,"{0: 'C', 1: 'C'}","[(0, 1, 1)]","[2, 3]",True,True,STOP
300,sampled,2055,"[2, 5, 0]","[2, 5, 0]",C2H5,"{0: 'C', 1: 'C'}","[(0, 1, 1)]","[2, 3]",True,True,STOP
300,sampled,2056,"[2, 5, 0]","[2, 5, 0]",C2H5,"{0: 'C', 1: 'C'}","[(0, 1, 1)]","[2, 3]",True,True,STOP
300,sampled,2057,"[2, 5, 0]","[2, 4, 0]",C2H4,"{0: 'C', 1: 'C'}","[(0, 1, 2)]","[2, 2]",True,False,STOP
300,sampled,2058,"[2, 5, 0]","[2, 6, 0]",C2H6,"{0: 'C', 1: 'C'}","[(0, 1, 1)]","[3, 3]",True,False,STOP
300,sampled,2059,"[2, 5, 0]","[2, 5, 0]",C2H5,"{0: 'C', 1: 'C'}","[(0, 1, 1)]","[3, 2]",True,True,STOP
300,sampled,2060,"[2, 5, 0]","[2, 4, 0]",C2H4,"{0: 'C', 1: 'C'}","[(0, 1, 2)]","[2, 2]",True,False,STOP
300,sampled,2061,"[2, 5, 0]","[2, 5, 0]",C2H5,"{0: 'C', 1: 'C'}","[(0, 1, 1)]","[3, 2]",True,True,STOP
300,sampled,2062,"[2, 5, 0]","[2, 4, 0]",C2H4,"{0: 'C', 1: 'C'}","[(0, 1, 2)]","[2, 2]",True,False,STOP
300,sampled,2063,"[2, 5, 0]","[2, 6, 0]",C2H6,"{0: 'C', 1: 'C'}","[(0, 1, 1)]","[3, 3]",True,False,STOP
300,sampled,2064,"[2, 5, 0]","[2, 5, 0]",C2H5,"{0: 'C', 1: 'C'}","[(0, 1, 1)]","[3, 2]",True,True,STOP
300,sampled,2065,"[2, 5, 0]","[2, 5, 0]",C2H5,"{0: 'C', 1: 'C'}","[(0, 1, 1)]","[3, 2]",True,True,STOP
300,sampled,2066,"[2, 5, 0]","[2, 4, 0]",C2H4,"{0: 'C', 1: 'C'}","[(0, 1, 2)]","[2, 2]",True,False,STOP
300,sampled,2067,"[2, 5, 0]","[2, 4, 0]",C2H4,"{0: 'C', 1: 'C'}","[(0, 1, 2)]","[2, 2]",True,False,STOP
300,sampled,2068,"[2, 5, 0]","[2, 5, 0]",C2H5,"{0: 'C', 1: 'C'}","[(0, 1, 1)]","[3, 2]",True,True,STOP
300,sampled,2069,"[2, 5, 0]","[2, 5, 0]",C2H5,"{0: 'C', 1: 'C'}","[(0, 1, 1)]","[3, 2]",True,True,STOP
300,sampled,2070,"[2, 5, 0]","[2, 5, 0]",C2H5,"{0: 'C', 1: 'C'}","[(0, 1, 1)]","[3, 2]",True,True,STOP
300,sampled,2071,"[2, 5, 0]","[2, 6, 0]",C2H6,"{0: 'C', 1: 'C'}","[(0, 1, 1)]","[3, 3]",True,False,STOP
300,sampled,2072,"[2, 5, 0]","[2, 5, 0]",C2H5,"{0: 'C', 1: 'C'}","[(0, 1, 1)]","[3, 2]",True,True,STOP
300,sampled,2073,"[2, 5, 0]","[2, 5, 0]",C2H5,"{0: 'C', 1: 'C'}","[(0, 1, 1)]","[3, 2]",True,True,STOP
300,sampled,2074,"[2, 5, 0]","[2, 5, 0]",C2H5,"{0: 'C', 1: 'C'}","[(0, 1, 1)]","[3, 2]",True,True,STOP
300,sampled,2075,"[2, 5, 0]","[2, 5, 0]",C2H5,"{0: 'C', 1: 'C'}","[(0, 1, 1)]","[3, 2]",True,True,STOP
300,sampled,2076,"[2, 5, 0]","[2, 5, 0]",C2H5,"{0: 'C', 1: 'C'}","[(0, 1, 1)]","[3, 2]",True,True,STOP
300,sampled,2077,"[2, 5, 0]","[2, 5, 0]",C2H5,"{0: 'C', 1: 'C'}","[(0, 1, 1)]","[3, 2]",True,True,STOP
300,sampled,2078,"[2, 5, 0]","[2, 5, 0]",C2H5,"{0: 'C', 1: 'C'}","[(0, 1, 1)]","[2, 3]",True,True,STOP
300,sampled,2079,"[2, 5, 0]","[2, 5, 0]",C2H5,"{0: 'C', 1: 'C'}","[(0, 1, 1)]","[3, 2]",True,True,STOP
300,sampled,2080,"[2, 5, 0]","[2, 6, 0]",C2H6,"{0: 'C', 1: 'C'}","[(0, 1, 1)]","[3, 3]",True,False,STOP
300,sampled,2081,"[2, 5, 0]","[2, 5, 0]",C2H5,"{0: 'C', 1: 'C'}","[(0, 1, 1)]","[2, 3]",True,True,STOP
300,sampled,2082,"[2, 5, 0]","[2, 5, 0]",C2H5,"{0: 'C', 1: 'C'}","[(0, 1, 1)]","[3, 2]",True,True,STOP
300,sampled,2083,"[2, 5, 0]","[2, 5, 0]",C2H5,"{0: 'C', 1: 'C'}","[(0, 1, 1)]","[3, 2]",True,True,STOP
300,sampled,2084,"[2, 5, 0]","[2, 4, 0]",C2H4,"{0: 'C', 1: 'C'}","[(0, 1, 2)]","[2, 2]",True,False,STOP
300,sampled,2085,"[2, 5, 0]","[2, 5, 0]",C2H5,"{0: 'C', 1: 'C'}","[(0, 1, 1)]","[3, 2]",True,True,STOP
300,sampled,2086,"[2, 5, 0]","[2, 5, 0]",C2H5,"{0: 'C', 1: 'C'}","[(0, 1, 1)]","[3, 2]",True,True,STOP
300,sampled,2087,"[2, 5, 0]","[2, 5, 0]",C2H5,"{0: 'C', 1: 'C'}","[(0, 1, 1)]","[2, 3]",True,True,STOP
300,sampled,2088,"[2, 5, 0]","[2, 5, 0]",C2H5,"{0: 'C', 1: 'C'}","[(0, 1, 1)]","[2, 3]",True,True,STOP
300,sampled,2089,"[2, 5, 0]","[2, 5, 0]",C2H5,"{0: 'C', 1: 'C'}","[(0, 1, 1)]","[2, 3]",True,True,STOP
300,sampled,2090,"[2, 5, 0]","[2, 5, 0]",C2H5,"{0: 'C', 1: 'C'}","[(0, 1, 1)]","[3, 2]",True,True,STOP
300,sampled,2091,"[2, 5, 0]","[2, 6, 0]",C2H6,"{0: 'C', 1: 'C'}","[(0, 1, 1)]","[3, 3]",True,False,STOP
300,sampled,2092,"[2, 5, 0]","[2, 5, 0]",C2H5,"{0: 'C', 1: 'C'}","[(0, 1, 1)]","[3, 2]",True,True,STOP
300,sampled,2093,"[2, 5, 0]","[2, 5, 0]",C2H5,"{0: 'C', 1: 'C'}","[(0, 1, 1)]","[2, 3]",True,True,STOP
300,sampled,2094,"[2, 5, 0]","[2, 4, 0]",C2H4,"{0: 'C', 1: 'C'}","[(0, 1, 2)]","[2, 2]",True,False,STOP
300,sampled,2095,"[2, 5, 0]","[2, 5, 0]",C2H5,"{0: 'C', 1: 'C'}","[(0, 1, 1)]","[3, 2]",True,True,STOP
300,sampled,2096,"[2, 5, 0]","[2, 5, 0]",C2H5,"{0: 'C', 1: 'C'}","[(0, 1, 1)]","[2, 3]",True,True,STOP
300,sampled,2097,"[2, 5, 0]","[2, 5, 0]",C2H5,"{0: 'C', 1: 'C'}","[(0, 1, 1)]","[2, 3]",True,True,STOP
300,sampled,2098,"[2, 5, 0]","[2, 5, 0]",C2H5,"{0: 'C', 1: 'C'}","[(0, 1, 1)]","[3, 2]",True,True,STOP
300,sampled,2099,"[2, 5, 0]","[2, 5, 0]",C2H5,"{0: 'C', 1: 'C'}","[(0, 1, 1)]","[2, 3]",True,True,STOP
300,sampled,2100,"[2, 5, 0]","[2, 5, 0]",C2H5,"{0: 'C', 1: 'C'}","[(0, 1, 1)]","[2, 3]",True,True,STOP
300,sampled,2101,"[2, 4, 0]","[2, 2, 0]",C2H2,"{0: 'C', 1: 'C'}","[(0, 1, 3)]","[1, 1]",True,False,STOP
300,sampled,2102,"[2, 4, 0]","[2, 5, 0]",C2H5,"{0: 'C', 1: 'C'}","[(0, 1, 1)]","[2, 3]",True,False,STOP
300,sampled,2103,"[2, 4, 0]","[2, 5, 0]",C2H5,"{0: 'C', 1: 'C'}","[(0, 1, 1)]","[3, 2]",True,False,STOP
300,sampled,2104,"[2, 4, 0]","[2, 4, 0]",C2H4,"{0: 'C', 1: 'C'}","[(0, 1, 2)]","[2, 2]",True,True,STOP
300,sampled,2105,"[2, 4, 0]","[2, 5, 0]",C2H5,"{0: 'C', 1: 'C'}","[(0, 1, 1)]","[2, 3]",True,False,STOP
300,sampled,2106,"[2, 4, 0]","[2, 5, 0]",C2H5,"{0: 'C', 1: 'C'}","[(0, 1, 1)]","[3, 2]",True,False,STOP
300,sampled,2107,"[2, 4, 0]","[2, 4, 0]",C2H4,"{0: 'C', 1: 'C'}","[(0, 1, 2)]","[2, 2]",True,True,STOP
300,sampled,2108,"[2, 4, 0]","[2, 4, 0]",C2H4,"{0: 'C', 1: 'C'}","[(0, 1, 2)]","[2, 2]",True,True,STOP
300,sampled,2109,"[2, 4, 0]","[2, 5, 0]",C2H5,"{0: 'C', 1: 'C'}","[(0, 1, 1)]","[2, 3]",True,False,STOP
300,sampled,2110,"[2, 4, 0]","[2, 5, 0]",C2H5,"{0: 'C', 1: 'C'}","[(0, 1, 1)]","[3, 2]",True,False,STOP
300,sampled,2111,"[2, 4, 0]","[2, 5, 0]",C2H5,"{0: 'C', 1: 'C'}","[(0, 1, 1)]","[3, 2]",True,False,STOP
300,sampled,2112,"[2, 4, 0]","[2, 5, 0]",C2H5,"{0: 'C', 1: 'C'}","[(0, 1, 1)]","[3, 2]",True,False,STOP
300,sampled,2113,"[2, 4, 0]","[2, 5, 0]",C2H5,"{0: 'C', 1: 'C'}","[(0, 1, 1)]","[3, 2]",True,False,STOP
300,sampled,2114,"[2, 4, 0]","[2, 4, 0]",Unknown,"{0: 'C', 1: 'C'}","[(0, 1, 1)]","[2, 2]",False,False,STOP
300,sampled,2115,"[2, 4, 0]","[2, 2, 0]",C2H2,"{0: 'C', 1: 'C'}","[(0, 1, 3)]","[1, 1]",True,False,STOP
300,sampled,2116,"[2, 4, 0]","[2, 5, 0]",C2H5,"{0: 'C', 1: 'C'}","[(0, 1, 1)]","[3, 2]",True,False,STOP
300,sampled,2117,"[2, 4, 0]","[2, 5, 0]",C2H5,"{0: 'C', 1: 'C'}","[(0, 1, 1)]","[3, 2]",True,False,STOP
300,sampled,2118,"[2, 4, 0]","[2, 4, 0]",C2H4,"{0: 'C', 1: 'C'}","[(0, 1, 2)]","[2, 2]",True,True,STOP
300,sampled,2119,"[2, 4, 0]","[2, 5, 0]",C2H5,"{0: 'C', 1: 'C'}","[(0, 1, 1)]","[3, 2]",True,False,STOP
300,sampled,2120,"[2, 4, 0]","[2, 4, 0]",C2H4,"{0: 'C', 1: 'C'}","[(0, 1, 2)]","[2, 2]",True,True,STOP
300,sampled,2121,"[2, 4, 0]","[2, 5, 0]",C2H5,"{0: 'C', 1: 'C'}","[(0, 1, 1)]","[3, 2]",True,False,STOP
300,sampled,2122,"[2, 4, 0]","[2, 5, 0]",C2H5,"{0: 'C', 1: 'C'}","[(0, 1, 1)]","[2, 3]",True,False,STOP
300,sampled,2123,"[2, 4, 0]","[2, 4, 0]",C2H4,"{0: 'C', 1: 'C'}","[(0, 1, 2)]","[2, 2]",True,True,STOP
300,sampled,2124,"[2, 4, 0]","[2, 4, 0]",Unknown,"{0: 'C', 1: 'C'}","[(0, 1, 1)]","[1, 3]",False,False,STOP
300,sampled,2125,"[2, 4, 0]","[2, 5, 0]",C2H5,"{0: 'C', 1: 'C'}","[(0, 1, 1)]","[2, 3]",True,False,STOP
300,sampled,2126,"[2, 4, 0]","[2, 5, 0]",C2H5,"{0: 'C', 1: 'C'}","[(0, 1, 1)]","[2, 3]",True,False,STOP
300,sampled,2127,"[2, 4, 0]","[2, 5, 0]",C2H5,"{0: 'C', 1: 'C'}","[(0, 1, 1)]","[3, 2]",True,False,STOP
300,sampled,2128,"[2, 4, 0]","[2, 5, 0]",C2H5,"{0: 'C', 1: 'C'}","[(0, 1, 1)]","[2, 3]",True,False,STOP
300,sampled,2129,"[2, 4, 0]","[2, 4, 0]",C2H4,"{0: 'C', 1: 'C'}","[(0, 1, 2)]","[2, 2]",True,True,STOP
300,sampled,2130,"[2, 4, 0]","[2, 5, 0]",C2H5,"{0: 'C', 1: 'C'}","[(0, 1, 1)]","[2, 3]",True,False,STOP
300,sampled,2131,"[2, 4, 0]","[2, 5, 0]",C2H5,"{0: 'C', 1: 'C'}","[(0, 1, 1)]","[3, 2]",True,False,STOP
300,sampled,2132,"[2, 4, 0]","[2, 4, 0]",C2H4,"{0: 'C', 1: 'C'}","[(0, 1, 2)]","[2, 2]",True,True,STOP
300,sampled,2133,"[2, 4, 0]","[2, 5, 0]",C2H5,"{0: 'C', 1: 'C'}","[(0, 1, 1)]","[3, 2]",True,False,STOP
300,sampled,2134,"[2, 4, 0]","[2, 2, 0]",C2H2,"{0: 'C', 1: 'C'}","[(0, 1, 3)]","[1, 1]",True,False,STOP
300,sampled,2135,"[2, 4, 0]","[2, 4, 0]",C2H4,"{0: 'C', 1: 'C'}","[(0, 1, 2)]","[2, 2]",True,True,STOP
300,sampled,2136,"[2, 4, 0]","[2, 5, 0]",C2H5,"{0: 'C', 1: 'C'}","[(0, 1, 1)]","[2, 3]",True,False,STOP
300,sampled,2137,"[2, 4, 0]","[2, 2, 0]",C2H2,"{0: 'C', 1: 'C'}","[(0, 1, 3)]","[1, 1]",True,False,STOP
300,sampled,2138,"[2, 4, 0]","[2, 5, 0]",C2H5,"{0: 'C', 1: 'C'}","[(0, 1, 1)]","[2, 3]",True,False,STOP
300,sampled,2139,"[2, 4, 0]","[2, 5, 0]",C2H5,"{0: 'C', 1: 'C'}","[(0, 1, 1)]","[3, 2]",True,False,STOP
300,sampled,2140,"[2, 4, 0]","[2, 5, 0]",C2H5,"{0: 'C', 1: 'C'}","[(0, 1, 1)]","[2, 3]",True,False,STOP
300,sampled,2141,"[2, 4, 0]","[2, 4, 0]",C2H4,"{0: 'C', 1: 'C'}","[(0, 1, 2)]","[2, 2]",True,True,STOP
300,sampled,2142,"[2, 4, 0]","[2, 5, 0]",C2H5,"{0: 'C', 1: 'C'}","[(0, 1, 1)]","[3, 2]",True,False,STOP
300,sampled,2143,"[2, 4, 0]","[2, 4, 0]",C2H4,"{0: 'C', 1: 'C'}","[(0, 1, 2)]","[2, 2]",True,True,STOP
300,sampled,2144,"[2, 4, 0]","[2, 5, 0]",C2H5,"{0: 'C', 1: 'C'}","[(0, 1, 1)]","[3, 2]",True,False,STOP
300,sampled,2145,"[2, 4, 0]","[2, 5, 0]",C2H5,"{0: 'C', 1: 'C'}","[(0, 1, 1)]","[3, 2]",True,False,STOP
300,sampled,2146,"[2, 4, 0]","[2, 5, 0]",C2H5,"{0: 'C', 1: 'C'}","[(0, 1, 1)]","[3, 2]",True,False,STOP
300,sampled,2147,"[2, 4, 0]","[2, 4, 0]",C2H4,"{0: 'C', 1: 'C'}","[(0, 1, 2)]","[2, 2]",True,True,STOP
300,sampled,2148,"[2, 4, 0]","[2, 4, 0]",C2H4,"{0: 'C', 1: 'C'}","[(0, 1, 2)]","[2, 2]",True,True,STOP
300,sampled,2149,"[2, 4, 0]","[2, 5, 0]",C2H5,"{0: 'C', 1: 'C'}","[(0, 1, 1)]","[2, 3]",True,False,STOP
300,sampled,2150,"[2, 4, 0]","[2, 5, 0]",C2H5,"{0: 'C', 1: 'C'}","[(0, 1, 1)]","[2, 3]",True,False,STOP
300,sampled,2151,"[2, 4, 0]","[2, 5, 0]",C2H5,"{0: 'C', 1: 'C'}","[(0, 1, 1)]","[3, 2]",True,False,STOP
300,sampled,2152,"[2, 4, 0]","[2, 4, 0]",C2H4,"{0: 'C', 1: 'C'}","[(0, 1, 2)]","[2, 2]",True,True,STOP
300,sampled,2153,"[2, 4, 0]","[2, 4, 0]",C2H4,"{0: 'C', 1: 'C'}","[(0, 1, 2)]","[2, 2]",True,True,STOP
300,sampled,2154,"[2, 4, 0]","[2, 5, 0]",C2H5,"{0: 'C', 1: 'C'}","[(0, 1, 1)]","[3, 2]",True,False,STOP
300,sampled,2155,"[2, 4, 0]","[1, 3, 1]",CH2OH,"{0: 'C', 1: 'O'}","[(0, 1, 1)]","[2, 1]",True,False,STOP
300,sampled,2156,"[2, 4, 0]","[2, 5, 0]",C2H5,"{0: 'C', 1: 'C'}","[(0, 1, 1)]","[3, 2]",True,False,STOP
300,sampled,2157,"[2, 4, 0]","[2, 5, 0]",C2H5,"{0: 'C', 1: 'C'}","[(0, 1, 1)]","[2, 3]",True,False,STOP
300,sampled,2158,"[2, 4, 0]","[2, 4, 1]",CH3CHO,"{0: 'C', 1: 'C', 2: 'O'}","[(0, 1, 1), (0, 2, 2)]","[1, 3, 0]",True,False,STOP
300,sampled,2159,"[2, 4, 0]","[2, 5, 0]",C2H5,"{0: 'C', 1: 'C'}","[(0, 1, 1)]","[2, 3]",True,False,STOP
300,sampled,2160,"[2, 4, 0]","[2, 4, 0]",C2H4,"{0: 'C', 1: 'C'}","[(0, 1, 2)]","[2, 2]",True,True,STOP
300,sampled,2161,"[2, 4, 0]","[2, 4, 0]",C2H4,"{0: 'C', 1: 'C'}","[(0, 1, 2)]","[2, 2]",True,True,STOP
300,sampled,2162,"[2, 4, 0]","[2, 5, 0]",C2H5,"{0: 'C', 1: 'C'}","[(0, 1, 1)]","[3, 2]",True,False,STOP
300,sampled,2163,"[2, 4, 0]","[2, 5, 0]",C2H5,"{0: 'C', 1: 'C'}","[(0, 1, 1)]","[3, 2]",True,False,STOP
300,sampled,2164,"[2, 4, 0]","[2, 4, 0]",C2H4,"{0: 'C', 1: 'C'}","[(0, 1, 2)]","[2, 2]",True,True,STOP
300,sampled,2165,"[2, 4, 0]","[2, 4, 0]",C2H4,"{0: 'C', 1: 'C'}","[(0, 1, 2)]","[2, 2]",True,True,STOP
300,sampled,2166,"[2, 4, 0]","[2, 5, 0]",C2H5,"{0: 'C', 1: 'C'}","[(0, 1, 1)]","[3, 2]",True,False,STOP
300,sampled,2167,"[2, 4, 0]","[2, 5, 0]",C2H5,"{0: 'C', 1: 'C'}","[(0, 1, 1)]","[2, 3]",True,False,STOP
300,sampled,2168,"[2, 4, 0]","[2, 5, 0]",C2H5,"{0: 'C', 1: 'C'}","[(0, 1, 1)]","[3, 2]",True,False,STOP
300,sampled,2169,"[2, 4, 0]","[2, 5, 0]",C2H5,"{0: 'C', 1: 'C'}","[(0, 1, 1)]","[2, 3]",True,False,STOP
300,sampled,2170,"[2, 4, 0]","[2, 5, 0]",C2H5,"{0: 'C', 1: 'C'}","[(0, 1, 1)]","[3, 2]",True,False,STOP
300,sampled,2171,"[2, 4, 0]","[2, 5, 0]",C2H5,"{0: 'C', 1: 'C'}","[(0, 1, 1)]","[3, 2]",True,False,STOP
300,sampled,2172,"[2, 4, 0]","[2, 5, 0]",C2H5,"{0: 'C', 1: 'C'}","[(0, 1, 1)]","[3, 2]",True,False,STOP
300,sampled,2173,"[2, 4, 0]","[2, 5, 0]",C2H5,"{0: 'C', 1: 'C'}","[(0, 1, 1)]","[2, 3]",True,False,STOP
300,sampled,2174,"[2, 4, 0]","[2, 5, 0]",C2H5,"{0: 'C', 1: 'C'}","[(0, 1, 1)]","[2, 3]",True,False,STOP
300,sampled,2175,"[2, 4, 0]","[2, 5, 0]",C2H5,"{0: 'C', 1: 'C'}","[(0, 1, 1)]","[3, 2]",True,False,STOP
300,sampled,2176,"[2, 4, 0]","[2, 4, 0]",C2H4,"{0: 'C', 1: 'C'}","[(0, 1, 2)]","[2, 2]",True,True,STOP
300,sampled,2177,"[2, 4, 0]","[2, 4, 0]",C2H4,"{0: 'C', 1: 'C'}","[(0, 1, 2)]","[2, 2]",True,True,STOP
300,sampled,2178,"[2, 4, 0]","[2, 5, 0]",C2H5,"{0: 'C', 1: 'C'}","[(0, 1, 1)]","[2, 3]",True,False,STOP
300,sampled,2179,"[2, 4, 0]","[2, 4, 0]",C2H4,"{0: 'C', 1: 'C'}","[(0, 1, 2)]","[2, 2]",True,True,STOP
300,sampled,2180,"[2, 4, 0]","[2, 5, 0]",C2H5,"{0: 'C', 1: 'C'}","[(0, 1, 1)]","[3, 2]",True,False,STOP
300,sampled,2181,"[2, 4, 0]","[2, 5, 0]",C2H5,"{0: 'C', 1: 'C'}","[(0, 1, 1)]","[2, 3]",True,False,STOP
300,sampled,2182,"[2, 4, 0]","[2, 5, 0]",C2H5,"{0: 'C', 1: 'C'}","[(0, 1, 1)]","[3, 2]",True,False,STOP
300,sampled,2183,"[2, 4, 0]","[1, 4, 1]",CH3OH,"{0: 'C', 1: 'O'}","[(0, 1, 1)]","[3, 1]",True,False,STOP
300,sampled,2184,"[2, 4, 0]","[2, 5, 0]",C2H5,"{0: 'C', 1: 'C'}","[(0, 1, 1)]","[2, 3]",True,False,STOP
300,sampled,2185,"[2, 4, 0]","[2, 4, 0]",Unknown,"{0: 'C', 1: 'C'}","[(0, 1, 1)]","[1, 3]",False,False,STOP
300,sampled,2186,"[2, 4, 0]","[2, 4, 0]",C2H4,"{0: 'C', 1: 'C'}","[(0, 1, 2)]","[2, 2]",True,True,STOP
300,sampled,2187,"[2, 4, 0]","[2, 5, 0]",C2H5,"{0: 'C', 1: 'C'}","[(0, 1, 1)]","[2, 3]",True,False,STOP
300,sampled,2188,"[2, 4, 0]","[2, 4, 0]",Unknown,"{0: 'C', 1: 'C'}","[(0, 1, 1)]","[3, 1]",False,False,STOP
300,sampled,2189,"[2, 4, 0]","[2, 5, 0]",C2H5,"{0: 'C', 1: 'C'}","[(0, 1, 1)]","[3, 2]",True,False,STOP
300,sampled,2190,"[2, 4, 0]","[2, 5, 0]",C2H5,"{0: 'C', 1: 'C'}","[(0, 1, 1)]","[3, 2]",True,False,STOP
300,sampled,2191,"[2, 4, 0]","[2, 5, 0]",C2H5,"{0: 'C', 1: 'C'}","[(0, 1, 1)]","[3, 2]",True,False,STOP
300,sampled,2192,"[2, 4, 0]","[2, 5, 0]",C2H5,"{0: 'C', 1: 'C'}","[(0, 1, 1)]","[3, 2]",True,False,STOP
300,sampled,2193,"[2, 4, 0]","[2, 4, 0]",C2H4,"{0: 'C', 1: 'C'}","[(0, 1, 2)]","[2, 2]",True,True,STOP
300,sampled,2194,"[2, 4, 0]","[2, 5, 0]",C2H5,"{0: 'C', 1: 'C'}","[(0, 1, 1)]","[3, 2]",True,False,STOP
300,sampled,2195,"[2, 4, 0]","[2, 5, 0]",C2H5,"{0: 'C', 1: 'C'}","[(0, 1, 1)]","[2, 3]",True,False,STOP
300,sampled,2196,"[2, 4, 0]","[2, 4, 0]",Unknown,"{0: 'C', 1: 'C'}","[(0, 1, 1)]","[2, 2]",False,False,STOP
300,sampled,2197,"[2, 4, 0]","[2, 5, 0]",C2H5,"{0: 'C', 1: 'C'}","[(0, 1, 1)]","[3, 2]",True,False,STOP
300,sampled,2198,"[2, 4, 0]","[2, 3, 0]",C2H3,"{0: 'C', 1: 'C'}","[(0, 1, 2)]","[2, 1]",True,False,STOP
300,sampled,2199,"[2, 4, 0]","[2, 5, 0]",C2H5,"{0: 'C', 1: 'C'}","[(0, 1, 1)]","[3, 2]",True,False,STOP
300,sampled,2200,"[2, 4, 0]","[2, 5, 0]",C2H5,"{0: 'C', 1: 'C'}","[(0, 1, 1)]","[3, 2]",True,False,STOP
300,sampled,2201,"[2, 3, 0]","[2, 4, 0]",C2H4,"{0: 'C', 1: 'C'}","[(0, 1, 2)]","[2, 2]",True,False,STOP
300,sampled,2202,"[2, 3, 0]","[2, 5, 0]",C2H5,"{0: 'C', 1: 'C'}","[(0, 1, 1)]","[2, 3]",True,False,STOP
300,sampled,2203,"[2, 3, 0]","[2, 4, 1]",CH3CHO,"{0: 'C', 1: 'C', 2: 'O'}","[(0, 1, 1), (1, 2, 2)]","[3, 1, 0]",True,False,STOP
300,sampled,2204,"[2, 3, 0]","[2, 3, 0]",C2H3,"{0: 'C', 1: 'C'}","[(0, 1, 2)]","[2, 1]",True,True,STOP
300,sampled,2205,"[2, 3, 0]","[2, 2, 1]",CH2CO,"{0: 'C', 1: 'C', 2: 'O'}","[(0, 1, 2), (1, 2, 2)]","[2, 0, 0]",True,False,STOP
300,sampled,2206,"[2, 3, 0]","[2, 3, 0]",C2H3,"{0: 'C', 1: 'C'}","[(0, 1, 2)]","[2, 1]",True,True,STOP
300,sampled,2207,"[2, 3, 0]","[2, 5, 0]",C2H5,"{0: 'C', 1: 'C'}","[(0, 1, 1)]","[2, 3]",True,False,STOP
300,sampled,2208,"[2, 3, 0]","[2, 3, 0]",C2H3,"{0: 'C', 1: 'C'}","[(0, 1, 2)]","[2, 1]",True,True,STOP
300,sampled,2209,"[2, 3, 0]","[2, 4, 0]",Unknown,"{0: 'C', 1: 'C'}","[(0, 1, 1)]","[1, 3]",False,False,STOP
300,sampled,2210,"[2, 3, 0]","[2, 3, 0]",C2H3,"{0: 'C', 1: 'C'}","[(0, 1, 2)]","[1, 2]",True,True,STOP
300,sampled,2211,"[2, 3, 0]","[2, 2, 0]",C2H2,"{0: 'C', 1: 'C'}","[(0, 1, 3)]","[1, 1]",True,False,STOP
300,sampled,2212,"[2, 3, 0]","[2, 2, 0]",C2H2,"{0: 'C', 1: 'C'}","[(0, 1, 3)]","[1, 1]",True,False,STOP
300,sampled,2213,"[2, 3, 0]","[2, 3, 0]",C2H3,"{0: 'C', 1: 'C'}","[(0, 1, 2)]","[2, 1]",True,True,STOP
300,sampled,2214,"[2, 3, 0]","[2, 2, 0]",C2H2,"{0: 'C', 1: 'C'}","[(0, 1, 3)]","[1, 1]",True,False,STOP
300,sampled,2215,"[2, 3, 0]","[2, 3, 0]",C2H3,"{0: 'C', 1: 'C'}","[(0, 1, 2)]","[1, 2]",True,True,STOP
300,sampled,2216,"[2, 3, 0]","[2, 4, 0]",C2H4,"{0: 'C', 1: 'C'}","[(0, 1, 2)]","[2, 2]",True,False,STOP
300,sampled,2217,"[2, 3, 0]","[2, 3, 0]",C2H3,"{0: 'C', 1: 'C'}","[(0, 1, 2)]","[2, 1]",True,True,STOP
300,sampled,2218,"[2, 3, 0]","[2, 4, 1]",CH3CHO,"{0: 'C', 1: 'C', 2: 'O'}","[(0, 1, 1), (1, 2, 2)]","[3, 1, 0]",True,False,STOP
300,sampled,2219,"[2, 3, 0]","[2, 4, 0]",Unknown,"{0: 'C', 1: 'C'}","[(0, 1, 1)]","[3, 1]",False,False,STOP
300,sampled,2220,"[2, 3, 0]","[2, 4, 1]",CH3CHO,"{0: 'C', 1: 'C', 2: 'O'}","[(0, 1, 1), (1, 2, 2)]","[3, 1, 0]",True,False,STOP
300,sampled,2221,"[2, 3, 0]","[2, 2, 0]",C2H2,"{0: 'C', 1: 'C'}","[(0, 1, 3)]","[1, 1]",True,False,STOP
300,sampled,2222,"[2, 3, 0]","[2, 3, 0]",C2H3,"{0: 'C', 1: 'C'}","[(0, 1, 2)]","[1, 2]",True,True,STOP
300,sampled,2223,"[2, 3, 0]","[2, 3, 0]",C2H3,"{0: 'C', 1: 'C'}","[(0, 1, 2)]","[1, 2]",True,True,STOP
300,sampled,2224,"[2, 3, 0]","[2, 3, 0]",C2H3,"{0: 'C', 1: 'C'}","[(0, 1, 2)]","[1, 2]",True,True,STOP
300,sampled,2225,"[2, 3, 0]","[2, 3, 0]",C2H3,"{0: 'C', 1: 'C'}","[(0, 1, 2)]","[1, 2]",True,True,STOP
300,sampled,2226,"[2, 3, 0]","[2, 3, 0]",C2H3,"{0: 'C', 1: 'C'}","[(0, 1, 2)]","[1, 2]",True,True,STOP
300,sampled,2227,"[2, 3, 0]","[2, 4, 0]",Unknown,"{0: 'C', 1: 'C'}","[(0, 1, 1)]","[2, 2]",False,False,STOP
300,sampled,2228,"[2, 3, 0]","[2, 2, 0]",C2H2,"{0: 'C', 1: 'C'}","[(0, 1, 3)]","[1, 1]",True,False,STOP
300,sampled,2229,"[2, 3, 0]","[2, 4, 0]",Unknown,"{0: 'C', 1: 'C'}","[(0, 1, 1)]","[3, 1]",False,False,STOP
300,sampled,2230,"[2, 3, 0]","[2, 3, 0]",C2H3,"{0: 'C', 1: 'C'}","[(0, 1, 2)]","[2, 1]",True,True,STOP
300,sampled,2231,"[2, 3, 0]","[2, 3, 0]",C2H3,"{0: 'C', 1: 'C'}","[(0, 1, 2)]","[1, 2]",True,True,STOP
300,sampled,2232,"[2, 3, 0]","[2, 2, 0]",C2H2,"{0: 'C', 1: 'C'}","[(0, 1, 3)]","[1, 1]",True,False,STOP
300,sampled,2233,"[2, 3, 0]","[1, 4, 0]",CH4,{0: 'C'},[],[4],True,False,STOP
300,sampled,2234,"[2, 3, 0]","[2, 3, 0]",C2H3,"{0: 'C', 1: 'C'}","[(0, 1, 2)]","[1, 2]",True,True,STOP
300,sampled,2235,"[2, 3, 0]","[2, 2, 0]",C2H2,"{0: 'C', 1: 'C'}","[(0, 1, 3)]","[1, 1]",True,False,STOP
300,sampled,2236,"[2, 3, 0]","[2, 4, 1]",CH3CHO,"{0: 'C', 1: 'C', 2: 'O'}","[(0, 1, 1), (1, 2, 2)]","[3, 1, 0]",True,False,STOP
300,sampled,2237,"[2, 3, 0]","[2, 3, 0]",C2H3,"{0: 'C', 1: 'C'}","[(0, 1, 2)]","[1, 2]",True,True,STOP
300,sampled,2238,"[2, 3, 0]","[2, 4, 0]",C2H4,"{0: 'C', 1: 'C'}","[(0, 1, 2)]","[2, 2]",True,False,STOP
300,sampled,2239,"[2, 3, 0]","[2, 4, 0]",Unknown,"{0: 'C', 1: 'C'}","[(0, 1, 1)]","[2, 2]",False,False,STOP
300,sampled,2240,"[2, 3, 0]","[2, 4, 1]",CH3CHO,"{0: 'C', 1: 'C', 2: 'O'}","[(0, 1, 1), (1, 2, 2)]","[3, 1, 0]",True,False,STOP
300,sampled,2241,"[2, 3, 0]","[2, 3, 0]",C2H3,"{0: 'C', 1: 'C'}","[(0, 1, 2)]","[2, 1]",True,True,STOP
300,sampled,2242,"[2, 3, 0]","[2, 4, 0]",C2H4,"{0: 'C', 1: 'C'}","[(0, 1, 2)]","[2, 2]",True,False,STOP
300,sampled,2243,"[2, 3, 0]","[2, 2, 0]",C2H2,"{0: 'C', 1: 'C'}","[(0, 1, 3)]","[1, 1]",True,False,STOP
300,sampled,2244,"[2, 3, 0]","[2, 4, 0]",C2H4,"{0: 'C', 1: 'C'}","[(0, 1, 2)]","[2, 2]",True,False,STOP
300,sampled,2245,"[2, 3, 0]","[2, 4, 1]",CH3CHO,"{0: 'C', 1: 'C', 2: 'O'}","[(0, 1, 1), (1, 2, 2)]","[3, 1, 0]",True,False,STOP
300,sampled,2246,"[2, 3, 0]","[2, 2, 0]",C2H2,"{0: 'C', 1: 'C'}","[(0, 1, 3)]","[1, 1]",True,False,STOP
300,sampled,2247,"[2, 3, 0]","[2, 4, 0]",Unknown,"{0: 'C', 1: 'C'}","[(0, 1, 1)]","[1, 3]",False,False,STOP
300,sampled,2248,"[2, 3, 0]","[2, 3, 0]",C2H3,"{0: 'C', 1: 'C'}","[(0, 1, 2)]","[2, 1]",True,True,STOP
300,sampled,2249,"[2, 3, 0]","[2, 2, 0]",C2H2,"{0: 'C', 1: 'C'}","[(0, 1, 3)]","[1, 1]",True,False,STOP
300,sampled,2250,"[2, 3, 0]","[2, 3, 1]",CH2CHO,"{0: 'C', 1: 'C', 2: 'O'}","[(0, 1, 1), (1, 2, 2)]","[2, 1, 0]",True,False,STOP
300,sampled,2251,"[2, 3, 0]","[2, 5, 0]",C2H5,"{0: 'C', 1: 'C'}","[(0, 1, 1)]","[2, 3]",True,False,STOP
300,sampled,2252,"[2, 3, 0]","[2, 3, 0]",C2H3,"{0: 'C', 1: 'C'}","[(0, 1, 2)]","[1, 2]",True,True,STOP
300,sampled,2253,"[2, 3, 0]","[2, 5, 0]",C2H5,"{0: 'C', 1: 'C'}","[(0, 1, 1)]","[3, 2]",True,False,STOP
300,sampled,2254,"[2, 3, 0]","[2, 4, 0]",Unknown,"{0: 'C', 1: 'C'}","[(0, 1, 1)]","[2, 2]",False,False,STOP
300,sampled,2255,"[2, 3, 0]","[2, 3, 0]",C2H3,"{0: 'C', 1: 'C'}","[(0, 1, 2)]","[1, 2]",True,True,STOP
300,sampled,2256,"[2, 3, 0]","[2, 4, 1]",CH3CHO,"{0: 'C', 1: 'C', 2: 'O'}","[(0, 1, 1), (1, 2, 2)]","[3, 1, 0]",True,False,STOP
300,sampled,2257,"[2, 3, 0]","[2, 4, 0]",Unknown,"{0: 'C', 1: 'C'}","[(0, 1, 1)]","[2, 2]",False,False,STOP
300,sampled,2258,"[2, 3, 0]","[2, 4, 0]",C2H4,"{0: 'C', 1: 'C'}","[(0, 1, 2)]","[2, 2]",True,False,STOP
300,sampled,2259,"[2, 3, 0]","[2, 2, 0]",C2H2,"{0: 'C', 1: 'C'}","[(0, 1, 3)]","[1, 1]",True,False,STOP
300,sampled,2260,"[2, 3, 0]","[2, 3, 0]",C2H3,"{0: 'C', 1: 'C'}","[(0, 1, 2)]","[2, 1]",True,True,STOP
300,sampled,2261,"[2, 3, 0]","[2, 3, 0]",C2H3,"{0: 'C', 1: 'C'}","[(0, 1, 2)]","[2, 1]",True,True,STOP
300,sampled,2262,"[2, 3, 0]","[2, 3, 1]",CH2CHO,"{0: 'C', 1: 'C', 2: 'O'}","[(0, 1, 1), (0, 2, 2)]","[1, 2, 0]",True,False,STOP
300,sampled,2263,"[2, 3, 0]","[2, 4, 0]",Unknown,"{0: 'C', 1: 'C'}","[(0, 1, 1)]","[1, 3]",False,False,STOP
300,sampled,2264,"[2, 3, 0]","[2, 5, 0]",C2H5,"{0: 'C', 1: 'C'}","[(0, 1, 1)]","[3, 2]",True,False,STOP
300,sampled,2265,"[2, 3, 0]","[2, 5, 0]",C2H5,"{0: 'C', 1: 'C'}","[(0, 1, 1)]","[2, 3]",True,False,STOP
300,sampled,2266,"[2, 3, 0]","[2, 3, 0]",C2H3,"{0: 'C', 1: 'C'}","[(0, 1, 2)]","[1, 2]",True,True,STOP
300,sampled,2267,"[2, 3, 0]","[2, 4, 0]",C2H4,"{0: 'C', 1: 'C'}","[(0, 1, 2)]","[2, 2]",True,False,STOP
300,sampled,2268,"[2, 3, 0]","[2, 3, 0]",C2H3,"{0: 'C', 1: 'C'}","[(0, 1, 2)]","[2, 1]",True,True,STOP
300,sampled,2269,"[2, 3, 0]","[2, 3, 0]",C2H3,"{0: 'C', 1: 'C'}","[(0, 1, 2)]","[1, 2]",True,True,STOP
300,sampled,2270,"[2, 3, 0]","[2, 3, 1]",CH2CHO,"{0: 'C', 1: 'C', 2: 'O'}","[(0, 1, 1), (1, 2, 2)]","[2, 1, 0]",True,False,STOP
300,sampled,2271,"[2, 3, 0]","[2, 3, 1]",CH2CHO,"{0: 'C', 1: 'C', 2: 'O'}","[(0, 1, 1), (0, 2, 2)]","[1, 2, 0]",True,False,STOP
300,sampled,2272,"[2, 3, 0]","[2, 2, 0]",C2H2,"{0: 'C', 1: 'C'}","[(0, 1, 3)]","[1, 1]",True,False,STOP
300,sampled,2273,"[2, 3, 0]","[2, 3, 0]",C2H3,"{0: 'C', 1: 'C'}","[(0, 1, 2)]","[1, 2]",True,True,STOP
300,sampled,2274,"[2, 3, 0]","[2, 3, 0]",C2H3,"{0: 'C', 1: 'C'}","[(0, 1, 2)]","[2, 1]",True,True,STOP
300,sampled,2275,"[2, 3, 0]","[2, 3, 0]",C2H3,"{0: 'C', 1: 'C'}","[(0, 1, 2)]","[2, 1]",True,True,STOP
300,sampled,2276,"[2, 3, 0]","[2, 3, 0]",C2H3,"{0: 'C', 1: 'C'}","[(0, 1, 2)]","[2, 1]",True,True,STOP
300,sampled,2277,"[2, 3, 0]","[2, 3, 0]",C2H3,"{0: 'C', 1: 'C'}","[(0, 1, 2)]","[2, 1]",True,True,STOP
300,sampled,2278,"[2, 3, 0]","[2, 2, 0]",C2H2,"{0: 'C', 1: 'C'}","[(0, 1, 3)]","[1, 1]",True,False,STOP
300,sampled,2279,"[2, 3, 0]","[1, 3, 0]",CH3,{0: 'C'},[],[3],True,False,STOP
300,sampled,2280,"[2, 3, 0]","[2, 3, 0]",C2H3,"{0: 'C', 1: 'C'}","[(0, 1, 2)]","[1, 2]",True,True,STOP
300,sampled,2281,"[2, 3, 0]","[2, 5, 0]",C2H5,"{0: 'C', 1: 'C'}","[(0, 1, 1)]","[3, 2]",True,False,STOP
300,sampled,2282,"[2, 3, 0]","[2, 3, 0]",C2H3,"{0: 'C', 1: 'C'}","[(0, 1, 2)]","[1, 2]",True,True,STOP
300,sampled,2283,"[2, 3, 0]","[2, 2, 0]",C2H2,"{0: 'C', 1: 'C'}","[(0, 1, 3)]","[1, 1]",True,False,STOP
300,sampled,2284,"[2, 3, 0]","[2, 3, 0]",C2H3,"{0: 'C', 1: 'C'}","[(0, 1, 2)]","[2, 1]",True,True,STOP
300,sampled,2285,"[2, 3, 0]","[2, 3, 0]",C2H3,"{0: 'C', 1: 'C'}","[(0, 1, 2)]","[1, 2]",True,True,STOP
300,sampled,2286,"[2, 3, 0]","[2, 3, 0]",C2H3,"{0: 'C', 1: 'C'}","[(0, 1, 2)]","[2, 1]",True,True,STOP
300,sampled,2287,"[2, 3, 0]","[2, 2, 0]",C2H2,"{0: 'C', 1: 'C'}","[(0, 1, 3)]","[1, 1]",True,False,STOP
300,sampled,2288,"[2, 3, 0]","[2, 3, 0]",C2H3,"{0: 'C', 1: 'C'}","[(0, 1, 2)]","[2, 1]",True,True,STOP
300,sampled,2289,"[2, 3, 0]","[2, 3, 0]",C2H3,"{0: 'C', 1: 'C'}","[(0, 1, 2)]","[2, 1]",True,True,STOP
300,sampled,2290,"[2, 3, 0]","[2, 3, 0]",C2H3,"{0: 'C', 1: 'C'}","[(0, 1, 2)]","[1, 2]",True,True,STOP
300,sampled,2291,"[2, 3, 0]","[2, 3, 0]",C2H3,"{0: 'C', 1: 'C'}","[(0, 1, 2)]","[2, 1]",True,True,STOP
300,sampled,2292,"[2, 3, 0]","[2, 3, 0]",C2H3,"{0: 'C', 1: 'C'}","[(0, 1, 2)]","[2, 1]",True,True,STOP
300,sampled,2293,"[2, 3, 0]","[2, 2, 0]",C2H2,"{0: 'C', 1: 'C'}","[(0, 1, 3)]","[1, 1]",True,False,STOP
300,sampled,2294,"[2, 3, 0]","[2, 3, 0]",C2H3,"{0: 'C', 1: 'C'}","[(0, 1, 2)]","[2, 1]",True,True,STOP
300,sampled,2295,"[2, 3, 0]","[2, 4, 0]",C2H4,"{0: 'C', 1: 'C'}","[(0, 1, 2)]","[2, 2]",True,False,STOP
300,sampled,2296,"[2, 3, 0]","[2, 3, 0]",C2H3,"{0: 'C', 1: 'C'}","[(0, 1, 2)]","[2, 1]",True,True,STOP
300,sampled,2297,"[2, 3, 0]","[2, 3, 0]",C2H3,"{0: 'C', 1: 'C'}","[(0, 1, 2)]","[2, 1]",True,True,STOP
300,sampled,2298,"[2, 3, 0]","[2, 2, 0]",C2H2,"{0: 'C', 1: 'C'}","[(0, 1, 3)]","[1, 1]",True,False,STOP
300,sampled,2299,"[2, 3, 0]","[2, 5, 0]",C2H5,"{0: 'C', 1: 'C'}","[(0, 1, 1)]","[2, 3]",True,False,STOP
300,sampled,2300,"[2, 3, 0]","[2, 5, 0]",C2H5,"{0: 'C', 1: 'C'}","[(0, 1, 1)]","[2, 3]",True,False,STOP
300,sampled,2301,"[2, 2, 0]","[2, 2, 0]",C2H2,"{0: 'C', 1: 'C'}","[(0, 1, 3)]","[1, 1]",True,True,STOP
300,sampled,2302,"[2, 2, 0]","[1, 0, 0]",C,{0: 'C'},[],[0],True,False,STOP
300,sampled,2303,"[2, 2, 0]","[2, 2, 0]",Unknown,"{0: 'C', 1: 'C'}","[(0, 1, 2)]","[2, 0]",False,False,STOP
300,sampled,2304,"[2, 2, 0]","[2, 3, 0]",C2H3,"{0: 'C', 1: 'C'}","[(0, 1, 2)]","[2, 1]",True,False,STOP
300,sampled,2305,"[2, 2, 0]","[2, 2, 0]",C2H2,"{0: 'C', 1: 'C'}","[(0, 1, 3)]","[1, 1]",True,True,STOP
300,sampled,2306,"[2, 2, 0]","[2, 2, 0]",C2H2,"{0: 'C', 1: 'C'}","[(0, 1, 3)]","[1, 1]",True,True,STOP
300,sampled,2307,"[2, 2, 0]","[2, 2, 0]",C2H2,"{0: 'C', 1: 'C'}","[(0, 1, 3)]","[1, 1]",True,True,STOP
300,sampled,2308,"[2, 2, 0]","[2, 2, 0]",C2H2,"{0: 'C', 1: 'C'}","[(0, 1, 3)]","[1, 1]",True,True,STOP
300,sampled,2309,"[2, 2, 0]","[2, 2, 0]",C2H2,"{0: 'C', 1: 'C'}","[(0, 1, 3)]","[1, 1]",True,True,STOP
300,sampled,2310,"[2, 2, 0]","[2, 3, 1]",CH3CO,"{0: 'C', 1: 'C', 2: 'O'}","[(0, 1, 1), (1, 2, 2)]","[3, 0, 0]",True,False,STOP
300,sampled,2311,"[2, 2, 0]","[2, 3, 0]",C2H3,"{0: 'C', 1: 'C'}","[(0, 1, 2)]","[2, 1]",True,False,STOP
300,sampled,2312,"[2, 2, 0]","[2, 1, 0]",C2H,"{0: 'C', 1: 'C'}","[(0, 1, 3)]","[1, 0]",True,False,STOP
300,sampled,2313,"[2, 2, 0]","[2, 3, 0]",C2H3,"{0: 'C', 1: 'C'}","[(0, 1, 2)]","[1, 2]",True,False,STOP
300,sampled,2314,"[2, 2, 0]","[2, 2, 0]",Unknown,"{0: 'C', 1: 'C'}","[(0, 1, 2)]","[2, 0]",False,False,STOP
300,sampled,2315,"[2, 2, 0]","[2, 2, 1]",CH2CO,"{0: 'C', 1: 'C', 2: 'O'}","[(0, 1, 2), (1, 2, 2)]","[2, 0, 0]",True,False,STOP
300,sampled,2316,"[2, 2, 0]","[2, 2, 0]",C2H2,"{0: 'C', 1: 'C'}","[(0, 1, 3)]","[1, 1]",True,True,STOP
300,sampled,2317,"[2, 2, 0]","[2, 3, 0]",C2H3,"{0: 'C', 1: 'C'}","[(0, 1, 2)]","[2, 1]",True,False,STOP
300,sampled,2318,"[2, 2, 0]","[2, 2, 0]",C2H2,"{0: 'C', 1: 'C'}","[(0, 1, 3)]","[1, 1]",True,True,STOP
300,sampled,2319,"[2, 2, 0]","[2, 3, 1]",CH2CHO,"{0: 'C', 1: 'C', 2: 'O'}","[(0, 1, 1), (0, 2, 2)]","[1, 2, 0]",True,False,STOP
300,sampled,2320,"[2, 2, 0]","[2, 3, 0]",C2H3,"{0: 'C', 1: 'C'}","[(0, 1, 2)]","[2, 1]",True,False,STOP
300,sampled,2321,"[2, 2, 0]","[2, 2, 0]",C2H2,"{0: 'C', 1: 'C'}","[(0, 1, 3)]","[1, 1]",True,True,STOP
300,sampled,2322,"[2, 2, 0]","[2, 2, 0]",C2H2,"{0: 'C', 1: 'C'}","[(0, 1, 3)]","[1, 1]",True,True,STOP
300,sampled,2323,"[2, 2, 0]","[2, 3, 1]",CH3CO,"{0: 'C', 1: 'C', 2: 'O'}","[(0, 1, 1), (1, 2, 2)]","[3, 0, 0]",True,False,STOP
300,sampled,2324,"[2, 2, 0]","[2, 2, 0]",Unknown,"{0: 'C', 1: 'C'}","[(0, 1, 2)]","[1, 1]",False,False,STOP
300,sampled,2325,"[2, 2, 0]","[2, 2, 1]",CH2CO,"{0: 'C', 1: 'C', 2: 'O'}","[(0, 1, 2), (0, 2, 2)]","[0, 2, 0]",True,False,STOP
300,sampled,2326,"[2, 2, 0]","[2, 2, 0]",C2H2,"{0: 'C', 1: 'C'}","[(0, 1, 3)]","[1, 1]",True,True,STOP
300,sampled,2327,"[2, 2, 0]","[2, 2, 0]",C2H2,"{0: 'C', 1: 'C'}","[(0, 1, 3)]","[1, 1]",True,True,STOP
300,sampled,2328,"[2, 2, 0]","[2, 3, 0]",C2H3,"{0: 'C', 1: 'C'}","[(0, 1, 2)]","[1, 2]",True,False,STOP
300,sampled,2329,"[2, 2, 0]","[2, 3, 1]",CH2CHO,"{0: 'C', 1: 'C', 2: 'O'}","[(0, 1, 1), (0, 2, 2)]","[1, 2, 0]",True,False,STOP
300,sampled,2330,"[2, 2, 0]","[2, 2, 0]",C2H2,"{0: 'C', 1: 'C'}","[(0, 1, 3)]","[1, 1]",True,True,STOP
300,sampled,2331,"[2, 2, 0]","[2, 2, 0]",C2H2,"{0: 'C', 1: 'C'}","[(0, 1, 3)]","[1, 1]",True,True,STOP
300,sampled,2332,"[2, 2, 0]","[2, 3, 0]",C2H3,"{0: 'C', 1: 'C'}","[(0, 1, 2)]","[2, 1]",True,False,STOP
300,sampled,2333,"[2, 2, 0]","[2, 3, 0]",C2H3,"{0: 'C', 1: 'C'}","[(0, 1, 2)]","[2, 1]",True,False,STOP
300,sampled,2334,"[2, 2, 0]","[2, 3, 0]",C2H3,"{0: 'C', 1: 'C'}","[(0, 1, 2)]","[2, 1]",True,False,STOP
300,sampled,2335,"[2, 2, 0]","[2, 3, 0]",C2H3,"{0: 'C', 1: 'C'}","[(0, 1, 2)]","[1, 2]",True,False,STOP
300,sampled,2336,"[2, 2, 0]","[2, 2, 0]",C2H2,"{0: 'C', 1: 'C'}","[(0, 1, 3)]","[1, 1]",True,True,STOP
300,sampled,2337,"[2, 2, 0]","[2, 2, 0]",C2H2,"{0: 'C', 1: 'C'}","[(0, 1, 3)]","[1, 1]",True,True,STOP
300,sampled,2338,"[2, 2, 0]","[2, 3, 0]",C2H3,"{0: 'C', 1: 'C'}","[(0, 1, 2)]","[2, 1]",True,False,STOP
300,sampled,2339,"[2, 2, 0]","[2, 3, 0]",C2H3,"{0: 'C', 1: 'C'}","[(0, 1, 2)]","[1, 2]",True,False,STOP
300,sampled,2340,"[2, 2, 0]","[2, 3, 0]",C2H3,"{0: 'C', 1: 'C'}","[(0, 1, 2)]","[2, 1]",True,False,STOP
300,sampled,2341,"[2, 2, 0]","[2, 3, 0]",C2H3,"{0: 'C', 1: 'C'}","[(0, 1, 2)]","[1, 2]",True,False,STOP
300,sampled,2342,"[2, 2, 0]","[2, 3, 0]",C2H3,"{0: 'C', 1: 'C'}","[(0, 1, 2)]","[1, 2]",True,False,STOP
300,sampled,2343,"[2, 2, 0]","[2, 2, 0]",C2H2,"{0: 'C', 1: 'C'}","[(0, 1, 3)]","[1, 1]",True,True,STOP
300,sampled,2344,"[2, 2, 0]","[2, 1, 0]",C2H,"{0: 'C', 1: 'C'}","[(0, 1, 3)]","[1, 0]",True,False,STOP
300,sampled,2345,"[2, 2, 0]","[2, 2, 0]",C2H2,"{0: 'C', 1: 'C'}","[(0, 1, 3)]","[1, 1]",True,True,STOP
300,sampled,2346,"[2, 2, 0]","[2, 2, 0]",C2H2,"{0: 'C', 1: 'C'}","[(0, 1, 3)]","[1, 1]",True,True,STOP
300,sampled,2347,"[2, 2, 0]","[2, 3, 0]",C2H3,"{0: 'C', 1: 'C'}","[(0, 1, 2)]","[1, 2]",True,False,STOP
300,sampled,2348,"[2, 2, 0]","[2, 2, 0]",C2H2,"{0: 'C', 1: 'C'}","[(0, 1, 3)]","[1, 1]",True,True,STOP
300,sampled,2349,"[2, 2, 0]","[2, 3, 0]",C2H3,"{0: 'C', 1: 'C'}","[(0, 1, 2)]","[2, 1]",True,False,STOP
300,sampled,2350,"[2, 2, 0]","[2, 3, 0]",C2H3,"{0: 'C', 1: 'C'}","[(0, 1, 2)]","[1, 2]",True,False,STOP
300,sampled,2351,"[2, 2, 0]","[2, 3, 1]",CH3CO,"{0: 'C', 1: 'C', 2: 'O'}","[(0, 1, 1), (0, 2, 2)]","[0, 3, 0]",True,False,STOP
300,sampled,2352,"[2, 2, 0]","[2, 2, 0]",C2H2,"{0: 'C', 1: 'C'}","[(0, 1, 3)]","[1, 1]",True,True,STOP
300,sampled,2353,"[2, 2, 0]","[2, 3, 1]",CH2CHO,"{0: 'C', 1: 'C', 2: 'O'}","[(0, 1, 1), (1, 2, 2)]","[2, 1, 0]",True,False,STOP
300,sampled,2354,"[2, 2, 0]","[2, 3, 0]",C2H3,"{0: 'C', 1: 'C'}","[(0, 1, 2)]","[2, 1]",True,False,STOP
300,sampled,2355,"[2, 2, 0]","[2, 2, 0]",C2H2,"{0: 'C', 1: 'C'}","[(0, 1, 3)]","[1, 1]",True,True,STOP
300,sampled,2356,"[2, 2, 0]","[2, 3, 0]",C2H3,"{0: 'C', 1: 'C'}","[(0, 1, 2)]","[1, 2]",True,False,STOP
300,sampled,2357,"[2, 2, 0]","[2, 3, 0]",C2H3,"{0: 'C', 1: 'C'}","[(0, 1, 2)]","[2, 1]",True,False,STOP
300,sampled,2358,"[2, 2, 0]","[1, 2, 0]",CH2,{0: 'C'},[],[2],True,False,STOP
300,sampled,2359,"[2, 2, 0]","[2, 3, 1]",CH3CO,"{0: 'C', 1: 'C', 2: 'O'}","[(0, 1, 1), (0, 2, 2)]","[0, 3, 0]",True,False,STOP
300,sampled,2360,"[2, 2, 0]","[2, 3, 0]",C2H3,"{0: 'C', 1: 'C'}","[(0, 1, 2)]","[2, 1]",True,False,STOP
300,sampled,2361,"[2, 2, 0]","[2, 3, 0]",C2H3,"{0: 'C', 1: 'C'}","[(0, 1, 2)]","[1, 2]",True,False,STOP
300,sampled,2362,"[2, 2, 0]","[2, 3, 0]",C2H3,"{0: 'C', 1: 'C'}","[(0, 1, 2)]","[2, 1]",True,False,STOP
300,sampled,2363,"[2, 2, 0]","[2, 2, 0]",C2H2,"{0: 'C', 1: 'C'}","[(0, 1, 3)]","[1, 1]",True,True,STOP
300,sampled,2364,"[2, 2, 0]","[2, 2, 0]",C2H2,"{0: 'C', 1: 'C'}","[(0, 1, 3)]","[1, 1]",True,True,STOP
300,sampled,2365,"[2, 2, 0]","[2, 2, 0]",C2H2,"{0: 'C', 1: 'C'}","[(0, 1, 3)]","[1, 1]",True,True,STOP
300,sampled,2366,"[2, 2, 0]","[2, 2, 1]",CH2CO,"{0: 'C', 1: 'C', 2: 'O'}","[(0, 1, 2), (0, 2, 2)]","[0, 2, 0]",True,False,STOP
300,sampled,2367,"[2, 2, 0]","[2, 3, 0]",C2H3,"{0: 'C', 1: 'C'}","[(0, 1, 2)]","[2, 1]",True,False,STOP
300,sampled,2368,"[2, 2, 0]","[2, 2, 0]",C2H2,"{0: 'C', 1: 'C'}","[(0, 1, 3)]","[1, 1]",True,True,STOP
300,sampled,2369,"[2, 2, 0]","[2, 3, 0]",C2H3,"{0: 'C', 1: 'C'}","[(0, 1, 2)]","[1, 2]",True,False,STOP
300,sampled,2370,"[2, 2, 0]","[2, 2, 0]",Unknown,"{0: 'C', 1: 'C'}","[(0, 1, 2)]","[0, 2]",False,False,STOP
300,sampled,2371,"[2, 2, 0]","[2, 3, 0]",C2H3,"{0: 'C', 1: 'C'}","[(0, 1, 2)]","[2, 1]",True,False,STOP
300,sampled,2372,"[2, 2, 0]","[2, 3, 0]",C2H3,"{0: 'C', 1: 'C'}","[(0, 1, 2)]","[2, 1]",True,False,STOP
300,sampled,2373,"[2, 2, 0]","[2, 2, 0]",C2H2,"{0: 'C', 1: 'C'}","[(0, 1, 3)]","[1, 1]",True,True,STOP
300,sampled,2374,"[2, 2, 0]","[2, 3, 0]",C2H3,"{0: 'C', 1: 'C'}","[(0, 1, 2)]","[2, 1]",True,False,STOP
300,sampled,2375,"[2, 2, 0]","[2, 3, 0]",C2H3,"{0: 'C', 1: 'C'}","[(0, 1, 2)]","[2, 1]",True,False,STOP
300,sampled,2376,"[2, 2, 0]","[2, 3, 0]",C2H3,"{0: 'C', 1: 'C'}","[(0, 1, 2)]","[2, 1]",True,False,STOP
300,sampled,2377,"[2, 2, 0]","[2, 2, 0]",C2H2,"{0: 'C', 1: 'C'}","[(0, 1, 3)]","[1, 1]",True,True,STOP
300,sampled,2378,"[2, 2, 0]","[2, 2, 0]",C2H2,"{0: 'C', 1: 'C'}","[(0, 1, 3)]","[1, 1]",True,True,STOP
300,sampled,2379,"[2, 2, 0]","[2, 3, 1]",CH2CHO,"{0: 'C', 1: 'C', 2: 'O'}","[(0, 1, 1), (1, 2, 2)]","[2, 1, 0]",True,False,STOP
300,sampled,2380,"[2, 2, 0]","[2, 3, 0]",C2H3,"{0: 'C', 1: 'C'}","[(0, 1, 2)]","[2, 1]",True,False,STOP
300,sampled,2381,"[2, 2, 0]","[2, 2, 0]",C2H2,"{0: 'C', 1: 'C'}","[(0, 1, 3)]","[1, 1]",True,True,STOP
300,sampled,2382,"[2, 2, 0]","[2, 2, 0]",C2H2,"{0: 'C', 1: 'C'}","[(0, 1, 3)]","[1, 1]",True,True,STOP
300,sampled,2383,"[2, 2, 0]","[2, 2, 0]",C2H2,"{0: 'C', 1: 'C'}","[(0, 1, 3)]","[1, 1]",True,True,STOP
300,sampled,2384,"[2, 2, 0]","[2, 2, 0]",C2H2,"{0: 'C', 1: 'C'}","[(0, 1, 3)]","[1, 1]",True,True,STOP
300,sampled,2385,"[2, 2, 0]","[2, 3, 1]",CH2CHO,"{0: 'C', 1: 'C', 2: 'O'}","[(0, 1, 1), (1, 2, 2)]","[2, 1, 0]",True,False,STOP
300,sampled,2386,"[2, 2, 0]","[2, 2, 0]",C2H2,"{0: 'C', 1: 'C'}","[(0, 1, 3)]","[1, 1]",True,True,STOP
300,sampled,2387,"[2, 2, 0]","[2, 2, 0]",C2H2,"{0: 'C', 1: 'C'}","[(0, 1, 3)]","[1, 1]",True,True,STOP
300,sampled,2388,"[2, 2, 0]","[2, 2, 1]",CH2CO,"{0: 'C', 1: 'C', 2: 'O'}","[(0, 1, 2), (1, 2, 2)]","[2, 0, 0]",True,False,STOP
300,sampled,2389,"[2, 2, 0]","[2, 3, 0]",C2H3,"{0: 'C', 1: 'C'}","[(0, 1, 2)]","[1, 2]",True,False,STOP
300,sampled,2390,"[2, 2, 0]","[2, 3, 0]",C2H3,"{0: 'C', 1: 'C'}","[(0, 1, 2)]","[1, 2]",True,False,STOP
300,sampled,2391,"[2, 2, 0]","[2, 3, 0]",C2H3,"{0: 'C', 1: 'C'}","[(0, 1, 2)]","[1, 2]",True,False,STOP
300,sampled,2392,"[2, 2, 0]","[1, 2, 0]",CH2,{0: 'C'},[],[2],True,False,STOP
300,sampled,2393,"[2, 2, 0]","[2, 2, 0]",C2H2,"{0: 'C', 1: 'C'}","[(0, 1, 3)]","[1, 1]",True,True,STOP
300,sampled,2394,"[2, 2, 0]","[2, 2, 0]",C2H2,"{0: 'C', 1: 'C'}","[(0, 1, 3)]","[1, 1]",True,True,STOP
300,sampled,2395,"[2, 2, 0]","[2, 2, 0]",C2H2,"{0: 'C', 1: 'C'}","[(0, 1, 3)]","[1, 1]",True,True,STOP
300,sampled,2396,"[2, 2, 0]","[2, 2, 0]",C2H2,"{0: 'C', 1: 'C'}","[(0, 1, 3)]","[1, 1]",True,True,STOP
300,sampled,2397,"[2, 2, 0]","[1, 2, 0]",CH2,{0: 'C'},[],[2],True,False,STOP
300,sampled,2398,"[2, 2, 0]","[2, 3, 0]",C2H3,"{0: 'C', 1: 'C'}","[(0, 1, 2)]","[2, 1]",True,False,STOP
300,sampled,2399,"[2, 2, 0]","[2, 2, 0]",C2H2,"{0: 'C', 1: 'C'}","[(0, 1, 3)]","[1, 1]",True,True,STOP
300,sampled,2400,"[2, 2, 0]","[2, 2, 0]",C2H2,"{0: 'C', 1: 'C'}","[(0, 1, 3)]","[1, 1]",True,True,STOP
300,sampled,2401,"[2, 1, 0]","[2, 1, 0]",C2H,"{0: 'C', 1: 'C'}","[(0, 1, 3)]","[1, 0]",True,True,STOP
300,sampled,2402,"[2, 1, 0]","[2, 1, 0]",C2H,"{0: 'C', 1: 'C'}","[(0, 1, 3)]","[0, 1]",True,True,STOP
300,sampled,2403,"[2, 1, 0]","[2, 1, 0]",C2H,"{0: 'C', 1: 'C'}","[(0, 1, 3)]","[0, 1]",True,True,STOP
300,sampled,2404,"[2, 1, 0]","[2, 1, 0]",C2H,"{0: 'C', 1: 'C'}","[(0, 1, 3)]","[0, 1]",True,True,STOP
300,sampled,2405,"[2, 1, 0]","[2, 2, 1]",CH2CO,"{0: 'C', 1: 'C', 2: 'O'}","[(0, 1, 2), (1, 2, 2)]","[2, 0, 0]",True,False,STOP
300,sampled,2406,"[2, 1, 0]","[2, 3, 0]",C2H3,"{0: 'C', 1: 'C'}","[(0, 1, 2)]","[2, 1]",True,False,STOP
300,sampled,2407,"[2, 1, 0]","[2, 3, 0]",C2H3,"{0: 'C', 1: 'C'}","[(0, 1, 2)]","[2, 1]",True,False,STOP
300,sampled,2408,"[2, 1, 0]","[2, 1, 0]",C2H,"{0: 'C', 1: 'C'}","[(0, 1, 3)]","[1, 0]",True,True,STOP
300,sampled,2409,"[2, 1, 0]","[2, 3, 0]",C2H3,"{0: 'C', 1: 'C'}","[(0, 1, 2)]","[2, 1]",True,False,STOP
300,sampled,2410,"[2, 1, 0]","[2, 1, 0]",C2H,"{0: 'C', 1: 'C'}","[(0, 1, 3)]","[1, 0]",True,True,STOP
300,sampled,2411,"[2, 1, 0]","[2, 3, 0]",C2H3,"{0: 'C', 1: 'C'}","[(0, 1, 2)]","[1, 2]",True,False,STOP
300,sampled,2412,"[2, 1, 0]","[2, 1, 0]",C2H,"{0: 'C', 1: 'C'}","[(0, 1, 3)]","[0, 1]",True,True,STOP
300,sampled,2413,"[2, 1, 0]","[2, 2, 1]",CH2CO,"{0: 'C', 1: 'C', 2: 'O'}","[(0, 1, 2), (0, 2, 2)]","[0, 2, 0]",True,False,STOP
300,sampled,2414,"[2, 1, 0]","[2, 1, 0]",C2H,"{0: 'C', 1: 'C'}","[(0, 1, 3)]","[1, 0]",True,True,STOP
300,sampled,2415,"[2, 1, 0]","[2, 1, 0]",C2H,"{0: 'C', 1: 'C'}","[(0, 1, 3)]","[1, 0]",True,True,STOP
300,sampled,2416,"[2, 1, 0]","[2, 2, 1]",CH2CO,"{0: 'C', 1: 'C', 2: 'O'}","[(0, 1, 2), (0, 2, 2)]","[0, 2, 0]",True,False,STOP
300,sampled,2417,"[2, 1, 0]","[2, 1, 0]",C2H,"{0: 'C', 1: 'C'}","[(0, 1, 3)]","[1, 0]",True,True,STOP
300,sampled,2418,"[2, 1, 0]","[2, 1, 0]",C2H,"{0: 'C', 1: 'C'}","[(0, 1, 3)]","[1, 0]",True,True,STOP
300,sampled,2419,"[2, 1, 0]","[2, 1, 0]",C2H,"{0: 'C', 1: 'C'}","[(0, 1, 3)]","[0, 1]",True,True,STOP
300,sampled,2420,"[2, 1, 0]","[2, 1, 1]",HCCO,"{0: 'C', 1: 'C', 2: 'O'}","[(0, 1, 2), (0, 2, 2)]","[0, 1, 0]",True,False,STOP
300,sampled,2421,"[2, 1, 0]","[2, 1, 0]",C2H,"{0: 'C', 1: 'C'}","[(0, 1, 3)]","[1, 0]",True,True,STOP
300,sampled,2422,"[2, 1, 0]","[2, 1, 0]",C2H,"{0: 'C', 1: 'C'}","[(0, 1, 3)]","[0, 1]",True,True,STOP
300,sampled,2423,"[2, 1, 0]","[2, 1, 0]",C2H,"{0: 'C', 1: 'C'}","[(0, 1, 3)]","[0, 1]",True,True,STOP
300,sampled,2424,"[2, 1, 0]","[2, 2, 1]",CH2CO,"{0: 'C', 1: 'C', 2: 'O'}","[(0, 1, 2), (0, 2, 2)]","[0, 2, 0]",True,False,STOP
300,sampled,2425,"[2, 1, 0]","[2, 3, 0]",C2H3,"{0: 'C', 1: 'C'}","[(0, 1, 2)]","[1, 2]",True,False,STOP
300,sampled,2426,"[2, 1, 0]","[2, 2, 0]",C2H2,"{0: 'C', 1: 'C'}","[(0, 1, 3)]","[1, 1]",True,False,STOP
300,sampled,2427,"[2, 1, 0]","[2, 1, 0]",C2H,"{0: 'C', 1: 'C'}","[(0, 1, 3)]","[1, 0]",True,True,STOP
300,sampled,2428,"[2, 1, 0]","[2, 1, 0]",C2H,"{0: 'C', 1: 'C'}","[(0, 1, 3)]","[1, 0]",True,True,STOP
300,sampled,2429,"[2, 1, 0]","[2, 3, 0]",C2H3,"{0: 'C', 1: 'C'}","[(0, 1, 2)]","[2, 1]",True,False,STOP
300,sampled,2430,"[2, 1, 0]","[2, 1, 0]",C2H,"{0: 'C', 1: 'C'}","[(0, 1, 3)]","[1, 0]",True,True,STOP
300,sampled,2431,"[2, 1, 0]","[2, 3, 1]",CH2CHO,"{0: 'C', 1: 'C', 2: 'O'}","[(0, 1, 1), (0, 2, 2)]","[1, 2, 0]",True,False,STOP
300,sampled,2432,"[2, 1, 0]","[2, 3, 0]",C2H3,"{0: 'C', 1: 'C'}","[(0, 1, 2)]","[2, 1]",True,False,STOP
300,sampled,2433,"[2, 1, 0]","[2, 1, 0]",C2H,"{0: 'C', 1: 'C'}","[(0, 1, 3)]","[0, 1]",True,True,STOP
300,sampled,2434,"[2, 1, 0]","[1, 1, 0]",CH,{0: 'C'},[],[1],True,False,STOP
300,sampled,2435,"[2, 1, 0]","[2, 3, 0]",C2H3,"{0: 'C', 1: 'C'}","[(0, 1, 2)]","[2, 1]",True,False,STOP
300,sampled,2436,"[2, 1, 0]","[2, 3, 0]",C2H3,"{0: 'C', 1: 'C'}","[(0, 1, 2)]","[1, 2]",True,False,STOP
300,sampled,2437,"[2, 1, 0]","[2, 1, 0]",C2H,"{0: 'C', 1: 'C'}","[(0, 1, 3)]","[1, 0]",True,True,STOP
300,sampled,2438,"[2, 1, 0]","[2, 1, 0]",C2H,"{0: 'C', 1: 'C'}","[(0, 1, 3)]","[0, 1]",True,True,STOP
300,sampled,2439,"[2, 1, 0]","[2, 2, 1]",CH2CO,"{0: 'C', 1: 'C', 2: 'O'}","[(0, 1, 2), (1, 2, 2)]","[2, 0, 0]",True,False,STOP
300,sampled,2440,"[2, 1, 0]","[2, 1, 0]",C2H,"{0: 'C', 1: 'C'}","[(0, 1, 3)]","[1, 0]",True,True,STOP
300,sampled,2441,"[2, 1, 0]","[2, 1, 0]",C2H,"{0: 'C', 1: 'C'}","[(0, 1, 3)]","[1, 0]",True,True,STOP
300,sampled,2442,"[2, 1, 0]","[1, 0, 0]",C,{0: 'C'},[],[0],True,False,STOP
300,sampled,2443,"[2, 1, 0]","[1, 1, 0]",CH,{0: 'C'},[],[1],True,False,STOP
300,sampled,2444,"[2, 1, 0]","[2, 2, 0]",C2H2,"{0: 'C', 1: 'C'}","[(0, 1, 3)]","[1, 1]",True,False,STOP
300,sampled,2445,"[2, 1, 0]","[2, 2, 0]",C2H2,"{0: 'C', 1: 'C'}","[(0, 1, 3)]","[1, 1]",True,False,STOP
300,sampled,2446,"[2, 1, 0]","[2, 1, 0]",C2H,"{0: 'C', 1: 'C'}","[(0, 1, 3)]","[0, 1]",True,True,STOP
300,sampled,2447,"[2, 1, 0]","[2, 2, 0]",C2H2,"{0: 'C', 1: 'C'}","[(0, 1, 3)]","[1, 1]",True,False,STOP
300,sampled,2448,"[2, 1, 0]","[2, 2, 1]",CH2CO,"{0: 'C', 1: 'C', 2: 'O'}","[(0, 1, 2), (1, 2, 2)]","[2, 0, 0]",True,False,STOP
300,sampled,2449,"[2, 1, 0]","[2, 1, 0]",C2H,"{0: 'C', 1: 'C'}","[(0, 1, 3)]","[0, 1]",True,True,STOP
300,sampled,2450,"[2, 1, 0]","[2, 2, 1]",CH2CO,"{0: 'C', 1: 'C', 2: 'O'}","[(0, 1, 2), (1, 2, 2)]","[2, 0, 0]",True,False,STOP
300,sampled,2451,"[2, 1, 0]","[2, 1, 0]",C2H,"{0: 'C', 1: 'C'}","[(0, 1, 3)]","[0, 1]",True,True,STOP
300,sampled,2452,"[2, 1, 0]","[2, 1, 0]",C2H,"{0: 'C', 1: 'C'}","[(0, 1, 3)]","[0, 1]",True,True,STOP
300,sampled,2453,"[2, 1, 0]","[2, 1, 0]",C2H,"{0: 'C', 1: 'C'}","[(0, 1, 3)]","[0, 1]",True,True,STOP
300,sampled,2454,"[2, 1, 0]","[2, 2, 0]",C2H2,"{0: 'C', 1: 'C'}","[(0, 1, 3)]","[1, 1]",True,False,STOP
300,sampled,2455,"[2, 1, 0]","[2, 1, 0]",C2H,"{0: 'C', 1: 'C'}","[(0, 1, 3)]","[0, 1]",True,True,STOP
300,sampled,2456,"[2, 1, 0]","[2, 1, 0]",C2H,"{0: 'C', 1: 'C'}","[(0, 1, 3)]","[1, 0]",True,True,STOP
300,sampled,2457,"[2, 1, 0]","[2, 1, 1]",HCCO,"{0: 'C', 1: 'C', 2: 'O'}","[(0, 1, 2), (1, 2, 2)]","[1, 0, 0]",True,False,STOP
300,sampled,2458,"[2, 1, 0]","[1, 2, 0]",CH2,{0: 'C'},[],[2],True,False,STOP
300,sampled,2459,"[2, 1, 0]","[2, 1, 0]",C2H,"{0: 'C', 1: 'C'}","[(0, 1, 3)]","[0, 1]",True,True,STOP
300,sampled,2460,"[2, 1, 0]","[2, 2, 1]",CH2CO,"{0: 'O', 1: 'C', 2: 'C'}","[(0, 1, 2), (1, 2, 2)]","[0, 0, 2]",True,False,STOP
300,sampled,2461,"[2, 1, 0]","[2, 1, 0]",C2H,"{0: 'C', 1: 'C'}","[(0, 1, 3)]","[0, 1]",True,True,STOP
300,sampled,2462,"[2, 1, 0]","[2, 2, 0]",Unknown,"{0: 'C', 1: 'C'}","[(0, 1, 2)]","[0, 2]",False,False,STOP
300,sampled,2463,"[2, 1, 0]","[2, 1, 0]",C2H,"{0: 'C', 1: 'C'}","[(0, 1, 3)]","[1, 0]",True,True,STOP
300,sampled,2464,"[2, 1, 0]","[2, 2, 0]",C2H2,"{0: 'C', 1: 'C'}","[(0, 1, 3)]","[1, 1]",True,False,STOP
300,sampled,2465,"[2, 1, 0]","[2, 1, 0]",C2H,"{0: 'C', 1: 'C'}","[(0, 1, 3)]","[0, 1]",True,True,STOP
300,sampled,2466,"[2, 1, 0]","[2, 1, 0]",C2H,"{0: 'C', 1: 'C'}","[(0, 1, 3)]","[0, 1]",True,True,STOP
300,sampled,2467,"[2, 1, 0]","[2, 1, 0]",C2H,"{0: 'C', 1: 'C'}","[(0, 1, 3)]","[1, 0]",True,True,STOP
300,sampled,2468,"[2, 1, 0]","[2, 1, 0]",C2H,"{0: 'C', 1: 'C'}","[(0, 1, 3)]","[0, 1]",True,True,STOP
300,sampled,2469,"[2, 1, 0]","[2, 3, 1]",CH3CO,"{0: 'C', 1: 'C', 2: 'O'}","[(0, 1, 1), (1, 2, 2)]","[3, 0, 0]",True,False,STOP
300,sampled,2470,"[2, 1, 0]","[1, 1, 0]",CH,{0: 'C'},[],[1],True,False,STOP
300,sampled,2471,"[2, 1, 0]","[2, 2, 1]",CH2CO,"{0: 'C', 1: 'C', 2: 'O'}","[(0, 1, 2), (1, 2, 2)]","[2, 0, 0]",True,False,STOP
300,sampled,2472,"[2, 1, 0]","[2, 2, 1]",CH2CO,"{0: 'C', 1: 'C', 2: 'O'}","[(0, 1, 2), (1, 2, 2)]","[2, 0, 0]",True,False,STOP
300,sampled,2473,"[2, 1, 0]","[2, 2, 0]",C2H2,"{0: 'C', 1: 'C'}","[(0, 1, 3)]","[1, 1]",True,False,STOP
300,sampled,2474,"[2, 1, 0]","[2, 2, 0]",C2H2,"{0: 'C', 1: 'C'}","[(0, 1, 3)]","[1, 1]",True,False,STOP
300,sampled,2475,"[2, 1, 0]","[1, 1, 0]",CH,{0: 'C'},[],[1],True,False,STOP
300,sampled,2476,"[2, 1, 0]","[2, 3, 0]",C2H3,"{0: 'C', 1: 'C'}","[(0, 1, 2)]","[1, 2]",True,False,STOP
300,sampled,2477,"[2, 1, 0]","[1, 1, 0]",CH,{0: 'C'},[],[1],True,False,STOP
300,sampled,2478,"[2, 1, 0]","[2, 1, 0]",C2H,"{0: 'C', 1: 'C'}","[(0, 1, 3)]","[0, 1]",True,True,STOP
300,sampled,2479,"[2, 1, 0]","[2, 1, 0]",C2H,"{0: 'C', 1: 'C'}","[(0, 1, 3)]","[0, 1]",True,True,STOP
300,sampled,2480,"[2, 1, 0]","[1, 0, 0]",C,{0: 'C'},[],[0],True,False,STOP
300,sampled,2481,"[2, 1, 0]","[2, 3, 0]",C2H3,"{0: 'C', 1: 'C'}","[(0, 1, 2)]","[1, 2]",True,False,STOP
300,sampled,2482,"[2, 1, 0]","[2, 1, 0]",C2H,"{0: 'C', 1: 'C'}","[(0, 1, 3)]","[1, 0]",True,True,STOP
300,sampled,2483,"[2, 1, 0]","[2, 1, 0]",C2H,"{0: 'C', 1: 'C'}","[(0, 1, 3)]","[1, 0]",True,True,STOP
300,sampled,2484,"[2, 1, 0]","[2, 1, 1]",HCCO,"{0: 'C', 1: 'C', 2: 'O'}","[(0, 1, 2), (0, 2, 2)]","[0, 1, 0]",True,False,STOP
300,sampled,2485,"[2, 1, 0]","[2, 1, 0]",C2H,"{0: 'C', 1: 'C'}","[(0, 1, 3)]","[1, 0]",True,True,STOP
300,sampled,2486,"[2, 1, 0]","[2, 2, 0]",Unknown,"{0: 'C', 1: 'C'}","[(0, 1, 2)]","[1, 1]",False,False,STOP
300,sampled,2487,"[2, 1, 0]","[2, 2, 0]",C2H2,"{0: 'C', 1: 'C'}","[(0, 1, 3)]","[1, 1]",True,False,STOP
300,sampled,2488,"[2, 1, 0]","[2, 1, 0]",C2H,"{0: 'C', 1: 'C'}","[(0, 1, 3)]","[0, 1]",True,True,STOP
300,sampled,2489,"[2, 1, 0]","[2, 1, 0]",C2H,"{0: 'C', 1: 'C'}","[(0, 1, 3)]","[0, 1]",True,True,STOP
300,sampled,2490,"[2, 1, 0]","[1, 0, 0]",C,{0: 'C'},[],[0],True,False,STOP
300,sampled,2491,"[2, 1, 0]","[2, 1, 0]",C2H,"{0: 'C', 1: 'C'}","[(0, 1, 3)]","[1, 0]",True,True,STOP
300,sampled,2492,"[2, 1, 0]","[2, 1, 0]",C2H,"{0: 'C', 1: 'C'}","[(0, 1, 3)]","[1, 0]",True,True,STOP
300,sampled,2493,"[2, 1, 0]","[2, 1, 0]",C2H,"{0: 'C', 1: 'C'}","[(0, 1, 3)]","[1, 0]",True,True,STOP
300,sampled,2494,"[2, 1, 0]","[2, 2, 0]",Unknown,"{0: 'C', 1: 'C'}","[(0, 1, 2)]","[2, 0]",False,False,STOP
300,sampled,2495,"[2, 1, 0]","[2, 1, 0]",C2H,"{0: 'C', 1: 'C'}","[(0, 1, 3)]","[1, 0]",True,True,STOP
300,sampled,2496,"[2, 1, 0]","[1, 1, 0]",CH,{0: 'C'},[],[1],True,False,STOP
300,sampled,2497,"[2, 1, 0]","[2, 2, 1]",CH2CO,"{0: 'C', 1: 'C', 2: 'O'}","[(0, 1, 2), (0, 2, 2)]","[0, 2, 0]",True,False,STOP
300,sampled,2498,"[2, 1, 0]","[2, 1, 1]",HCCO,"{0: 'C', 1: 'C', 2: 'O'}","[(0, 1, 2), (0, 2, 2)]","[0, 1, 0]",True,False,STOP
300,sampled,2499,"[2, 1, 0]","[2, 2, 0]",C2H2,"{0: 'C', 1: 'C'}","[(0, 1, 3)]","[1, 1]",True,False,STOP
300,sampled,2500,"[2, 1, 0]","[2, 1, 0]",C2H,"{0: 'C', 1: 'C'}","[(0, 1, 3)]","[1, 0]",True,True,STOP
300,sampled,2501,"[2, 1, 1]","[2, 1, 1]",HCCO,"{0: 'C', 1: 'C', 2: 'O'}","[(0, 1, 2), (0, 2, 2)]","[0, 1, 0]",True,True,STOP
300,sampled,2502,"[2, 1, 1]","[2, 1, 1]",HCCO,"{0: 'C', 1: 'C', 2: 'O'}","[(0, 1, 2), (1, 2, 2)]","[1, 0, 0]",True,True,STOP
300,sampled,2503,"[2, 1, 1]","[2, 1, 1]",HCCO,"{0: 'C', 1: 'C', 2: 'O'}","[(0, 1, 2), (1, 2, 2)]","[1, 0, 0]",True,True,STOP
300,sampled,2504,"[2, 1, 1]","[2, 1, 1]",HCCO,"{0: 'C', 1: 'C', 2: 'O'}","[(0, 1, 2), (1, 2, 2)]","[1, 0, 0]",True,True,STOP
300,sampled,2505,"[2, 1, 1]","[1, 1, 0]",CH,{0: 'C'},[],[1],True,False,STOP
300,sampled,2506,"[2, 1, 1]","[2, 1, 1]",HCCO,"{0: 'C', 1: 'C', 2: 'O'}","[(0, 1, 2), (0, 2, 2)]","[0, 1, 0]",True,True,STOP
300,sampled,2507,"[2, 1, 1]","[2, 1, 1]",HCCO,"{0: 'C', 1: 'C', 2: 'O'}","[(0, 1, 2), (0, 2, 2)]","[0, 1, 0]",True,True,STOP
300,sampled,2508,"[2, 1, 1]","[1, 0, 0]",C,{0: 'C'},[],[0],True,False,STOP
300,sampled,2509,"[2, 1, 1]","[1, 1, 0]",CH,{0: 'C'},[],[1],True,False,STOP
300,sampled,2510,"[2, 1, 1]","[2, 1, 0]",C2H,"{0: 'C', 1: 'C'}","[(0, 1, 3)]","[1, 0]",True,False,STOP
300,sampled,2511,"[2, 1, 1]","[2, 2, 1]",CH2CO,"{0: 'C', 1: 'C', 2: 'O'}","[(0, 1, 2), (1, 2, 2)]","[2, 0, 0]",True,False,STOP
300,sampled,2512,"[2, 1, 1]","[2, 1, 0]",C2H,"{0: 'C', 1: 'C'}","[(0, 1, 3)]","[1, 0]",True,False,STOP
300,sampled,2513,"[2, 1, 1]","[2, 1, 0]",C2H,"{0: 'C', 1: 'C'}","[(0, 1, 3)]","[0, 1]",True,False,STOP
300,sampled,2514,"[2, 1, 1]","[2, 1, 1]",HCCO,"{0: 'C', 1: 'C', 2: 'O'}","[(0, 1, 2), (0, 2, 2)]","[0, 1, 0]",True,True,STOP
300,sampled,2515,"[2, 1, 1]","[2, 1, 1]",HCCO,"{0: 'O', 1: 'C', 2: 'C'}","[(0, 1, 2), (1, 2, 2)]","[0, 0, 1]",True,True,STOP
300,sampled,2516,"[2, 1, 1]","[2, 1, 1]",HCCO,"{0: 'C', 1: 'C', 2: 'O'}","[(0, 1, 2), (1, 2, 2)]","[1, 0, 0]",True,True,STOP
300,sampled,2517,"[2, 1, 1]","[2, 1, 1]",HCCO,"{0: 'C', 1: 'C', 2: 'O'}","[(0, 1, 2), (1, 2, 2)]","[1, 0, 0]",True,True,STOP
300,sampled,2518,"[2, 1, 1]","[2, 1, 1]",HCCO,"{0: 'C', 1: 'C', 2: 'O'}","[(0, 1, 2), (1, 2, 2)]","[1, 0, 0]",True,True,STOP
300,sampled,2519,"[2, 1, 1]","[1, 1, 1]",HCO,"{0: 'O', 1: 'C'}","[(0, 1, 2)]","[0, 1]",True,False,STOP
300,sampled,2520,"[2, 1, 1]","[2, 1, 0]",C2H,"{0: 'C', 1: 'C'}","[(0, 1, 3)]","[1, 0]",True,False,STOP
300,sampled,2521,"[2, 1, 1]","[2, 1, 1]",HCCO,"{0: 'C', 1: 'C', 2: 'O'}","[(0, 1, 2), (0, 2, 2)]","[0, 1, 0]",True,True,STOP
300,sampled,2522,"[2, 1, 1]","[2, 1, 0]",C2H,"{0: 'C', 1: 'C'}","[(0, 1, 3)]","[0, 1]",True,False,STOP
300,sampled,2523,"[2, 1, 1]","[2, 1, 1]",HCCO,"{0: 'C', 1: 'C', 2: 'O'}","[(0, 1, 2), (0, 2, 2)]","[0, 1, 0]",True,True,STOP
300,sampled,2524,"[2, 1, 1]","[2, 1, 0]",C2H,"{0: 'C', 1: 'C'}","[(0, 1, 3)]","[0, 1]",True,False,STOP
300,sampled,2525,"[2, 1, 1]","[2, 3, 1]",CH2CHO,"{0: 'C', 1: 'C', 2: 'O'}","[(0, 1, 1), (1, 2, 2)]","[2, 1, 0]",True,False,STOP
300,sampled,2526,"[2, 1, 1]","[2, 1, 1]",HCCO,"{0: 'C', 1: 'C', 2: 'O'}","[(0, 1, 2), (1, 2, 2)]","[1, 0, 0]",True,True,STOP
300,sampled,2527,"[2, 1, 1]","[2, 1, 1]",HCCO,"{0: 'C', 1: 'O', 2: 'C'}","[(0, 1, 2), (0, 2, 2)]","[0, 0, 1]",True,True,STOP
300,sampled,2528,"[2, 1, 1]","[2, 3, 1]",CH2CHO,"{0: 'C', 1: 'O', 2: 'C'}","[(0, 1, 2), (0, 2, 1)]","[1, 0, 2]",True,False,STOP
300,sampled,2529,"[2, 1, 1]","[2, 1, 1]",HCCO,"{0: 'C', 1: 'C', 2: 'O'}","[(0, 1, 2), (0, 2, 2)]","[0, 1, 0]",True,True,STOP
300,sampled,2530,"[2, 1, 1]","[1, 3, 1]",CH3O,"{0: 'C', 1: 'O'}","[(0, 1, 1)]","[3, 0]",True,False,STOP
300,sampled,2531,"[2, 1, 1]","[2, 1, 1]",HCCO,"{0: 'C', 1: 'C', 2: 'O'}","[(0, 1, 2), (1, 2, 2)]","[1, 0, 0]",True,True,STOP
300,sampled,2532,"[2, 1, 1]","[2, 1, 0]",C2H,"{0: 'C', 1: 'C'}","[(0, 1, 3)]","[1, 0]",True,False,STOP
300,sampled,2533,"[2, 1, 1]","[2, 1, 1]",HCCO,"{0: 'C', 1: 'C', 2: 'O'}","[(0, 1, 2), (1, 2, 2)]","[1, 0, 0]",True,True,STOP
300,sampled,2534,"[2, 1, 1]","[2, 1, 1]",HCCO,"{0: 'C', 1: 'C', 2: 'O'}","[(0, 1, 2), (0, 2, 2)]","[0, 1, 0]",True,True,STOP
300,sampled,2535,"[2, 1, 1]","[1, 2, 0]",CH2,{0: 'C'},[],[2],True,False,STOP
300,sampled,2536,"[2, 1, 1]","[2, 1, 1]",HCCO,"{0: 'C', 1: 'C', 2: 'O'}","[(0, 1, 2), (0, 2, 2)]","[0, 1, 0]",True,True,STOP
300,sampled,2537,"[2, 1, 1]","[2, 1, 0]",C2H,"{0: 'C', 1: 'C'}","[(0, 1, 3)]","[0, 1]",True,False,STOP
300,sampled,2538,"[2, 1, 1]","[2, 1, 1]",HCCO,"{0: 'C', 1: 'C', 2: 'O'}","[(0, 1, 2), (1, 2, 2)]","[1, 0, 0]",True,True,STOP
300,sampled,2539,"[2, 1, 1]","[2, 1, 1]",HCCO,"{0: 'C', 1: 'C', 2: 'O'}","[(0, 1, 2), (0, 2, 2)]","[0, 1, 0]",True,True,STOP
300,sampled,2540,"[2, 1, 1]","[2, 1, 0]",C2H,"{0: 'C', 1: 'C'}","[(0, 1, 3)]","[0, 1]",True,False,STOP
300,sampled,2541,"[2, 1, 1]","[2, 2, 0]",C2H2,"{0: 'C', 1: 'C'}","[(0, 1, 3)]","[1, 1]",True,False,STOP
300,sampled,2542,"[2, 1, 1]","[2, 1, 1]",HCCO,"{0: 'C', 1: 'C', 2: 'O'}","[(0, 1, 2), (0, 2, 2)]","[0, 1, 0]",True,True,STOP
300,sampled,2543,"[2, 1, 1]","[2, 1, 0]",C2H,"{0: 'C', 1: 'C'}","[(0, 1, 3)]","[0, 1]",True,False,STOP
300,sampled,2544,"[2, 1, 1]","[2, 1, 0]",C2H,"{0: 'C', 1: 'C'}","[(0, 1, 3)]","[1, 0]",True,False,STOP
300,sampled,2545,"[2, 1, 1]","[2, 1, 1]",HCCO,"{0: 'C', 1: 'C', 2: 'O'}","[(0, 1, 2), (1, 2, 2)]","[1, 0, 0]",True,True,STOP
300,sampled,2546,"[2, 1, 1]","[2, 1, 1]",HCCO,"{0: 'C', 1: 'C', 2: 'O'}","[(0, 1, 2), (1, 2, 2)]","[1, 0, 0]",True,True,STOP
300,sampled,2547,"[2, 1, 1]","[2, 2, 1]",CH2CO,"{0: 'C', 1: 'C', 2: 'O'}","[(0, 1, 2), (0, 2, 2)]","[0, 2, 0]",True,False,STOP
300,sampled,2548,"[2, 1, 1]","[2, 1, 1]",HCCO,"{0: 'C', 1: 'C', 2: 'O'}","[(0, 1, 2), (1, 2, 2)]","[1, 0, 0]",True,True,STOP
300,sampled,2549,"[2, 1, 1]","[2, 1, 1]",HCCO,"{0: 'C', 1: 'C', 2: 'O'}","[(0, 1, 2), (0, 2, 2)]","[0, 1, 0]",True,True,STOP
300,sampled,2550,"[2, 1, 1]","[2, 1, 1]",HCCO,"{0: 'C', 1: 'C', 2: 'O'}","[(0, 1, 2), (0, 2, 2)]","[0, 1, 0]",True,True,STOP
300,sampled,2551,"[2, 1, 1]","[2, 1, 0]",C2H,"{0: 'C', 1: 'C'}","[(0, 1, 3)]","[0, 1]",True,False,STOP
300,sampled,2552,"[2, 1, 1]","[2, 1, 1]",HCCO,"{0: 'C', 1: 'C', 2: 'O'}","[(0, 1, 2), (1, 2, 2)]","[1, 0, 0]",True,True,STOP
300,sampled,2553,"[2, 1, 1]","[1, 0, 0]",C,{0: 'C'},[],[0],True,False,STOP
300,sampled,2554,"[2, 1, 1]","[2, 1, 1]",HCCO,"{0: 'O', 1: 'C', 2: 'C'}","[(0, 1, 2), (1, 2, 2)]","[0, 0, 1]",True,True,STOP
300,sampled,2555,"[2, 1, 1]","[1, 0, 0]",C,{0: 'C'},[],[0],True,False,STOP
300,sampled,2556,"[2, 1, 1]","[2, 1, 1]",HCCO,"{0: 'C', 1: 'C', 2: 'O'}","[(0, 1, 2), (1, 2, 2)]","[1, 0, 0]",True,True,STOP
300,sampled,2557,"[2, 1, 1]","[2, 1, 1]",HCCO,"{0: 'C', 1: 'C', 2: 'O'}","[(0, 1, 2), (0, 2, 2)]","[0, 1, 0]",True,True,STOP
300,sampled,2558,"[2, 1, 1]","[2, 1, 1]",HCCO,"{0: 'C', 1: 'C', 2: 'O'}","[(0, 1, 2), (1, 2, 2)]","[1, 0, 0]",True,True,STOP
300,sampled,2559,"[2, 1, 1]","[2, 1, 1]",HCCO,"{0: 'C', 1: 'C', 2: 'O'}","[(0, 1, 2), (0, 2, 2)]","[0, 1, 0]",True,True,STOP
300,sampled,2560,"[2, 1, 1]","[2, 1, 1]",HCCO,"{0: 'C', 1: 'C', 2: 'O'}","[(0, 1, 2), (0, 2, 2)]","[0, 1, 0]",True,True,STOP
300,sampled,2561,"[2, 1, 1]","[2, 1, 1]",HCCO,"{0: 'C', 1: 'C', 2: 'O'}","[(0, 1, 2), (0, 2, 2)]","[0, 1, 0]",True,True,STOP
300,sampled,2562,"[2, 1, 1]","[2, 2, 1]",CH2CO,"{0: 'C', 1: 'C', 2: 'O'}","[(0, 1, 2), (1, 2, 2)]","[2, 0, 0]",True,False,STOP
300,sampled,2563,"[2, 1, 1]","[2, 1, 1]",HCCO,"{0: 'C', 1: 'C', 2: 'O'}","[(0, 1, 2), (0, 2, 2)]","[0, 1, 0]",True,True,STOP
300,sampled,2564,"[2, 1, 1]","[2, 1, 1]",HCCO,"{0: 'C', 1: 'C', 2: 'O'}","[(0, 1, 2), (1, 2, 2)]","[1, 0, 0]",True,True,STOP
300,sampled,2565,"[2, 1, 1]","[2, 1, 1]",HCCO,"{0: 'C', 1: 'C', 2: 'O'}","[(0, 1, 2), (1, 2, 2)]","[1, 0, 0]",True,True,STOP
300,sampled,2566,"[2, 1, 1]","[1, 0, 0]",C,{0: 'C'},[],[0],True,False,STOP
300,sampled,2567,"[2, 1, 1]","[2, 1, 0]",C2H,"{0: 'C', 1: 'C'}","[(0, 1, 3)]","[0, 1]",True,False,STOP
300,sampled,2568,"[2, 1, 1]","[2, 1, 1]",HCCO,"{0: 'C', 1: 'C', 2: 'O'}","[(0, 1, 2), (1, 2, 2)]","[1, 0, 0]",True,True,STOP
300,sampled,2569,"[2, 1, 1]","[1, 0, 0]",C,{0: 'C'},[],[0],True,False,STOP
300,sampled,2570,"[2, 1, 1]","[1, 3, 1]",CH3O,"{0: 'C', 1: 'O'}","[(0, 1, 1)]","[3, 0]",True,False,STOP
300,sampled,2571,"[2, 1, 1]","[2, 1, 1]",HCCO,"{0: 'C', 1: 'C', 2: 'O'}","[(0, 1, 2), (1, 2, 2)]","[1, 0, 0]",True,True,STOP
300,sampled,2572,"[2, 1, 1]","[2, 1, 1]",HCCO,"{0: 'C', 1: 'O', 2: 'C'}","[(0, 1, 2), (0, 2, 2)]","[0, 0, 1]",True,True,STOP
300,sampled,2573,"[2, 1, 1]","[2, 1, 0]",C2H,"{0: 'C', 1: 'C'}","[(0, 1, 3)]","[0, 1]",True,False,STOP
300,sampled,2574,"[2, 1, 1]","[2, 1, 0]",C2H,"{0: 'C', 1: 'C'}","[(0, 1, 3)]","[1, 0]",True,False,STOP
300,sampled,2575,"[2, 1, 1]","[2, 1, 1]",HCCO,"{0: 'C', 1: 'C', 2: 'O'}","[(0, 1, 2), (1, 2, 2)]","[1, 0, 0]",True,True,STOP
300,sampled,2576,"[2, 1, 1]","[2, 2, 1]",CH2CO,"{0: 'C', 1: 'C', 2: 'O'}","[(0, 1, 2), (1, 2, 2)]","[2, 0, 0]",True,False,STOP
300,sampled,2577,"[2, 1, 1]","[2, 1, 0]",C2H,"{0: 'C', 1: 'C'}","[(0, 1, 3)]","[0, 1]",True,False,STOP
300,sampled,2578,"[2, 1, 1]","[2, 1, 0]",C2H,"{0: 'C', 1: 'C'}","[(0, 1, 3)]","[0, 1]",True,False,STOP
300,sampled,2579,"[2, 1, 1]","[2, 1, 1]",HCCO,"{0: 'C', 1: 'C', 2: 'O'}","[(0, 1, 2), (0, 2, 2)]","[0, 1, 0]",True,True,STOP
300,sampled,2580,"[2, 1, 1]","[2, 1, 0]",C2H,"{0: 'C', 1: 'C'}","[(0, 1, 3)]","[0, 1]",True,False,STOP
300,sampled,2581,"[2, 1, 1]","[2, 2, 1]",CH2CO,"{0: 'C', 1: 'O', 2: 'C'}","[(0, 1, 2), (0, 2, 2)]","[0, 0, 2]",True,False,STOP
300,sampled,2582,"[2, 1, 1]","[2, 1, 0]",C2H,"{0: 'C', 1: 'C'}","[(0, 1, 3)]","[1, 0]",True,False,STOP
300,sampled,2583,"[2, 1, 1]","[2, 1, 1]",HCCO,"{0: 'O', 1: 'C', 2: 'C'}","[(0, 1, 2), (1, 2, 2)]","[0, 0, 1]",True,True,STOP
300,sampled,2584,"[2, 1, 1]","[2, 1, 1]",HCCO,"{0: 'C', 1: 'O', 2: 'C'}","[(0, 1, 2), (0, 2, 2)]","[0, 0, 1]",True,True,STOP
300,sampled,2585,"[2, 1, 1]","[2, 1, 1]",HCCO,"{0: 'C', 1: 'C', 2: 'O'}","[(0, 1, 2), (0, 2, 2)]","[0, 1, 0]",True,True,STOP
300,sampled,2586,"[2, 1, 1]","[2, 1, 1]",HCCO,"{0: 'C', 1: 'C', 2: 'O'}","[(0, 1, 2), (0, 2, 2)]","[0, 1, 0]",True,True,STOP
300,sampled,2587,"[2, 1, 1]","[1, 0, 0]",C,{0: 'C'},[],[0],True,False,STOP
300,sampled,2588,"[2, 1, 1]","[2, 1, 0]",C2H,"{0: 'C', 1: 'C'}","[(0, 1, 3)]","[1, 0]",True,False,STOP
300,sampled,2589,"[2, 1, 1]","[2, 2, 1]",CH2CO,"{0: 'C', 1: 'C', 2: 'O'}","[(0, 1, 2), (0, 2, 2)]","[0, 2, 0]",True,False,STOP
300,sampled,2590,"[2, 1, 1]","[2, 1, 1]",HCCO,"{0: 'C', 1: 'C', 2: 'O'}","[(0, 1, 2), (0, 2, 2)]","[0, 1, 0]",True,True,STOP
300,sampled,2591,"[2, 1, 1]","[2, 1, 1]",HCCO,"{0: 'C', 1: 'C', 2: 'O'}","[(0, 1, 2), (1, 2, 2)]","[1, 0, 0]",True,True,STOP
300,sampled,2592,"[2, 1, 1]","[2, 1, 1]",HCCO,"{0: 'C', 1: 'C', 2: 'O'}","[(0, 1, 2), (1, 2, 2)]","[1, 0, 0]",True,True,STOP
300,sampled,2593,"[2, 1, 1]","[2, 1, 1]",HCCO,"{0: 'C', 1: 'O', 2: 'C'}","[(0, 1, 2), (0, 2, 2)]","[0, 0, 1]",True,True,STOP
300,sampled,2594,"[2, 1, 1]","[2, 1, 1]",HCCO,"{0: 'C', 1: 'C', 2: 'O'}","[(0, 1, 2), (1, 2, 2)]","[1, 0, 0]",True,True,STOP
300,sampled,2595,"[2, 1, 1]","[1, 0, 0]",C,{0: 'C'},[],[0],True,False,STOP
300,sampled,2596,"[2, 1, 1]","[2, 1, 1]",HCCO,"{0: 'C', 1: 'C', 2: 'O'}","[(0, 1, 2), (1, 2, 2)]","[1, 0, 0]",True,True,STOP
300,sampled,2597,"[2, 1, 1]","[1, 1, 0]",CH,{0: 'C'},[],[1],True,False,STOP
300,sampled,2598,"[2, 1, 1]","[2, 1, 1]",HCCO,"{0: 'C', 1: 'C', 2: 'O'}","[(0, 1, 2), (0, 2, 2)]","[0, 1, 0]",True,True,STOP
300,sampled,2599,"[2, 1, 1]","[2, 1, 1]",HCCO,"{0: 'C', 1: 'C', 2: 'O'}","[(0, 1, 2), (1, 2, 2)]","[1, 0, 0]",True,True,STOP
300,sampled,2600,"[2, 1, 1]","[2, 1, 0]",C2H,"{0: 'C', 1: 'C'}","[(0, 1, 3)]","[0, 1]",True,False,STOP
300,sampled,2601,"[2, 2, 1]","[2, 2, 1]",CH2CO,"{0: 'C', 1: 'C', 2: 'O'}","[(0, 1, 2), (0, 2, 2)]","[0, 2, 0]",True,True,STOP
300,sampled,2602,"[2, 2, 1]","[2, 2, 1]",CH2CO,"{0: 'C', 1: 'C', 2: 'O'}","[(0, 1, 2), (1, 2, 2)]","[2, 0, 0]",True,True,STOP
300,sampled,2603,"[2, 2, 1]","[2, 3, 1]",CH2CHO,"{0: 'C', 1: 'C', 2: 'O'}","[(0, 1, 1), (1, 2, 2)]","[2, 1, 0]",True,False,STOP
300,sampled,2604,"[2, 2, 1]","[2, 2, 1]",CH2CO,"{0: 'C', 1: 'C', 2: 'O'}","[(0, 1, 2), (1, 2, 2)]","[2, 0, 0]",True,True,STOP
300,sampled,2605,"[2, 2, 1]","[2, 2, 1]",CH2CO,"{0: 'O', 1: 'C', 2: 'C'}","[(0, 1, 2), (1, 2, 2)]","[0, 0, 2]",True,True,STOP
300,sampled,2606,"[2, 2, 1]","[2, 1, 0]",C2H,"{0: 'C', 1: 'C'}","[(0, 1, 3)]","[0, 1]",True,False,STOP
300,sampled,2607,"[2, 2, 1]","[2, 2, 1]",CH2CO,"{0: 'C', 1: 'C', 2: 'O'}","[(0, 1, 2), (1, 2, 2)]","[2, 0, 0]",True,True,STOP
300,sampled,2608,"[2, 2, 1]","[2, 3, 1]",CH3CO,"{0: 'C', 1: 'C', 2: 'O'}","[(0, 1, 1), (0, 2, 2)]","[0, 3, 0]",True,False,STOP
300,sampled,2609,"[2, 2, 1]","[2, 3, 1]",CH2CHO,"{0: 'C', 1: 'C', 2: 'O'}","[(0, 1, 1), (0, 2, 2)]","[1, 2, 0]",True,False,STOP
300,sampled,2610,"[2, 2, 1]","[2, 2, 1]",CH2CO,"{0: 'C', 1: 'C', 2: 'O'}","[(0, 1, 2), (0, 2, 2)]","[0, 2, 0]",True,True,STOP
300,sampled,2611,"[2, 2, 1]","[2, 2, 1]",CH2CO,"{0: 'C', 1: 'C', 2: 'O'}","[(0, 1, 2), (1, 2, 2)]","[2, 0, 0]",True,True,STOP
300,sampled,2612,"[2, 2, 1]","[2, 2, 1]",CH2CO,"{0: 'C', 1: 'C', 2: 'O'}","[(0, 1, 2), (1, 2, 2)]","[2, 0, 0]",True,True,STOP
300,sampled,2613,"[2, 2, 1]","[2, 2, 1]",CH2CO,"{0: 'C', 1: 'C', 2: 'O'}","[(0, 1, 2), (0, 2, 2)]","[0, 2, 0]",True,True,STOP
300,sampled,2614,"[2, 2, 1]","[1, 3, 1]",CH2OH,"{0: 'C', 1: 'O'}","[(0, 1, 1)]","[2, 1]",True,False,STOP
300,sampled,2615,"[2, 2, 1]","[2, 2, 1]",CH2CO,"{0: 'C', 1: 'C', 2: 'O'}","[(0, 1, 2), (1, 2, 2)]","[2, 0, 0]",True,True,STOP
300,sampled,2616,"[2, 2, 1]","[2, 2, 1]",CH2CO,"{0: 'C', 1: 'C', 2: 'O'}","[(0, 1, 2), (1, 2, 2)]","[2, 0, 0]",True,True,STOP
300,sampled,2617,"[2, 2, 1]","[2, 2, 1]",CH2CO,"{0: 'C', 1: 'C', 2: 'O'}","[(0, 1, 2), (1, 2, 2)]","[2, 0, 0]",True,True,STOP
300,sampled,2618,"[2, 2, 1]","[2, 3, 1]",CH3CO,"{0: 'C', 1: 'C', 2: 'O'}","[(0, 1, 1), (0, 2, 2)]","[0, 3, 0]",True,False,STOP
300,sampled,2619,"[2, 2, 1]","[2, 3, 1]",CH2CHO,"{0: 'C', 1: 'C', 2: 'O'}","[(0, 1, 1), (0, 2, 2)]","[1, 2, 0]",True,False,STOP
300,sampled,2620,"[2, 2, 1]","[2, 2, 1]",CH2CO,"{0: 'C', 1: 'C', 2: 'O'}","[(0, 1, 2), (1, 2, 2)]","[2, 0, 0]",True,True,STOP
300,sampled,2621,"[2, 2, 1]","[2, 3, 1]",CH3CO,"{0: 'C', 1: 'C', 2: 'O'}","[(0, 1, 1), (0, 2, 2)]","[0, 3, 0]",True,False,STOP
300,sampled,2622,"[2, 2, 1]","[2, 1, 1]",HCCO,"{0: 'O', 1: 'C', 2: 'C'}","[(0, 1, 2), (1, 2, 2)]","[0, 0, 1]",True,False,STOP
300,sampled,2623,"[2, 2, 1]","[2, 2, 1]",CH2CO,"{0: 'C', 1: 'C', 2: 'O'}","[(0, 1, 2), (0, 2, 2)]","[0, 2, 0]",True,True,STOP
300,sampled,2624,"[2, 2, 1]","[2, 2, 1]",CH2CO,"{0: 'C', 1: 'C', 2: 'O'}","[(0, 1, 2), (0, 2, 2)]","[0, 2, 0]",True,True,STOP
300,sampled,2625,"[2, 2, 1]","[2, 3, 1]",CH3CO,"{0: 'C', 1: 'C', 2: 'O'}","[(0, 1, 1), (0, 2, 2)]","[0, 3, 0]",True,False,STOP
300,sampled,2626,"[2, 2, 1]","[2, 2, 1]",CH2CO,"{0: 'C', 1: 'C', 2: 'O'}","[(0, 1, 2), (1, 2, 2)]","[2, 0, 0]",True,True,STOP
300,sampled,2627,"[2, 2, 1]","[2, 1, 0]",C2H,"{0: 'C', 1: 'C'}","[(0, 1, 3)]","[0, 1]",True,False,STOP
300,sampled,2628,"[2, 2, 1]","[2, 3, 1]",CH3CO,"{0: 'C', 1: 'C', 2: 'O'}","[(0, 1, 1), (0, 2, 2)]","[0, 3, 0]",True,False,STOP
300,sampled,2629,"[2, 2, 1]","[2, 3, 0]",C2H3,"{0: 'C', 1: 'C'}","[(0, 1, 2)]","[1, 2]",True,False,STOP
300,sampled,2630,"[2, 2, 1]","[2, 2, 1]",CH2CO,"{0: 'C', 1: 'C', 2: 'O'}","[(0, 1, 2), (0, 2, 2)]","[0, 2, 0]",True,True,STOP
300,sampled,2631,"[2, 2, 1]","[2, 1, 1]",HCCO,"{0: 'O', 1: 'C', 2: 'C'}","[(0, 1, 2), (1, 2, 2)]","[0, 0, 1]",True,False,STOP
300,sampled,2632,"[2, 2, 1]","[2, 2, 1]",CH2CO,"{0: 'C', 1: 'C', 2: 'O'}","[(0, 1, 2), (1, 2, 2)]","[2, 0, 0]",True,True,STOP
300,sampled,2633,"[2, 2, 1]","[2, 2, 1]",CH2CO,"{0: 'C', 1: 'C', 2: 'O'}","[(0, 1, 2), (0, 2, 2)]","[0, 2, 0]",True,True,STOP
300,sampled,2634,"[2, 2, 1]","[2, 2, 1]",CH2CO,"{0: 'C', 1: 'C', 2: 'O'}","[(0, 1, 2), (1, 2, 2)]","[2, 0, 0]",True,True,STOP
300,sampled,2635,"[2, 2, 1]","[2, 2, 0]",C2H2,"{0: 'C', 1: 'C'}","[(0, 1, 3)]","[1, 1]",True,False,STOP
300,sampled,2636,"[2, 2, 1]","[2, 3, 0]",C2H3,"{0: 'C', 1: 'C'}","[(0, 1, 2)]","[2, 1]",True,False,STOP
300,sampled,2637,"[2, 2, 1]","[2, 2, 0]",C2H2,"{0: 'C', 1: 'C'}","[(0, 1, 3)]","[1, 1]",True,False,STOP
300,sampled,2638,"[2, 2, 1]","[2, 2, 1]",CH2CO,"{0: 'C', 1: 'C', 2: 'O'}","[(0, 1, 2), (0, 2, 2)]","[0, 2, 0]",True,True,STOP
300,sampled,2639,"[2, 2, 1]","[2, 1, 0]",C2H,"{0: 'C', 1: 'C'}","[(0, 1, 3)]","[0, 1]",True,False,STOP
300,sampled,2640,"[2, 2, 1]","[2, 1, 0]",C2H,"{0: 'C', 1: 'C'}","[(0, 1, 3)]","[1, 0]",True,False,STOP
300,sampled,2641,"[2, 2, 1]","[2, 2, 1]",CH2CO,"{0: 'C', 1: 'C', 2: 'O'}","[(0, 1, 2), (1, 2, 2)]","[2, 0, 0]",True,True,STOP
300,sampled,2642,"[2, 2, 1]","[2, 2, 1]",CH2CO,"{0: 'C', 1: 'C', 2: 'O'}","[(0, 1, 2), (1, 2, 2)]","[2, 0, 0]",True,True,STOP
300,sampled,2643,"[2, 2, 1]","[2, 2, 0]",C2H2,"{0: 'C', 1: 'C'}","[(0, 1, 3)]","[1, 1]",True,False,STOP
300,sampled,2644,"[2, 2, 1]","[2, 2, 1]",CH2CO,"{0: 'C', 1: 'C', 2: 'O'}","[(0, 1, 2), (1, 2, 2)]","[2, 0, 0]",True,True,STOP
300,sampled,2645,"[2, 2, 1]","[2, 2, 0]",C2H2,"{0: 'C', 1: 'C'}","[(0, 1, 3)]","[1, 1]",True,False,STOP
300,sampled,2646,"[2, 2, 1]","[2, 2, 1]",CH2CO,"{0: 'C', 1: 'C', 2: 'O'}","[(0, 1, 2), (1, 2, 2)]","[2, 0, 0]",True,True,STOP
300,sampled,2647,"[2, 2, 1]","[2, 2, 0]",C2H2,"{0: 'C', 1: 'C'}","[(0, 1, 3)]","[1, 1]",True,False,STOP
300,sampled,2648,"[2, 2, 1]","[2, 2, 1]",CH2CO,"{0: 'C', 1: 'C', 2: 'O'}","[(0, 1, 2), (1, 2, 2)]","[2, 0, 0]",True,True,STOP
300,sampled,2649,"[2, 2, 1]","[2, 2, 1]",CH2CO,"{0: 'C', 1: 'C', 2: 'O'}","[(0, 1, 2), (0, 2, 2)]","[0, 2, 0]",True,True,STOP
300,sampled,2650,"[2, 2, 1]","[2, 2, 1]",CH2CO,"{0: 'C', 1: 'C', 2: 'O'}","[(0, 1, 2), (0, 2, 2)]","[0, 2, 0]",True,True,STOP
300,sampled,2651,"[2, 2, 1]","[2, 2, 1]",CH2CO,"{0: 'C', 1: 'C', 2: 'O'}","[(0, 1, 2), (0, 2, 2)]","[0, 2, 0]",True,True,STOP
300,sampled,2652,"[2, 2, 1]","[2, 2, 0]",C2H2,"{0: 'C', 1: 'C'}","[(0, 1, 3)]","[1, 1]",True,False,STOP
300,sampled,2653,"[2, 2, 1]","[2, 2, 1]",CH2CO,"{0: 'C', 1: 'C', 2: 'O'}","[(0, 1, 2), (1, 2, 2)]","[2, 0, 0]",True,True,STOP
300,sampled,2654,"[2, 2, 1]","[2, 2, 1]",CH2CO,"{0: 'C', 1: 'C', 2: 'O'}","[(0, 1, 2), (0, 2, 2)]","[0, 2, 0]",True,True,STOP
300,sampled,2655,"[2, 2, 1]","[2, 2, 1]",CH2CO,"{0: 'C', 1: 'C', 2: 'O'}","[(0, 1, 2), (1, 2, 2)]","[2, 0, 0]",True,True,STOP
300,sampled,2656,"[2, 2, 1]","[1, 3, 1]",CH3O,"{0: 'C', 1: 'O'}","[(0, 1, 1)]","[3, 0]",True,False,STOP
300,sampled,2657,"[2, 2, 1]","[1, 2, 0]",CH2,{0: 'C'},[],[2],True,False,STOP
300,sampled,2658,"[2, 2, 1]","[2, 3, 1]",CH3CO,"{0: 'C', 1: 'C', 2: 'O'}","[(0, 1, 1), (1, 2, 2)]","[3, 0, 0]",True,False,STOP
300,sampled,2659,"[2, 2, 1]","[2, 3, 0]",C2H3,"{0: 'C', 1: 'C'}","[(0, 1, 2)]","[2, 1]",True,False,STOP
300,sampled,2660,"[2, 2, 1]","[2, 3, 0]",C2H3,"{0: 'C', 1: 'C'}","[(0, 1, 2)]","[2, 1]",True,False,STOP
300,sampled,2661,"[2, 2, 1]","[2, 2, 0]",C2H2,"{0: 'C', 1: 'C'}","[(0, 1, 3)]","[1, 1]",True,False,STOP
300,sampled,2662,"[2, 2, 1]","[2, 3, 0]",C2H3,"{0: 'C', 1: 'C'}","[(0, 1, 2)]","[1, 2]",True,False,STOP
300,sampled,2663,"[2, 2, 1]","[2, 1, 0]",C2H,"{0: 'C', 1: 'C'}","[(0, 1, 3)]","[1, 0]",True,False,STOP
300,sampled,2664,"[2, 2, 1]","[2, 1, 1]",HCCO,"{0: 'C', 1: 'O', 2: 'C'}","[(0, 1, 2), (0, 2, 2)]","[0, 0, 1]",True,False,STOP
300,sampled,2665,"[2, 2, 1]","[2, 2, 1]",CH2CO,"{0: 'C', 1: 'C', 2: 'O'}","[(0, 1, 2), (1, 2, 2)]","[2, 0, 0]",True,True,STOP
300,sampled,2666,"[2, 2, 1]","[2, 2, 1]",CH2CO,"{0: 'C', 1: 'C', 2: 'O'}","[(0, 1, 2), (1, 2, 2)]","[2, 0, 0]",True,True,STOP
300,sampled,2667,"[2, 2, 1]","[2, 3, 0]",C2H3,"{0: 'C', 1: 'C'}","[(0, 1, 2)]","[2, 1]",True,False,STOP
300,sampled,2668,"[2, 2, 1]","[2, 1, 0]",C2H,"{0: 'C', 1: 'C'}","[(0, 1, 3)]","[0, 1]",True,False,STOP
300,sampled,2669,"[2, 2, 1]","[2, 3, 0]",C2H3,"{0: 'C', 1: 'C'}","[(0, 1, 2)]","[1, 2]",True,False,STOP
300,sampled,2670,"[2, 2, 1]","[2, 2, 1]",CH2CO,"{0: 'C', 1: 'C', 2: 'O'}","[(0, 1, 2), (1, 2, 2)]","[2, 0, 0]",True,True,STOP
300,sampled,2671,"[2, 2, 1]","[2, 2, 1]",CH2CO,"{0: 'C', 1: 'C', 2: 'O'}","[(0, 1, 2), (1, 2, 2)]","[2, 0, 0]",True,True,STOP
300,sampled,2672,"[2, 2, 1]","[1, 3, 1]",CH3O,"{0: 'C', 1: 'O'}","[(0, 1, 1)]","[3, 0]",True,False,STOP
300,sampled,2673,"[2, 2, 1]","[2, 3, 1]",CH3CO,"{0: 'C', 1: 'C', 2: 'O'}","[(0, 1, 1), (0, 2, 2)]","[0, 3, 0]",True,False,STOP
300,sampled,2674,"[2, 2, 1]","[2, 1, 1]",HCCO,"{0: 'C', 1: 'C', 2: 'O'}","[(0, 1, 2), (0, 2, 2)]","[0, 1, 0]",True,False,STOP
300,sampled,2675,"[2, 2, 1]","[2, 2, 1]",CH2CO,"{0: 'C', 1: 'C', 2: 'O'}","[(0, 1, 2), (0, 2, 2)]","[0, 2, 0]",True,True,STOP
300,sampled,2676,"[2, 2, 1]","[2, 2, 1]",CH2CO,"{0: 'C', 1: 'C', 2: 'O'}","[(0, 1, 2), (0, 2, 2)]","[0, 2, 0]",True,True,STOP
300,sampled,2677,"[2, 2, 1]","[2, 1, 0]",C2H,"{0: 'C', 1: 'C'}","[(0, 1, 3)]","[1, 0]",True,False,STOP
300,sampled,2678,"[2, 2, 1]","[2, 2, 1]",CH2CO,"{0: 'C', 1: 'C', 2: 'O'}","[(0, 1, 2), (0, 2, 2)]","[0, 2, 0]",True,True,STOP
300,sampled,2679,"[2, 2, 1]","[2, 1, 0]",C2H,"{0: 'C', 1: 'C'}","[(0, 1, 3)]","[1, 0]",True,False,STOP
300,sampled,2680,"[2, 2, 1]","[2, 2, 1]",CH2CO,"{0: 'C', 1: 'C', 2: 'O'}","[(0, 1, 2), (0, 2, 2)]","[0, 2, 0]",True,True,STOP
300,sampled,2681,"[2, 2, 1]","[2, 2, 1]",CH2CO,"{0: 'C', 1: 'C', 2: 'O'}","[(0, 1, 2), (0, 2, 2)]","[0, 2, 0]",True,True,STOP
300,sampled,2682,"[2, 2, 1]","[2, 2, 1]",CH2CO,"{0: 'C', 1: 'C', 2: 'O'}","[(0, 1, 2), (1, 2, 2)]","[2, 0, 0]",True,True,STOP
300,sampled,2683,"[2, 2, 1]","[2, 2, 1]",CH2CO,"{0: 'O', 1: 'C', 2: 'C'}","[(0, 1, 2), (1, 2, 2)]","[0, 0, 2]",True,True,STOP
300,sampled,2684,"[2, 2, 1]","[2, 3, 1]",CH3CO,"{0: 'C', 1: 'C', 2: 'O'}","[(0, 1, 1), (1, 2, 2)]","[3, 0, 0]",True,False,STOP
300,sampled,2685,"[2, 2, 1]","[2, 2, 0]",C2H2,"{0: 'C', 1: 'C'}","[(0, 1, 3)]","[1, 1]",True,False,STOP
300,sampled,2686,"[2, 2, 1]","[1, 3, 1]",CH3O,"{0: 'C', 1: 'O'}","[(0, 1, 1)]","[3, 0]",True,False,STOP
300,sampled,2687,"[2, 2, 1]","[2, 2, 1]",CH2CO,"{0: 'C', 1: 'C', 2: 'O'}","[(0, 1, 2), (1, 2, 2)]","[2, 0, 0]",True,True,STOP
300,sampled,2688,"[2, 2, 1]","[2, 2, 0]",C2H2,"{0: 'C', 1: 'C'}","[(0, 1, 3)]","[1, 1]",True,False,STOP
300,sampled,2689,"[2, 2, 1]","[2, 2, 1]",CH2CO,"{0: 'C', 1: 'C', 2: 'O'}","[(0, 1, 2), (0, 2, 2)]","[0, 2, 0]",True,True,STOP
300,sampled,2690,"[2, 2, 1]","[2, 2, 1]",CH2CO,"{0: 'O', 1: 'C', 2: 'C'}","[(0, 1, 2), (1, 2, 2)]","[0, 0, 2]",True,True,STOP
300,sampled,2691,"[2, 2, 1]","[2, 2, 0]",C2H2,"{0: 'C', 1: 'C'}","[(0, 1, 3)]","[1, 1]",True,False,STOP
300,sampled,2692,"[2, 2, 1]","[2, 2, 1]",CH2CO,"{0: 'C', 1: 'C', 2: 'O'}","[(0, 1, 2), (1, 2, 2)]","[2, 0, 0]",True,True,STOP
300,sampled,2693,"[2, 2, 1]","[2, 2, 1]",CH2CO,"{0: 'C', 1: 'C', 2: 'O'}","[(0, 1, 2), (1, 2, 2)]","[2, 0, 0]",True,True,STOP
300,sampled,2694,"[2, 2, 1]","[2, 3, 1]",CH2CHO,"{0: 'C', 1: 'O', 2: 'C'}","[(0, 1, 2), (0, 2, 1)]","[1, 0, 2]",True,False,STOP
300,sampled,2695,"[2, 2, 1]","[2, 3, 1]",CH2CHO,"{0: 'C', 1: 'C', 2: 'O'}","[(0, 1, 1), (1, 2, 2)]","[2, 1, 0]",True,False,STOP
300,sampled,2696,"[2, 2, 1]","[2, 2, 1]",CH2CO,"{0: 'C', 1: 'C', 2: 'O'}","[(0, 1, 2), (0, 2, 2)]","[0, 2, 0]",True,True,STOP
300,sampled,2697,"[2, 2, 1]","[2, 3, 1]",CH3CO,"{0: 'C', 1: 'C', 2: 'O'}","[(0, 1, 1), (0, 2, 2)]","[0, 3, 0]",True,False,STOP
300,sampled,2698,"[2, 2, 1]","[2, 2, 1]",CH2CO,"{0: 'C', 1: 'C', 2: 'O'}","[(0, 1, 2), (0, 2, 2)]","[0, 2, 0]",True,True,STOP
300,sampled,2699,"[2, 2, 1]","[1, 3, 1]",CH2OH,"{0: 'C', 1: 'O'}","[(0, 1, 1)]","[2, 1]",True,False,STOP
300,sampled,2700,"[2, 2, 1]","[2, 2, 1]",CH2CO,"{0: 'C', 1: 'C', 2: 'O'}","[(0, 1, 2), (0, 2, 2)]","[0, 2, 0]",True,True,STOP
300,sampled,2701,"[2, 3, 1]","[2, 3, 0]",C2H3,"{0: 'C', 1: 'C'}","[(0, 1, 2)]","[1, 2]",True,False,STOP
300,sampled,2702,"[2, 3, 1]","[2, 3, 0]",C2H3,"{0: 'C', 1: 'C'}","[(0, 1, 2)]","[1, 2]",True,False,STOP
300,sampled,2703,"[2, 3, 1]","[2, 3, 0]",C2H3,"{0: 'C', 1: 'C'}","[(0, 1, 2)]","[2, 1]",True,False,STOP
300,sampled,2704,"[2, 3, 1]","[1, 3, 0]",CH3,{0: 'C'},[],[3],True,False,STOP
300,sampled,2705,"[2, 3, 1]","[2, 3, 1]",CH3CO,"{0: 'C', 1: 'C', 2: 'O'}","[(0, 1, 1), (1, 2, 2)]","[3, 0, 0]",True,True,STOP
300,sampled,2706,"[2, 3, 1]","[2, 3, 1]",CH3CO,"{0: 'C', 1: 'C', 2: 'O'}","[(0, 1, 1), (0, 2, 2)]","[0, 3, 0]",True,True,STOP
300,sampled,2707,"[2, 3, 1]","[2, 3, 0]",C2H3,"{0: 'C', 1: 'C'}","[(0, 1, 2)]","[2, 1]",True,False,STOP
300,sampled,2708,"[2, 3, 1]","[2, 3, 1]",CH3CO,"{0: 'C', 1: 'C', 2: 'O'}","[(0, 1, 1), (1, 2, 2)]","[3, 0, 0]",True,True,STOP
300,sampled,2709,"[2, 3, 1]","[2, 3, 1]",CH3CO,"{0: 'C', 1: 'C', 2: 'O'}","[(0, 1, 1), (0, 2, 2)]","[0, 3, 0]",True,True,STOP
300,sampled,2710,"[2, 3, 1]","[2, 3, 1]",CH3CO,"{0: 'C', 1: 'C', 2: 'O'}","[(0, 1, 1), (1, 2, 2)]","[3, 0, 0]",True,True,STOP
300,sampled,2711,"[2, 3, 1]","[2, 3, 0]",C2H3,"{0: 'C', 1: 'C'}","[(0, 1, 2)]","[2, 1]",True,False,STOP
300,sampled,2712,"[2, 3, 1]","[2, 2, 1]",CH2CO,"{0: 'O', 1: 'C', 2: 'C'}","[(0, 1, 2), (1, 2, 2)]","[0, 0, 2]",True,False,STOP
300,sampled,2713,"[2, 3, 1]","[2, 3, 0]",C2H3,"{0: 'C', 1: 'C'}","[(0, 1, 2)]","[2, 1]",True,False,STOP
300,sampled,2714,"[2, 3, 1]","[2, 3, 1]",CH3CO,"{0: 'C', 1: 'C', 2: 'O'}","[(0, 1, 1), (0, 2, 2)]","[0, 3, 0]",True,True,STOP
300,sampled,2715,"[2, 3, 1]","[2, 4, 0]",Unknown,"{0: 'C', 1: 'C'}","[(0, 1, 1)]","[2, 2]",False,False,STOP
300,sampled,2716,"[2, 3, 1]","[2, 3, 1]",CH2CHO,"{0: 'C', 1: 'C', 2: 'O'}","[(0, 1, 1), (1, 2, 2)]","[2, 1, 0]",True,True,STOP
300,sampled,2717,"[2, 3, 1]","[2, 3, 1]",CH3CO,"{0: 'C', 1: 'C', 2: 'O'}","[(0, 1, 1), (1, 2, 2)]","[3, 0, 0]",True,True,STOP
300,sampled,2718,"[2, 3, 1]","[2, 3, 1]",CH3CO,"{0: 'C', 1: 'C', 2: 'O'}","[(0, 1, 1), (1, 2, 2)]","[3, 0, 0]",True,True,STOP
300,sampled,2719,"[2, 3, 1]","[2, 3, 1]",CH3CO,"{0: 'C', 1: 'C', 2: 'O'}","[(0, 1, 1), (1, 2, 2)]","[3, 0, 0]",True,True,STOP
300,sampled,2720,"[2, 3, 1]","[2, 3, 1]",CH2CHO,"{0: 'C', 1: 'C', 2: 'O'}","[(0, 1, 1), (1, 2, 2)]","[2, 1, 0]",True,True,STOP
300,sampled,2721,"[2, 3, 1]","[2, 2, 0]",C2H2,"{0: 'C', 1: 'C'}","[(0, 1, 3)]","[1, 1]",True,False,STOP
300,sampled,2722,"[2, 3, 1]","[2, 3, 0]",C2H3,"{0: 'C', 1: 'C'}","[(0, 1, 2)]","[2, 1]",True,False,STOP
300,sampled,2723,"[2, 3, 1]","[2, 3, 1]",CH2CHO,"{0: 'C', 1: 'C', 2: 'O'}","[(0, 1, 1), (1, 2, 2)]","[2, 1, 0]",True,True,STOP
300,sampled,2724,"[2, 3, 1]","[2, 3, 1]",CH2CHO,"{0: 'C', 1: 'C', 2: 'O'}","[(0, 1, 1), (1, 2, 2)]","[2, 1, 0]",True,True,STOP
300,sampled,2725,"[2, 3, 1]","[2, 2, 1]",CH2CO,"{0: 'C', 1: 'C', 2: 'O'}","[(0, 1, 2), (1, 2, 2)]","[2, 0, 0]",True,False,STOP
300,sampled,2726,"[2, 3, 1]","[2, 3, 0]",C2H3,"{0: 'C', 1: 'C'}","[(0, 1, 2)]","[2, 1]",True,False,STOP
300,sampled,2727,"[2, 3, 1]","[2, 3, 1]",CH3CO,"{0: 'C', 1: 'C', 2: 'O'}","[(0, 1, 1), (1, 2, 2)]","[3, 0, 0]",True,True,STOP
300,sampled,2728,"[2, 3, 1]","[2, 3, 1]",CH2CHO,"{0: 'C', 1: 'C', 2: 'O'}","[(0, 1, 1), (0, 2, 2)]","[1, 2, 0]",True,True,STOP
300,sampled,2729,"[2, 3, 1]","[2, 3, 1]",CH2CHO,"{0: 'C', 1: 'C', 2: 'O'}","[(0, 1, 1), (0, 2, 2)]","[1, 2, 0]",True,True,STOP
300,sampled,2730,"[2, 3, 1]","[2, 3, 1]",CH3CO,"{0: 'C', 1: 'C', 2: 'O'}","[(0, 1, 1), (0, 2, 2)]","[0, 3, 0]",True,True,STOP
300,sampled,2731,"[2, 3, 1]","[1, 4, 1]",CH3OH,"{0: 'C', 1: 'O'}","[(0, 1, 1)]","[3, 1]",True,False,STOP
300,sampled,2732,"[2, 3, 1]","[1, 4, 1]",CH3OH,"{0: 'C', 1: 'O'}","[(0, 1, 1)]","[3, 1]",True,False,STOP
300,sampled,2733,"[2, 3, 1]","[1, 4, 1]",CH3OH,"{0: 'C', 1: 'O'}","[(0, 1, 1)]","[3, 1]",True,False,STOP
300,sampled,2734,"[2, 3, 1]","[2, 3, 1]",CH3CO,"{0: 'C', 1: 'C', 2: 'O'}","[(0, 1, 1), (0, 2, 2)]","[0, 3, 0]",True,True,STOP
300,sampled,2735,"[2, 3, 1]","[1, 3, 1]",CH3O,"{0: 'C', 1: 'O'}","[(0, 1, 1)]","[3, 0]",True,False,STOP
300,sampled,2736,"[2, 3, 1]","[2, 3, 0]",C2H3,"{0: 'C', 1: 'C'}","[(0, 1, 2)]","[2, 1]",True,False,STOP
300,sampled,2737,"[2, 3, 1]","[2, 2, 1]",CH2CO,"{0: 'C', 1: 'C', 2: 'O'}","[(0, 1, 2), (0, 2, 2)]","[0, 2, 0]",True,False,STOP
300,sampled,2738,"[2, 3, 1]","[2, 3, 1]",CH2CHO,"{0: 'O', 1: 'C', 2: 'C'}","[(0, 1, 2), (1, 2, 1)]","[0, 1, 2]",True,True,STOP
300,sampled,2739,"[2, 3, 1]","[1, 3, 1]",CH2OH,"{0: 'C', 1: 'O'}","[(0, 1, 1)]","[2, 1]",True,False,STOP
300,sampled,2740,"[2, 3, 1]","[2, 3, 0]",C2H3,"{0: 'C', 1: 'C'}","[(0, 1, 2)]","[1, 2]",True,False,STOP
300,sampled,2741,"[2, 3, 1]","[1, 3, 1]",CH2OH,"{0: 'C', 1: 'O'}","[(0, 1, 1)]","[2, 1]",True,False,STOP
300,sampled,2742,"[2, 3, 1]","[2, 3, 1]",CH3CO,"{0: 'C', 1: 'C', 2: 'O'}","[(0, 1, 1), (0, 2, 2)]","[0, 3, 0]",True,True,STOP
300,sampled,2743,"[2, 3, 1]","[2, 3, 1]",CH2CHO,"{0: 'C', 1: 'C', 2: 'O'}","[(0, 1, 1), (0, 2, 2)]","[1, 2, 0]",True,True,STOP
300,sampled,2744,"[2, 3, 1]","[2, 3, 1]",CH3CO,"{0: 'C', 1: 'C', 2: 'O'}","[(0, 1, 1), (1, 2, 2)]","[3, 0, 0]",True,True,STOP
300,sampled,2745,"[2, 3, 1]","[2, 2, 1]",CH2CO,"{0: 'C', 1: 'C', 2: 'O'}","[(0, 1, 2), (1, 2, 2)]","[2, 0, 0]",True,False,STOP
300,sampled,2746,"[2, 3, 1]","[2, 2, 1]",CH2CO,"{0: 'C', 1: 'C', 2: 'O'}","[(0, 1, 2), (1, 2, 2)]","[2, 0, 0]",True,False,STOP
300,sampled,2747,"[2, 3, 1]","[2, 3, 0]",C2H3,"{0: 'C', 1: 'C'}","[(0, 1, 2)]","[2, 1]",True,False,STOP
300,sampled,2748,"[2, 3, 1]","[2, 3, 1]",CH2CHO,"{0: 'C', 1: 'C', 2: 'O'}","[(0, 1, 1), (1, 2, 2)]","[2, 1, 0]",True,True,STOP
300,sampled,2749,"[2, 3, 1]","[1, 3, 2]",CH3O2,"{0: 'C', 1: 'O', 2: 'O'}","[(0, 1, 1), (1, 2, 1)]","[3, 0, 0]",True,False,STOP
300,sampled,2750,"[2, 3, 1]","[2, 3, 1]",CH2CHO,"{0: 'C', 1: 'C', 2: 'O'}","[(0, 1, 1), (0, 2, 2)]","[1, 2, 0]",True,True,STOP
300,sampled,2751,"[2, 3, 1]","[2, 3, 0]",C2H3,"{0: 'C', 1: 'C'}","[(0, 1, 2)]","[2, 1]",True,False,STOP
300,sampled,2752,"[2, 3, 1]","[2, 3, 1]",CH2CHO,"{0: 'C', 1: 'C', 2: 'O'}","[(0, 1, 1), (0, 2, 2)]","[1, 2, 0]",True,True,STOP
300,sampled,2753,"[2, 3, 1]","[1, 4, 1]",CH3OH,"{0: 'C', 1: 'O'}","[(0, 1, 1)]","[3, 1]",True,False,STOP
300,sampled,2754,"[2, 3, 1]","[2, 3, 0]",C2H3,"{0: 'C', 1: 'C'}","[(0, 1, 2)]","[2, 1]",True,False,STOP
300,sampled,2755,"[2, 3, 1]","[2, 2, 1]",CH2CO,"{0: 'C', 1: 'C', 2: 'O'}","[(0, 1, 2), (1, 2, 2)]","[2, 0, 0]",True,False,STOP
300,sampled,2756,"[2, 3, 1]","[2, 2, 0]",C2H2,"{0: 'C', 1: 'C'}","[(0, 1, 3)]","[1, 1]",True,False,STOP
300,sampled,2757,"[2, 3, 1]","[1, 3, 1]",CH3O,"{0: 'C', 1: 'O'}","[(0, 1, 1)]","[3, 0]",True,False,STOP
300,sampled,2758,"[2, 3, 1]","[2, 3, 0]",C2H3,"{0: 'C', 1: 'C'}","[(0, 1, 2)]","[1, 2]",True,False,STOP
300,sampled,2759,"[2, 3, 1]","[2, 3, 0]",C2H3,"{0: 'C', 1: 'C'}","[(0, 1, 2)]","[2, 1]",True,False,STOP
300,sampled,2760,"[2, 3, 1]","[2, 3, 0]",C2H3,"{0: 'C', 1: 'C'}","[(0, 1, 2)]","[2, 1]",True,False,STOP
300,sampled,2761,"[2, 3, 1]","[2, 3, 1]",CH2CHO,"{0: 'C', 1: 'C', 2: 'O'}","[(0, 1, 1), (1, 2, 2)]","[2, 1, 0]",True,True,STOP
300,sampled,2762,"[2, 3, 1]","[2, 3, 0]",C2H3,"{0: 'C', 1: 'C'}","[(0, 1, 2)]","[2, 1]",True,False,STOP
300,sampled,2763,"[2, 3, 1]","[2, 3, 1]",CH3CO,"{0: 'C', 1: 'C', 2: 'O'}","[(0, 1, 1), (1, 2, 2)]","[3, 0, 0]",True,True,STOP
300,sampled,2764,"[2, 3, 1]","[2, 4, 0]",C2H4,"{0: 'C', 1: 'C'}","[(0, 1, 2)]","[2, 2]",True,False,STOP
300,sampled,2765,"[2, 3, 1]","[2, 2, 1]",CH2CO,"{0: 'C', 1: 'C', 2: 'O'}","[(0, 1, 2), (1, 2, 2)]","[2, 0, 0]",True,False,STOP
300,sampled,2766,"[2, 3, 1]","[1, 4, 1]",CH3OH,"{0: 'C', 1: 'O'}","[(0, 1, 1)]","[3, 1]",True,False,STOP
300,sampled,2767,"[2, 3, 1]","[2, 3, 1]",CH2CHO,"{0: 'C', 1: 'C', 2: 'O'}","[(0, 1, 1), (1, 2, 2)]","[2, 1, 0]",True,True,STOP
300,sampled,2768,"[2, 3, 1]","[2, 3, 1]",CH2CHO,"{0: 'C', 1: 'C', 2: 'O'}","[(0, 1, 1), (1, 2, 2)]","[2, 1, 0]",True,True,STOP
300,sampled,2769,"[2, 3, 1]","[2, 3, 1]",CH3CO,"{0: 'C', 1: 'C', 2: 'O'}","[(0, 1, 1), (1, 2, 2)]","[3, 0, 0]",True,True,STOP
300,sampled,2770,"[2, 3, 1]","[2, 3, 1]",CH3CO,"{0: 'C', 1: 'C', 2: 'O'}","[(0, 1, 1), (1, 2, 2)]","[3, 0, 0]",True,True,STOP
300,sampled,2771,"[2, 3, 1]","[2, 3, 1]",CH2CHO,"{0: 'C', 1: 'C', 2: 'O'}","[(0, 1, 1), (0, 2, 2)]","[1, 2, 0]",True,True,STOP
300,sampled,2772,"[2, 3, 1]","[2, 3, 1]",CH2CHO,"{0: 'C', 1: 'C', 2: 'O'}","[(0, 1, 1), (0, 2, 2)]","[1, 2, 0]",True,True,STOP
300,sampled,2773,"[2, 3, 1]","[2, 2, 0]",C2H2,"{0: 'C', 1: 'C'}","[(0, 1, 3)]","[1, 1]",True,False,STOP
300,sampled,2774,"[2, 3, 1]","[2, 3, 1]",CH3CO,"{0: 'C', 1: 'C', 2: 'O'}","[(0, 1, 1), (0, 2, 2)]","[0, 3, 0]",True,True,STOP
300,sampled,2775,"[2, 3, 1]","[2, 2, 1]",CH2CO,"{0: 'C', 1: 'C', 2: 'O'}","[(0, 1, 2), (1, 2, 2)]","[2, 0, 0]",True,False,STOP
300,sampled,2776,"[2, 3, 1]","[2, 4, 1]",CH3CHO,"{0: 'C', 1: 'C', 2: 'O'}","[(0, 1, 1), (1, 2, 2)]","[3, 1, 0]",True,False,STOP
300,sampled,2777,"[2, 3, 1]","[2, 3, 1]",CH2CHO,"{0: 'C', 1: 'C', 2: 'O'}","[(0, 1, 1), (1, 2, 2)]","[2, 1, 0]",True,True,STOP
300,sampled,2778,"[2, 3, 1]","[2, 2, 1]",CH2CO,"{0: 'C', 1: 'C', 2: 'O'}","[(0, 1, 2), (1, 2, 2)]","[2, 0, 0]",True,False,STOP
300,sampled,2779,"[2, 3, 1]","[2, 2, 1]",CH2CO,"{0: 'C', 1: 'C', 2: 'O'}","[(0, 1, 2), (1, 2, 2)]","[2, 0, 0]",True,False,STOP
300,sampled,2780,"[2, 3, 1]","[2, 3, 0]",C2H3,"{0: 'C', 1: 'C'}","[(0, 1, 2)]","[2, 1]",True,False,STOP
300,sampled,2781,"[2, 3, 1]","[2, 3, 0]",C2H3,"{0: 'C', 1: 'C'}","[(0, 1, 2)]","[2, 1]",True,False,STOP
300,sampled,2782,"[2, 3, 1]","[2, 3, 1]",CH2CHO,"{0: 'C', 1: 'C', 2: 'O'}","[(0, 1, 1), (0, 2, 2)]","[1, 2, 0]",True,True,STOP
300,sampled,2783,"[2, 3, 1]","[2, 3, 0]",C2H3,"{0: 'C', 1: 'C'}","[(0, 1, 2)]","[2, 1]",True,False,STOP
300,sampled,2784,"[2, 3, 1]","[2, 3, 1]",CH2CHO,"{0: 'C', 1: 'C', 2: 'O'}","[(0, 1, 1), (0, 2, 2)]","[1, 2, 0]",True,True,STOP
300,sampled,2785,"[2, 3, 1]","[2, 3, 1]",CH3CO,"{0: 'C', 1: 'C', 2: 'O'}","[(0, 1, 1), (0, 2, 2)]","[0, 3, 0]",True,True,STOP
300,sampled,2786,"[2, 3, 1]","[2, 3, 0]",C2H3,"{0: 'C', 1: 'C'}","[(0, 1, 2)]","[1, 2]",True,False,STOP
300,sampled,2787,"[2, 3, 1]","[2, 4, 1]",CH3CHO,"{0: 'C', 1: 'C', 2: 'O'}","[(0, 1, 1), (1, 2, 2)]","[3, 1, 0]",True,False,STOP
300,sampled,2788,"[2, 3, 1]","[2, 2, 1]",CH2CO,"{0: 'C', 1: 'C', 2: 'O'}","[(0, 1, 2), (1, 2, 2)]","[2, 0, 0]",True,False,STOP
300,sampled,2789,"[2, 3, 1]","[2, 3, 0]",C2H3,"{0: 'C', 1: 'C'}","[(0, 1, 2)]","[2, 1]",True,False,STOP
300,sampled,2790,"[2, 3, 1]","[2, 3, 0]",C2H3,"{0: 'C', 1: 'C'}","[(0, 1, 2)]","[2, 1]",True,False,STOP
300,sampled,2791,"[2, 3, 1]","[2, 3, 1]",CH2CHO,"{0: 'C', 1: 'C', 2: 'O'}","[(0, 1, 1), (1, 2, 2)]","[2, 1, 0]",True,True,STOP
300,sampled,2792,"[2, 3, 1]","[2, 2, 1]",CH2CO,"{0: 'C', 1: 'C', 2: 'O'}","[(0, 1, 2), (1, 2, 2)]","[2, 0, 0]",True,False,STOP
300,sampled,2793,"[2, 3, 1]","[2, 2, 1]",CH2CO,"{0: 'C', 1: 'C', 2: 'O'}","[(0, 1, 2), (1, 2, 2)]","[2, 0, 0]",True,False,STOP
300,sampled,2794,"[2, 3, 1]","[2, 3, 1]",CH2CHO,"{0: 'C', 1: 'C', 2: 'O'}","[(0, 1, 1), (0, 2, 2)]","[1, 2, 0]",True,True,STOP
300,sampled,2795,"[2, 3, 1]","[2, 3, 1]",CH3CO,"{0: 'C', 1: 'C', 2: 'O'}","[(0, 1, 1), (1, 2, 2)]","[3, 0, 0]",True,True,STOP
300,sampled,2796,"[2, 3, 1]","[2, 3, 0]",C2H3,"{0: 'C', 1: 'C'}","[(0, 1, 2)]","[1, 2]",True,False,STOP
300,sampled,2797,"[2, 3, 1]","[2, 3, 0]",C2H3,"{0: 'C', 1: 'C'}","[(0, 1, 2)]","[2, 1]",True,False,STOP
300,sampled,2798,"[2, 3, 1]","[2, 3, 0]",C2H3,"{0: 'C', 1: 'C'}","[(0, 1, 2)]","[1, 2]",True,False,STOP
300,sampled,2799,"[2, 3, 1]","[1, 3, 1]",CH3O,"{0: 'C', 1: 'O'}","[(0, 1, 1)]","[3, 0]",True,False,STOP
300,sampled,2800,"[2, 3, 1]","[2, 2, 0]",C2H2,"{0: 'C', 1: 'C'}","[(0, 1, 3)]","[1, 1]",True,False,STOP
300,sampled,2801,"[2, 4, 1]","[2, 5, 0]",C2H5,"{0: 'C', 1: 'C'}","[(0, 1, 1)]","[2, 3]",True,False,STOP
300,sampled,2802,"[2, 4, 1]","[2, 5, 0]",C2H5,"{0: 'C', 1: 'C'}","[(0, 1, 1)]","[2, 3]",True,False,STOP
300,sampled,2803,"[2, 4, 1]","[2, 4, 0]",C2H4,"{0: 'C', 1: 'C'}","[(0, 1, 2)]","[2, 2]",True,False,STOP
300,sampled,2804,"[2, 4, 1]","[2, 4, 0]",C2H4,"{0: 'C', 1: 'C'}","[(0, 1, 2)]","[2, 2]",True,False,STOP
300,sampled,2805,"[2, 4, 1]","[2, 5, 0]",C2H5,"{0: 'C', 1: 'C'}","[(0, 1, 1)]","[3, 2]",True,False,STOP
300,sampled,2806,"[2, 4, 1]","[2, 4, 1]",CH3CHO,"{0: 'C', 1: 'C', 2: 'O'}","[(0, 1, 1), (0, 2, 2)]","[1, 3, 0]",True,True,STOP
300,sampled,2807,"[2, 4, 1]","[2, 4, 1]",CH3CHO,"{0: 'C', 1: 'C', 2: 'O'}","[(0, 1, 1), (0, 2, 2)]","[1, 3, 0]",True,True,STOP
300,sampled,2808,"[2, 4, 1]","[2, 4, 1]",CH3CHO,"{0: 'C', 1: 'C', 2: 'O'}","[(0, 1, 1), (1, 2, 2)]","[3, 1, 0]",True,True,STOP
300,sampled,2809,"[2, 4, 1]","[2, 4, 1]",CH3CHO,"{0: 'C', 1: 'C', 2: 'O'}","[(0, 1, 1), (1, 2, 2)]","[3, 1, 0]",True,True,STOP
300,sampled,2810,"[2, 4, 1]","[2, 4, 1]",CH3CHO,"{0: 'C', 1: 'C', 2: 'O'}","[(0, 1, 1), (0, 2, 2)]","[1, 3, 0]",True,True,STOP
300,sampled,2811,"[2, 4, 1]","[2, 5, 0]",C2H5,"{0: 'C', 1: 'C'}","[(0, 1, 1)]","[3, 2]",True,False,STOP
300,sampled,2812,"[2, 4, 1]","[2, 5, 0]",C2H5,"{0: 'C', 1: 'C'}","[(0, 1, 1)]","[3, 2]",True,False,STOP
300,sampled,2813,"[2, 4, 1]","[2, 3, 0]",C2H3,"{0: 'C', 1: 'C'}","[(0, 1, 2)]","[2, 1]",True,False,STOP
300,sampled,2814,"[2, 4, 1]","[2, 5, 0]",C2H5,"{0: 'C', 1: 'C'}","[(0, 1, 1)]","[3, 2]",True,False,STOP
300,sampled,2815,"[2, 4, 1]","[1, 4, 1]",CH3OH,"{0: 'C', 1: 'O'}","[(0, 1, 1)]","[3, 1]",True,False,STOP
300,sampled,2816,"[2, 4, 1]","[2, 4, 1]",CH3CHO,"{0: 'C', 1: 'C', 2: 'O'}","[(0, 1, 1), (1, 2, 2)]","[3, 1, 0]",True,True,STOP
300,sampled,2817,"[2, 4, 1]","[2, 4, 1]",CH3CHO,"{0: 'C', 1: 'C', 2: 'O'}","[(0, 1, 1), (1, 2, 2)]","[3, 1, 0]",True,True,STOP
300,sampled,2818,"[2, 4, 1]","[2, 4, 1]",CH3CHO,"{0: 'C', 1: 'C', 2: 'O'}","[(0, 1, 1), (1, 2, 2)]","[3, 1, 0]",True,True,STOP
300,sampled,2819,"[2, 4, 1]","[2, 5, 0]",C2H5,"{0: 'C', 1: 'C'}","[(0, 1, 1)]","[3, 2]",True,False,STOP
300,sampled,2820,"[2, 4, 1]","[2, 4, 1]",CH3CHO,"{0: 'C', 1: 'C', 2: 'O'}","[(0, 1, 1), (0, 2, 2)]","[1, 3, 0]",True,True,STOP
300,sampled,2821,"[2, 4, 1]","[2, 4, 1]",CH3CHO,"{0: 'C', 1: 'C', 2: 'O'}","[(0, 1, 1), (1, 2, 2)]","[3, 1, 0]",True,True,STOP
300,sampled,2822,"[2, 4, 1]","[2, 4, 1]",CH3CHO,"{0: 'C', 1: 'C', 2: 'O'}","[(0, 1, 1), (1, 2, 2)]","[3, 1, 0]",True,True,STOP
300,sampled,2823,"[2, 4, 1]","[2, 4, 0]",C2H4,"{0: 'C', 1: 'C'}","[(0, 1, 2)]","[2, 2]",True,False,STOP
300,sampled,2824,"[2, 4, 1]","[2, 5, 0]",C2H5,"{0: 'C', 1: 'C'}","[(0, 1, 1)]","[2, 3]",True,False,STOP
300,sampled,2825,"[2, 4, 1]","[2, 5, 0]",C2H5,"{0: 'C', 1: 'C'}","[(0, 1, 1)]","[2, 3]",True,False,STOP
300,sampled,2826,"[2, 4, 1]","[2, 4, 1]",CH3CHO,"{0: 'C', 1: 'C', 2: 'O'}","[(0, 1, 1), (1, 2, 2)]","[3, 1, 0]",True,True,STOP
300,sampled,2827,"[2, 4, 1]","[2, 5, 0]",C2H5,"{0: 'C', 1: 'C'}","[(0, 1, 1)]","[2, 3]",True,False,STOP
300,sampled,2828,"[2, 4, 1]","[2, 4, 0]",C2H4,"{0: 'C', 1: 'C'}","[(0, 1, 2)]","[2, 2]",True,False,STOP
300,sampled,2829,"[2, 4, 1]","[2, 4, 1]",CH3CHO,"{0: 'C', 1: 'C', 2: 'O'}","[(0, 1, 1), (1, 2, 2)]","[3, 1, 0]",True,True,STOP
300,sampled,2830,"[2, 4, 1]","[2, 2, 1]",CH2CO,"{0: 'C', 1: 'C', 2: 'O'}","[(0, 1, 2), (1, 2, 2)]","[2, 0, 0]",True,False,STOP
300,sampled,2831,"[2, 4, 1]","[2, 4, 1]",CH3CHO,"{0: 'C', 1: 'C', 2: 'O'}","[(0, 1, 1), (0, 2, 2)]","[1, 3, 0]",True,True,STOP
300,sampled,2832,"[2, 4, 1]","[2, 4, 1]",CH3CHO,"{0: 'C', 1: 'C', 2: 'O'}","[(0, 1, 1), (0, 2, 2)]","[1, 3, 0]",True,True,STOP
300,sampled,2833,"[2, 4, 1]","[2, 4, 1]",CH3CHO,"{0: 'C', 1: 'C', 2: 'O'}","[(0, 1, 1), (1, 2, 2)]","[3, 1, 0]",True,True,STOP
300,sampled,2834,"[2, 4, 1]","[2, 4, 1]",CH3CHO,"{0: 'C', 1: 'C', 2: 'O'}","[(0, 1, 1), (1, 2, 2)]","[3, 1, 0]",True,True,STOP
300,sampled,2835,"[2, 4, 1]","[2, 5, 0]",C2H5,"{0: 'C', 1: 'C'}","[(0, 1, 1)]","[3, 2]",True,False,STOP
300,sampled,2836,"[2, 4, 1]","[2, 4, 1]",CH3CHO,"{0: 'C', 1: 'C', 2: 'O'}","[(0, 1, 1), (1, 2, 2)]","[3, 1, 0]",True,True,STOP
300,sampled,2837,"[2, 4, 1]","[2, 4, 1]",CH3CHO,"{0: 'C', 1: 'C', 2: 'O'}","[(0, 1, 1), (0, 2, 2)]","[1, 3, 0]",True,True,STOP
300,sampled,2838,"[2, 4, 1]","[2, 5, 0]",C2H5,"{0: 'C', 1: 'C'}","[(0, 1, 1)]","[3, 2]",True,False,STOP
300,sampled,2839,"[2, 4, 1]","[1, 4, 1]",CH3OH,"{0: 'C', 1: 'O'}","[(0, 1, 1)]","[3, 1]",True,False,STOP
300,sampled,2840,"[2, 4, 1]","[2, 4, 1]",CH3CHO,"{0: 'C', 1: 'C', 2: 'O'}","[(0, 1, 1), (1, 2, 2)]","[3, 1, 0]",True,True,STOP
300,sampled,2841,"[2, 4, 1]","[2, 4, 1]",CH3CHO,"{0: 'C', 1: 'C', 2: 'O'}","[(0, 1, 1), (0, 2, 2)]","[1, 3, 0]",True,True,STOP
300,sampled,2842,"[2, 4, 1]","[2, 4, 1]",CH3CHO,"{0: 'C', 1: 'C', 2: 'O'}","[(0, 1, 1), (1, 2, 2)]","[3, 1, 0]",True,True,STOP
300,sampled,2843,"[2, 4, 1]","[1, 4, 1]",CH3OH,"{0: 'C', 1: 'O'}","[(0, 1, 1)]","[3, 1]",True,False,STOP
300,sampled,2844,"[2, 4, 1]","[2, 4, 1]",CH3CHO,"{0: 'C', 1: 'C', 2: 'O'}","[(0, 1, 1), (1, 2, 2)]","[3, 1, 0]",True,True,STOP
300,sampled,2845,"[2, 4, 1]","[2, 4, 0]",C2H4,"{0: 'C', 1: 'C'}","[(0, 1, 2)]","[2, 2]",True,False,STOP
300,sampled,2846,"[2, 4, 1]","[2, 5, 0]",C2H5,"{0: 'C', 1: 'C'}","[(0, 1, 1)]","[3, 2]",True,False,STOP
300,sampled,2847,"[2, 4, 1]","[2, 3, 0]",C2H3,"{0: 'C', 1: 'C'}","[(0, 1, 2)]","[2, 1]",True,False,STOP
300,sampled,2848,"[2, 4, 1]","[2, 4, 1]",CH3CHO,"{0: 'C', 1: 'C', 2: 'O'}","[(0, 1, 1), (1, 2, 2)]","[3, 1, 0]",True,True,STOP
300,sampled,2849,"[2, 4, 1]","[2, 4, 1]",CH3CHO,"{0: 'C', 1: 'C', 2: 'O'}","[(0, 1, 1), (0, 2, 2)]","[1, 3, 0]",True,True,STOP
300,sampled,2850,"[2, 4, 1]","[2, 4, 1]",CH3CHO,"{0: 'C', 1: 'C', 2: 'O'}","[(0, 1, 1), (1, 2, 2)]","[3, 1, 0]",True,True,STOP
300,sampled,2851,"[2, 4, 1]","[2, 4, 1]",CH3CHO,"{0: 'C', 1: 'C', 2: 'O'}","[(0, 1, 1), (1, 2, 2)]","[3, 1, 0]",True,True,STOP
300,sampled,2852,"[2, 4, 1]","[2, 4, 1]",CH3CHO,"{0: 'C', 1: 'C', 2: 'O'}","[(0, 1, 1), (1, 2, 2)]","[3, 1, 0]",True,True,STOP
300,sampled,2853,"[2, 4, 1]","[2, 4, 1]",CH3CHO,"{0: 'C', 1: 'C', 2: 'O'}","[(0, 1, 1), (0, 2, 2)]","[1, 3, 0]",True,True,STOP
300,sampled,2854,"[2, 4, 1]","[2, 5, 0]",C2H5,"{0: 'C', 1: 'C'}","[(0, 1, 1)]","[2, 3]",True,False,STOP
300,sampled,2855,"[2, 4, 1]","[2, 4, 1]",CH3CHO,"{0: 'C', 1: 'C', 2: 'O'}","[(0, 1, 1), (0, 2, 2)]","[1, 3, 0]",True,True,STOP
300,sampled,2856,"[2, 4, 1]","[2, 3, 1]",CH2CHO,"{0: 'C', 1: 'C', 2: 'O'}","[(0, 1, 1), (1, 2, 2)]","[2, 1, 0]",True,False,STOP
300,sampled,2857,"[2, 4, 1]","[2, 4, 1]",CH3CHO,"{0: 'C', 1: 'C', 2: 'O'}","[(0, 1, 1), (1, 2, 2)]","[3, 1, 0]",True,True,STOP
300,sampled,2858,"[2, 4, 1]","[2, 4, 1]",CH3CHO,"{0: 'C', 1: 'C', 2: 'O'}","[(0, 1, 1), (1, 2, 2)]","[3, 1, 0]",True,True,STOP
300,sampled,2859,"[2, 4, 1]","[2, 5, 0]",C2H5,"{0: 'C', 1: 'C'}","[(0, 1, 1)]","[2, 3]",True,False,STOP
300,sampled,2860,"[2, 4, 1]","[2, 4, 1]",CH3CHO,"{0: 'C', 1: 'C', 2: 'O'}","[(0, 1, 1), (1, 2, 2)]","[3, 1, 0]",True,True,STOP
300,sampled,2861,"[2, 4, 1]","[2, 3, 0]",C2H3,"{0: 'C', 1: 'C'}","[(0, 1, 2)]","[2, 1]",True,False,STOP
300,sampled,2862,"[2, 4, 1]","[2, 5, 0]",C2H5,"{0: 'C', 1: 'C'}","[(0, 1, 1)]","[3, 2]",True,False,STOP
300,sampled,2863,"[2, 4, 1]","[2, 5, 0]",C2H5,"{0: 'C', 1: 'C'}","[(0, 1, 1)]","[3, 2]",True,False,STOP
300,sampled,2864,"[2, 4, 1]","[2, 2, 0]",C2H2,"{0: 'C', 1: 'C'}","[(0, 1, 3)]","[1, 1]",True,False,STOP
300,sampled,2865,"[2, 4, 1]","[2, 5, 0]",C2H5,"{0: 'C', 1: 'C'}","[(0, 1, 1)]","[3, 2]",True,False,STOP
300,sampled,2866,"[2, 4, 1]","[2, 4, 1]",CH3CHO,"{0: 'C', 1: 'C', 2: 'O'}","[(0, 1, 1), (1, 2, 2)]","[3, 1, 0]",True,True,STOP
300,sampled,2867,"[2, 4, 1]","[2, 5, 0]",C2H5,"{0: 'C', 1: 'C'}","[(0, 1, 1)]","[3, 2]",True,False,STOP
300,sampled,2868,"[2, 4, 1]","[2, 5, 0]",C2H5,"{0: 'C', 1: 'C'}","[(0, 1, 1)]","[3, 2]",True,False,STOP
300,sampled,2869,"[2, 4, 1]","[2, 4, 1]",CH3CHO,"{0: 'C', 1: 'C', 2: 'O'}","[(0, 1, 1), (0, 2, 2)]","[1, 3, 0]",True,True,STOP
300,sampled,2870,"[2, 4, 1]","[2, 2, 0]",C2H2,"{0: 'C', 1: 'C'}","[(0, 1, 3)]","[1, 1]",True,False,STOP
300,sampled,2871,"[2, 4, 1]","[2, 5, 0]",C2H5,"{0: 'C', 1: 'C'}","[(0, 1, 1)]","[2, 3]",True,False,STOP
300,sampled,2872,"[2, 4, 1]","[2, 4, 1]",CH3CHO,"{0: 'C', 1: 'C', 2: 'O'}","[(0, 1, 1), (0, 2, 2)]","[1, 3, 0]",True,True,STOP
300,sampled,2873,"[2, 4, 1]","[2, 4, 0]",C2H4,"{0: 'C', 1: 'C'}","[(0, 1, 2)]","[2, 2]",True,False,STOP
300,sampled,2874,"[2, 4, 1]","[2, 4, 1]",CH3CHO,"{0: 'C', 1: 'C', 2: 'O'}","[(0, 1, 1), (1, 2, 2)]","[3, 1, 0]",True,True,STOP
300,sampled,2875,"[2, 4, 1]","[2, 4, 1]",CH3CHO,"{0: 'C', 1: 'C', 2: 'O'}","[(0, 1, 1), (0, 2, 2)]","[1, 3, 0]",True,True,STOP
300,sampled,2876,"[2, 4, 1]","[2, 4, 0]",C2H4,"{0: 'C', 1: 'C'}","[(0, 1, 2)]","[2, 2]",True,False,STOP
300,sampled,2877,"[2, 4, 1]","[2, 4, 0]",C2H4,"{0: 'C', 1: 'C'}","[(0, 1, 2)]","[2, 2]",True,False,STOP
300,sampled,2878,"[2, 4, 1]","[2, 4, 1]",CH3CHO,"{0: 'C', 1: 'C', 2: 'O'}","[(0, 1, 1), (1, 2, 2)]","[3, 1, 0]",True,True,STOP
300,sampled,2879,"[2, 4, 1]","[2, 4, 0]",C2H4,"{0: 'C', 1: 'C'}","[(0, 1, 2)]","[2, 2]",True,False,STOP
300,sampled,2880,"[2, 4, 1]","[2, 5, 0]",C2H5,"{0: 'C', 1: 'C'}","[(0, 1, 1)]","[2, 3]",True,False,STOP
300,sampled,2881,"[2, 4, 1]","[2, 4, 1]",CH3CHO,"{0: 'C', 1: 'C', 2: 'O'}","[(0, 1, 1), (1, 2, 2)]","[3, 1, 0]",True,True,STOP
300,sampled,2882,"[2, 4, 1]","[2, 4, 1]",CH3CHO,"{0: 'C', 1: 'C', 2: 'O'}","[(0, 1, 1), (1, 2, 2)]","[3, 1, 0]",True,True,STOP
300,sampled,2883,"[2, 4, 1]","[2, 4, 1]",CH3CHO,"{0: 'C', 1: 'C', 2: 'O'}","[(0, 1, 1), (1, 2, 2)]","[3, 1, 0]",True,True,STOP
300,sampled,2884,"[2, 4, 1]","[2, 5, 0]",C2H5,"{0: 'C', 1: 'C'}","[(0, 1, 1)]","[2, 3]",True,False,STOP
300,sampled,2885,"[2, 4, 1]","[2, 5, 0]",C2H5,"{0: 'C', 1: 'C'}","[(0, 1, 1)]","[2, 3]",True,False,STOP
300,sampled,2886,"[2, 4, 1]","[2, 4, 0]",C2H4,"{0: 'C', 1: 'C'}","[(0, 1, 2)]","[2, 2]",True,False,STOP
300,sampled,2887,"[2, 4, 1]","[2, 2, 0]",C2H2,"{0: 'C', 1: 'C'}","[(0, 1, 3)]","[1, 1]",True,False,STOP
300,sampled,2888,"[2, 4, 1]","[2, 4, 1]",CH3CHO,"{0: 'C', 1: 'C', 2: 'O'}","[(0, 1, 1), (0, 2, 2)]","[1, 3, 0]",True,True,STOP
300,sampled,2889,"[2, 4, 1]","[2, 3, 1]",CH2CHO,"{0: 'C', 1: 'C', 2: 'O'}","[(0, 1, 1), (0, 2, 2)]","[1, 2, 0]",True,False,STOP
300,sampled,2890,"[2, 4, 1]","[2, 5, 0]",C2H5,"{0: 'C', 1: 'C'}","[(0, 1, 1)]","[3, 2]",True,False,STOP
300,sampled,2891,"[2, 4, 1]","[2, 4, 1]",CH3CHO,"{0: 'C', 1: 'C', 2: 'O'}","[(0, 1, 1), (1, 2, 2)]","[3, 1, 0]",True,True,STOP
300,sampled,2892,"[2, 4, 1]","[2, 5, 0]",C2H5,"{0: 'C', 1: 'C'}","[(0, 1, 1)]","[2, 3]",True,False,STOP
300,sampled,2893,"[2, 4, 1]","[2, 4, 1]",CH3CHO,"{0: 'C', 1: 'C', 2: 'O'}","[(0, 1, 1), (1, 2, 2)]","[3, 1, 0]",True,True,STOP
300,sampled,2894,"[2, 4, 1]","[2, 5, 0]",C2H5,"{0: 'C', 1: 'C'}","[(0, 1, 1)]","[2, 3]",True,False,STOP
300,sampled,2895,"[2, 4, 1]","[2, 4, 1]",CH3CHO,"{0: 'C', 1: 'C', 2: 'O'}","[(0, 1, 1), (1, 2, 2)]","[3, 1, 0]",True,True,STOP
300,sampled,2896,"[2, 4, 1]","[2, 4, 1]",CH3CHO,"{0: 'C', 1: 'C', 2: 'O'}","[(0, 1, 1), (1, 2, 2)]","[3, 1, 0]",True,True,STOP
300,sampled,2897,"[2, 4, 1]","[2, 4, 1]",CH3CHO,"{0: 'C', 1: 'C', 2: 'O'}","[(0, 1, 1), (0, 2, 2)]","[1, 3, 0]",True,True,STOP
300,sampled,2898,"[2, 4, 1]","[2, 4, 0]",C2H4,"{0: 'C', 1: 'C'}","[(0, 1, 2)]","[2, 2]",True,False,STOP
300,sampled,2899,"[2, 4, 1]","[2, 5, 0]",C2H5,"{0: 'C', 1: 'C'}","[(0, 1, 1)]","[3, 2]",True,False,STOP
300,sampled,2900,"[2, 4, 1]","[1, 4, 1]",CH3OH,"{0: 'C', 1: 'O'}","[(0, 1, 1)]","[3, 1]",True,False,STOP
