{
  "A": 4.30724213746941,
  "E_ref": 1625.236758085714,
  "k": 698.3654456583795,
  "objective_value": 0.1837916055221482,
  "positive_loss": 0.09167204203318956,
  "pseudo_negative_loss": 0.17685277686545836,
  "regularization_loss": 0.003693175056229492,
  "mean_positive_log_score": -0.3281665932914208,
  "mean_pseudo_negative_log_score": -0.9322059677990121,
  "mean_positive_survival": 0.7357379882701787,
  "mean_pseudo_negative_survival": 0.40663368431062763,
  "score_gap": 0.6040393745075914,
  "positive_survival_quantiles": {
    "q05": 0.5060005247596099,
    "q25": 0.606979936819465,
    "q50": 0.7516666187135606,
    "q75": 0.8651775791674656,
    "q95": 0.9566052460968004
  },
  "pseudo_negative_survival_quantiles": {
    "q05": 0.2680542601958523,
    "q25": 0.332642711077032,
    "q50": 0.3812852553039889,
    "q75": 0.45978439901561274,
    "q95": 0.6276182396274859
  },
  "positive_sample_count": 267,
  "pseudo_negative_sample_count": 569,
  "positive_objective_count": 258,
  "pseudo_negative_objective_count": 564,
  "ignored_positive_count": 9,
  "ignored_pseudo_negative_count": 5,
  "bond_types": [
    "C#C",
    "C-C",
    "C-O",
    "C=C",
    "C=O"
  ],
  "bde_by_bond": {
    "C#C": 835.0,
    "C-C": 346.0,
    "C-O": 358.0,
    "C=C": 602.0,
    "C=O": 732.0
  },
  "arrhenius_by_bond": {
    "C#C": 2.5767438423804148,
    "C-C": 3.48129992214135,
    "C-O": 3.45569026752261,
    "C=C": 2.9739476725983516,
    "C=O": 2.745331704015841
  },
  "p_break_by_bond": {
    "C#C": 0.018487522441186875,
    "C-C": 0.04447037185745278,
    "C-O": 0.04339475390319955,
    "C=C": 0.027257389563690455,
    "C=O": 0.021808389788786887
  },
  "probability_spread": 0.025982849416265903,
  "weakly_identifiable": false,
  "parameter_at_boundary": false,
  "search_settings": {
    "parameter_bounds": {
      "A": [
        1.0,
        100.0
      ],
      "E_ref": [
        50.0,
        10000.0
      ],
      "k": [
        10.0,
        1000000.0
      ]
    },
    "reference_parameters": {
      "A": 10.0,
      "E_ref": 300.0,
      "k": 1000.0
    },
    "regularization_weights": {
      "log_A": 0.001,
      "log_E_ref": 0.001,
      "log_k": 0.001
    },
    "positive_weight": 1.0,
    "pseudo_negative_weight": 0.5,
    "individual_loss": "squared_probability_error",
    "random_seed": 20260713,
    "random_trials": 20000,
    "keep_best_random": 20,
    "local_starts": 20,
    "local_max_iterations": 1000,
    "local_tolerance": 1e-12,
    "refinement_space": "log",
    "number_of_parameter_sets": 5,
    "probability_epsilon": 1e-12,
    "identifiability_tolerance": 1e-06,
    "animation": {
      "enabled": true,
      "filename": "parameter_search_animation.mp4",
      "fps": 10,
      "dpi": 100,
      "space_frames": 12,
      "population_frames": 18,
      "selection_frames": 18,
      "trajectory_frames": 60,
      "hold_frames": 12
    },
    "selected_set_rank": 3
  }
}
