{
  "A": 4.307242008164214,
  "E_ref": 1625.2368891374676,
  "k": 698.3654199129276,
  "objective_value": 0.1837916055221482,
  "positive_loss": 0.09167204118800264,
  "pseudo_negative_loss": 0.17685277785677314,
  "regularization_loss": 0.0036931754057590157,
  "mean_positive_log_score": -0.32816659152611927,
  "mean_pseudo_negative_log_score": -0.93220596388527,
  "mean_positive_survival": 0.7357379893029555,
  "mean_pseudo_negative_survival": 0.4066336856815032,
  "score_gap": 0.6040393723591507,
  "positive_survival_quantiles": {
    "q05": 0.5060005273634994,
    "q25": 0.6069799390919192,
    "q50": 0.7516666188560227,
    "q75": 0.8651775781564804,
    "q95": 0.9566052463249438
  },
  "pseudo_negative_survival_quantiles": {
    "q05": 0.26805426275867095,
    "q25": 0.33264271307066573,
    "q50": 0.38128525619244075,
    "q75": 0.45978439965812695,
    "q95": 0.6276182387435707
  },
  "positive_sample_count": 267,
  "pseudo_negative_sample_count": 569,
  "positive_objective_count": 258,
  "pseudo_negative_objective_count": 564,
  "ignored_positive_count": 9,
  "ignored_pseudo_negative_count": 5,
  "bond_types": [
    "C#C",
    "C-C",
    "C-O",
    "C=C",
    "C=O"
  ],
  "bde_by_bond": {
    "C#C": 835.0,
    "C-C": 346.0,
    "C-O": 358.0,
    "C=C": 602.0,
    "C=O": 732.0
  },
  "arrhenius_by_bond": {
    "C#C": 2.5767438717753386,
    "C-C": 3.481299877393548,
    "C-O": 3.4556902251614208,
    "C=C": 2.973947672145051,
    "C=O": 2.745331721304498
  },
  "p_break_by_bond": {
    "C#C": 0.018487523643527324,
    "C-C": 0.04447037152250358,
    "C-O": 0.043394753675056165,
    "C=C": 0.027257390529133705,
    "C=O": 0.021808390944041606
  },
  "probability_spread": 0.025982847878976253,
  "weakly_identifiable": false,
  "parameter_at_boundary": false,
  "search_settings": {
    "parameter_bounds": {
      "A": [
        1.0,
        100.0
      ],
      "E_ref": [
        50.0,
        10000.0
      ],
      "k": [
        10.0,
        1000000.0
      ]
    },
    "reference_parameters": {
      "A": 10.0,
      "E_ref": 300.0,
      "k": 1000.0
    },
    "regularization_weights": {
      "log_A": 0.001,
      "log_E_ref": 0.001,
      "log_k": 0.001
    },
    "positive_weight": 1.0,
    "pseudo_negative_weight": 0.5,
    "individual_loss": "squared_probability_error",
    "random_seed": 20260713,
    "random_trials": 20000,
    "keep_best_random": 20,
    "local_starts": 20,
    "local_max_iterations": 1000,
    "local_tolerance": 1e-12,
    "refinement_space": "log",
    "number_of_parameter_sets": 5,
    "probability_epsilon": 1e-12,
    "identifiability_tolerance": 1e-06,
    "animation": {
      "enabled": true,
      "filename": "parameter_search_animation.mp4",
      "fps": 10,
      "dpi": 100,
      "space_frames": 12,
      "population_frames": 18,
      "selection_frames": 18,
      "trajectory_frames": 60,
      "hold_frames": 12
    },
    "selected_set_rank": 2
  }
}
