{
  "A": 4.307242120531118,
  "E_ref": 1625.2367163720703,
  "k": 698.3654252225502,
  "objective_value": 0.18379160552214818,
  "positive_loss": 0.09167204152046622,
  "pseudo_negative_loss": 0.1768527780090986,
  "regularization_loss": 0.003693174997132679,
  "mean_positive_log_score": -0.32816659206046384,
  "mean_pseudo_negative_log_score": -0.9322059641274175,
  "mean_positive_survival": 0.7357379890765239,
  "mean_pseudo_negative_survival": 0.4066336857162307,
  "score_gap": 0.6040393720669537,
  "positive_survival_quantiles": {
    "q05": 0.5060005259313629,
    "q25": 0.6069799378525417,
    "q50": 0.7516666196808143,
    "q75": 0.8651775799092868,
    "q95": 0.9566052462572179
  },
  "pseudo_negative_survival_quantiles": {
    "q05": 0.2680542614115898,
    "q25": 0.3326427124485916,
    "q50": 0.38128525685901427,
    "q75": 0.4597844005604729,
    "q95": 0.6276182411223273
  },
  "positive_sample_count": 267,
  "pseudo_negative_sample_count": 569,
  "positive_objective_count": 258,
  "pseudo_negative_objective_count": 564,
  "ignored_positive_count": 9,
  "ignored_pseudo_negative_count": 5,
  "bond_types": [
    "C#C",
    "C-C",
    "C-O",
    "C=C",
    "C=O"
  ],
  "bde_by_bond": {
    "C#C": 835.0,
    "C-C": 346.0,
    "C-O": 358.0,
    "C=C": 602.0,
    "C=O": 732.0
  },
  "arrhenius_by_bond": {
    "C#C": 2.5767437982689585,
    "C-C": 3.481299889428815,
    "C-O": 3.4556902343958416,
    "C=C": 2.973947632630078,
    "C=O": 2.745331661483888
  },
  "p_break_by_bond": {
    "C#C": 0.018487522171739344,
    "C-C": 0.04447037171084585,
    "C-O": 0.04339475374278208,
    "C=C": 0.027257389279829645,
    "C=O": 0.021808389505709787
  },
  "probability_spread": 0.025982849539106505,
  "weakly_identifiable": false,
  "parameter_at_boundary": false,
  "search_settings": {
    "parameter_bounds": {
      "A": [
        1.0,
        100.0
      ],
      "E_ref": [
        50.0,
        10000.0
      ],
      "k": [
        10.0,
        1000000.0
      ]
    },
    "reference_parameters": {
      "A": 10.0,
      "E_ref": 300.0,
      "k": 1000.0
    },
    "regularization_weights": {
      "log_A": 0.001,
      "log_E_ref": 0.001,
      "log_k": 0.001
    },
    "positive_weight": 1.0,
    "pseudo_negative_weight": 0.5,
    "individual_loss": "squared_probability_error",
    "random_seed": 20260713,
    "random_trials": 20000,
    "keep_best_random": 20,
    "local_starts": 20,
    "local_max_iterations": 1000,
    "local_tolerance": 1e-12,
    "refinement_space": "log",
    "number_of_parameter_sets": 5,
    "probability_epsilon": 1e-12,
    "identifiability_tolerance": 1e-06,
    "animation": {
      "enabled": true,
      "filename": "parameter_search_animation.mp4",
      "fps": 10,
      "dpi": 100,
      "space_frames": 12,
      "population_frames": 18,
      "selection_frames": 18,
      "trajectory_frames": 60,
      "hold_frames": 12
    },
    "selected_set_rank": 1
  }
}
