{
  "A": 3.701462580314523,
  "E_ref": 2100.2575001238774,
  "k": 688.3927268513721,
  "objective_value": 0.14873043163652225,
  "positive_loss": 0.06116824642951835,
  "pseudo_negative_loss": 0.27549321812772076,
  "regularization_loss": 0.0049142197686877056,
  "mean_positive_log_score": -0.25511564682241944,
  "mean_pseudo_negative_log_score": -0.6807065505133376,
  "mean_positive_survival": 0.78454702310092,
  "mean_pseudo_negative_survival": 0.5152889910873825,
  "score_gap": 0.4255909036909182,
  "positive_survival_quantiles": {
    "q05": 0.5902622424437182,
    "q25": 0.6798701924217363,
    "q50": 0.7944969493755398,
    "q75": 0.8881929408717395,
    "q95": 0.9675511073267682
  },
  "pseudo_negative_survival_quantiles": {
    "q05": 0.3820308624097707,
    "q25": 0.4456098275061282,
    "q50": 0.4921862919776118,
    "q75": 0.5671758882511925,
    "q95": 0.7084140056392509
  },
  "positive_sample_count": 269,
  "pseudo_negative_sample_count": 569,
  "positive_objective_count": 262,
  "pseudo_negative_objective_count": 569,
  "ignored_positive_count": 7,
  "ignored_pseudo_negative_count": 0,
  "bond_types": [
    "C#C",
    "C-C",
    "C-O",
    "C=C",
    "C=O",
    "O-O",
    "O=O",
    "C#O"
  ],
  "bde_by_bond": {
    "C#C": 835.0,
    "C-C": 346.0,
    "C-O": 358.0,
    "C=C": 602.0,
    "C=O": 732.0,
    "O-O": 146.0,
    "O=O": 498.0,
    "C#O": 1072.0
  },
  "arrhenius_by_bond": {
    "C#C": 2.4872003876377975,
    "C-C": 3.1392575698444656,
    "C-O": 3.1213722976747764,
    "C=C": 2.7790149026877993,
    "C=O": 2.6122171440919097,
    "O-O": 3.4528940963542114,
    "O=O": 2.9200894549187826,
    "C#O": 2.221792782135017
  },
  "p_break_by_bond": {
    "C#C": 0.01717191339623874,
    "C-C": 0.03244889267323176,
    "C-O": 0.03189203875877692,
    "C=C": 0.02285769227658766,
    "C=O": 0.01941425780121349,
    "O-O": 0.04387829626361036,
    "O=O": 0.026230033158106163,
    "C#O": 0.013221951260506749
  },
  "probability_spread": 0.03065634500310361,
  "weakly_identifiable": false,
  "parameter_at_boundary": false,
  "search_settings": {
    "parameter_bounds": {
      "A": [
        1.0,
        100.0
      ],
      "E_ref": [
        50.0,
        10000.0
      ],
      "k": [
        10.0,
        1000000.0
      ]
    },
    "reference_parameters": {
      "A": 10.0,
      "E_ref": 300.0,
      "k": 1000.0
    },
    "regularization_weights": {
      "log_A": 0.001,
      "log_E_ref": 0.001,
      "log_k": 0.001
    },
    "positive_weight": 1.0,
    "pseudo_negative_weight": 0.3,
    "individual_loss": "squared_probability_error",
    "random_seed": 20260713,
    "random_trials": 20000,
    "keep_best_random": 30,
    "local_starts": 30,
    "local_max_iterations": 10000,
    "local_tolerance": 1e-15,
    "refinement_space": "log",
    "number_of_parameter_sets": 1,
    "probability_epsilon": 1e-12,
    "identifiability_tolerance": 1e-06,
    "animation": {
      "enabled": true,
      "filename": "parameter_search_animation.mp4",
      "fps": 10,
      "dpi": 100,
      "space_frames": 12,
      "population_frames": 18,
      "selection_frames": 18,
      "trajectory_frames": 60,
      "hold_frames": 12
    },
    "selected_set_rank": 1
  }
}
