plot_order,structure_id,formula,in_ffcmii_reference,ffcmii_species_keys,stageII_category,occurrences,state_resolved,in_training_set,display_group
1,M00177,C2H5O,True,CH3CHOH,new_candidate,4,False,False,ffcmii_only
2,M00353,C4H5,True,NC4H5,new_candidate,2,False,False,ffcmii_only
3,M00431,C4H2,True,C4H2,new_candidate,6,False,False,ffcmii_only
4,M00686,C4H3,True,NC4H3,new_candidate,2,False,False,ffcmii_only
5,M00838,C4H4,True,C4H4,new_candidate,2,False,False,ffcmii_only
6,M01673,C4H5O,True,CH3CHCHCO,new_candidate,1,False,False,ffcmii_only
7,M00001,C2H2O2,False,,new_candidate,13287,False,False,unvalidated
8,M00004,C2H3O,False,,new_candidate,3798,False,False,unvalidated
9,M00005,C2HO4,False,,new_candidate,1,False,False,unvalidated
10,M00007,C2H2O2,False,,new_candidate,59,False,False,unvalidated
11,M00008,C2H2O,False,,new_candidate,11305,False,False,unvalidated
12,M00009,C3H3O,False,,new_candidate,41,False,False,unvalidated
13,M00012,CH2O,False,,new_candidate,434,False,False,unvalidated
14,M00014,C2H2O,False,,new_candidate,190,False,False,unvalidated
15,M00016,C4H3O2,False,,new_candidate,1,False,False,unvalidated
16,M00018,C4H2O2,False,,new_candidate,3,False,False,unvalidated
17,M00022,C3H3O3,False,,new_candidate,5,False,False,unvalidated
18,M00023,CH2O2,False,,new_candidate,3042,False,False,unvalidated
19,M00024,C2H2O,False,,new_candidate,25,False,False,unvalidated
20,M00025,CH3O3,False,,new_candidate,12,False,False,unvalidated
21,M00026,CH2O,False,,new_candidate,44,False,False,unvalidated
22,M00027,C2,False,,new_candidate,5,False,False,unvalidated
23,M00028,C2H2O,False,,new_candidate,753,False,False,unvalidated
24,M00030,C2H2O,False,,new_candidate,38,False,False,unvalidated
25,M00034,C3H3O2,False,,new_candidate,78,False,False,unvalidated
26,M00035,C3H3,False,,new_candidate,1,False,False,unvalidated
27,M00036,C2H3O2,False,,new_candidate,12,False,False,unvalidated
28,M00037,C4H5O,False,,new_candidate,1,False,False,unvalidated
29,M00038,C4HO,False,,new_candidate,1,False,False,unvalidated
30,M00039,C2HO2,False,,new_candidate,3821,False,False,unvalidated
31,M00041,C3H2O,False,,new_candidate,8,False,False,unvalidated
32,M00042,C2H4O2,False,,new_candidate,589,False,False,unvalidated
33,M00043,C2H2O,False,,new_candidate,125,False,False,unvalidated
34,M00044,C3H3O,False,,new_candidate,2,False,False,unvalidated
35,M00046,C3H2O,False,,new_candidate,3231,False,False,unvalidated
36,M00047,C2H3O2,False,,new_candidate,657,False,False,unvalidated
37,M00049,C2H3O2,False,,new_candidate,276,False,False,unvalidated
38,M00052,C3O,False,,new_candidate,1,False,False,unvalidated
39,M00053,C2H2,False,,new_candidate,59,False,False,unvalidated
40,M00055,C4H2O4,False,,new_candidate,1,False,False,unvalidated
41,M00056,C2,False,,new_candidate,10040,False,False,unvalidated
42,M00057,C2HO,False,,new_candidate,3557,False,False,unvalidated
43,M00059,C3H3O2,False,,new_candidate,6,False,False,unvalidated
44,M00060,C4H3O3,False,,new_candidate,1,False,False,unvalidated
45,M00061,C3H3O2,False,,new_candidate,21,False,False,unvalidated
46,M00063,C2H3O,False,,new_candidate,134,False,False,unvalidated
47,M00064,C4H3O3,False,,new_candidate,2,False,False,unvalidated
48,M00065,C3H2O4,False,,new_candidate,3,False,False,unvalidated
49,M00067,C3H4O2,False,,new_candidate,97,False,False,unvalidated
50,M00068,C3H3O,False,,new_candidate,45,False,False,unvalidated
51,M00069,C3H5O2,False,,new_candidate,3,False,False,unvalidated
52,M00070,CHO2,False,,new_candidate,502,False,False,unvalidated
53,M00071,C2H2O,False,,new_candidate,29,False,False,unvalidated
54,M00072,C3H2O2,False,,new_candidate,2,False,False,unvalidated
55,M00073,C2H3O,False,,new_candidate,75,False,False,unvalidated
56,M00074,C2H4O,False,,new_candidate,1050,False,False,unvalidated
57,M00075,C3H4O2,False,,new_candidate,8,False,False,unvalidated
58,M00076,CH3O2,False,,new_candidate,21,False,False,unvalidated
59,M00077,C2H2O3,False,,new_candidate,1,False,False,unvalidated
60,M00079,C2H4O4,False,,new_candidate,1,False,False,unvalidated
61,M00080,C3H3O2,False,,new_candidate,5,False,False,unvalidated
62,M00081,C4H3O3,False,,new_candidate,1,False,False,unvalidated
63,M00084,C3HO,False,,new_candidate,1344,False,False,unvalidated
64,M00085,C4HO,False,,new_candidate,2,False,False,unvalidated
65,M00086,C3H,False,,new_candidate,9,False,False,unvalidated
66,M00087,C4H4O2,False,,new_candidate,1,False,False,unvalidated
67,M00088,C3H2O2,False,,new_candidate,1,False,False,unvalidated
68,M00089,C3H2O2,False,,new_candidate,42,False,False,unvalidated
69,M00090,C2H2O3,False,,new_candidate,16,False,False,unvalidated
70,M00091,C2H4O,False,,new_candidate,241,False,False,unvalidated
71,M00092,C4H3O3,False,,new_candidate,2,False,False,unvalidated
72,M00093,C2H2O,False,,new_candidate,36,False,False,unvalidated
73,M00094,C2H3O,False,,new_candidate,370,False,False,unvalidated
74,M00095,C2H5O,False,,new_candidate,914,False,False,unvalidated
75,M00096,C4H3O3,False,,new_candidate,1,False,False,unvalidated
76,M00097,C2H3O2,False,,new_candidate,463,False,False,unvalidated
77,M00098,C4H2O2,False,,new_candidate,1,False,False,unvalidated
78,M00099,C2H2O2,False,,new_candidate,967,False,False,unvalidated
79,M00100,C2H6O,False,,new_candidate,131,False,False,unvalidated
80,M00101,C3H4O,False,,new_candidate,2,False,False,unvalidated
81,M00102,C2H4O2,False,,new_candidate,27,False,False,unvalidated
82,M00103,C3H4O3,False,,new_candidate,27,False,False,unvalidated
83,M00104,C3H5O2,False,,new_candidate,16,False,False,unvalidated
84,M00105,C2H3O,False,,new_candidate,52,False,False,unvalidated
85,M00106,C3O2,False,,new_candidate,2,False,False,unvalidated
86,M00107,C2H3O2,False,,new_candidate,214,False,False,unvalidated
87,M00108,C2H4O,False,,new_candidate,28,False,False,unvalidated
88,M00109,C2H4O,False,,new_candidate,5,False,False,unvalidated
89,M00110,C2H4O2,False,,new_candidate,849,False,False,unvalidated
90,M00111,CO,False,,new_candidate,1823,False,False,unvalidated
91,M00113,C3H4O2,False,,new_candidate,3,False,False,unvalidated
92,M00114,C3H3O,False,,new_candidate,1,False,False,unvalidated
93,M00115,C2H4O,False,,new_candidate,85,False,False,unvalidated
94,M00116,C2H3O2,False,,new_candidate,235,False,False,unvalidated
95,M00118,C3H5O2,False,,new_candidate,4,False,False,unvalidated
96,M00119,C3H3O,False,,new_candidate,15,False,False,unvalidated
97,M00120,C2H5O2,False,,new_candidate,22,False,False,unvalidated
98,M00121,C2H4O3,False,,new_candidate,11,False,False,unvalidated
99,M00122,C4H3O3,False,,new_candidate,1,False,False,unvalidated
100,M00123,C3H4O2,False,,new_candidate,13,False,False,unvalidated
101,M00124,C4H2O2,False,,new_candidate,1,False,False,unvalidated
102,M00125,CH2O2,False,,new_candidate,101,False,False,unvalidated
103,M00126,C2H,False,,new_candidate,24,False,False,unvalidated
104,M00127,C2H4O3,False,,new_candidate,6,False,False,unvalidated
105,M00128,C4H4O,False,,new_candidate,3,False,False,unvalidated
106,M00129,C2H3O2,False,,new_candidate,2,False,False,unvalidated
107,M00130,C3H3O3,False,,new_candidate,4,False,False,unvalidated
108,M00131,C3H3O,False,,new_candidate,23,False,False,unvalidated
109,M00132,C3H2O2,False,,new_candidate,104,False,False,unvalidated
110,M00133,C3H3O2,False,,new_candidate,1,False,False,unvalidated
111,M00135,C3H2O2,False,,new_candidate,5,False,False,unvalidated
112,M00136,C2HO,False,,new_candidate,175,False,False,unvalidated
113,M00137,C3H2O,False,,new_candidate,3,False,False,unvalidated
114,M00138,C2O,False,,new_candidate,18,False,False,unvalidated
115,M00139,C3H4O3,False,,new_candidate,2,False,False,unvalidated
116,M00141,CH2O2,False,,new_candidate,28,False,False,unvalidated
117,M00142,CHO,False,,new_candidate,626,False,False,unvalidated
118,M00143,C2H4,False,,new_candidate,15,False,False,unvalidated
119,M00144,C2H3O4,False,,new_candidate,1,False,False,unvalidated
120,M00145,C4H3,False,,new_candidate,1,False,False,unvalidated
121,M00146,C5HO4,False,,new_candidate,1,False,False,unvalidated
122,M00147,C2H4O2,False,,new_candidate,33,False,False,unvalidated
123,M00148,C2H3O2,False,,new_candidate,55,False,False,unvalidated
124,M00149,C2H2O2,False,,new_candidate,1,False,False,unvalidated
125,M00151,C5H3O2,False,,new_candidate,1,False,False,unvalidated
126,M00152,C2O2,False,,new_candidate,715,False,False,unvalidated
127,M00153,C3H3O,False,,new_candidate,34,False,False,unvalidated
128,M00154,C3H3O2,False,,new_candidate,11,False,False,unvalidated
129,M00155,C3H2O3,False,,new_candidate,1,False,False,unvalidated
130,M00156,C3H4O2,False,,new_candidate,37,False,False,unvalidated
131,M00157,C3H3O,False,,new_candidate,82,False,False,unvalidated
132,M00158,C2H2O3,False,,new_candidate,88,False,False,unvalidated
133,M00159,H2O4,False,,new_candidate,2,False,False,unvalidated
134,M00160,C2H4O4,False,,new_candidate,2,False,False,unvalidated
135,M00161,C2H4O2,False,,new_candidate,23,False,False,unvalidated
136,M00162,C3H2O2,False,,new_candidate,2,False,False,unvalidated
137,M00163,C3H,False,,new_candidate,4,False,False,unvalidated
138,M00164,C5H3O,False,,new_candidate,1,False,False,unvalidated
139,M00165,C4HO,False,,new_candidate,2,False,False,unvalidated
140,M00167,C3H3,False,,new_candidate,8,False,False,unvalidated
141,M00168,C4H4O2,False,,new_candidate,2,False,False,unvalidated
142,M00169,C6H3,False,,new_candidate,1,False,False,unvalidated
143,M00171,C4H3O2,False,,new_candidate,2,False,False,unvalidated
144,M00172,C2H2O2,False,,new_candidate,4,False,False,unvalidated
145,M00173,C2HO2,False,,new_candidate,23,False,False,unvalidated
146,M00174,C2H2O2,False,,new_candidate,56,False,False,unvalidated
147,M00175,C3H3O2,False,,new_candidate,6,False,False,unvalidated
148,M00176,C3H2O2,False,,new_candidate,14,False,False,unvalidated
149,M00178,CHO,False,,new_candidate,15,False,False,unvalidated
150,M00179,C2H4O2,False,,new_candidate,102,False,False,unvalidated
151,M00180,C4H4O2,False,,new_candidate,1,False,False,unvalidated
152,M00181,C3H3O3,False,,new_candidate,8,False,False,unvalidated
153,M00182,C2H,False,,new_candidate,10,False,False,unvalidated
154,M00183,CH3O2,False,,new_candidate,211,False,False,unvalidated
155,M00184,C2H4O2,False,,new_candidate,7,False,False,unvalidated
156,M00185,C2O2,False,,new_candidate,99,False,False,unvalidated
157,M00186,C3H4O2,False,,new_candidate,55,False,False,unvalidated
158,M00187,C2H2O2,False,,new_candidate,105,False,False,unvalidated
159,M00188,C2H3O2,False,,new_candidate,2,False,False,unvalidated
160,M00189,C2H2O,False,,new_candidate,40,False,False,unvalidated
161,M00190,C3H4O,False,,new_candidate,56,False,False,unvalidated
162,M00191,C3H2O,False,,new_candidate,3,False,False,unvalidated
163,M00192,C2H2,False,,new_candidate,25,False,False,unvalidated
164,M00194,C3H3O,False,,new_candidate,29,False,False,unvalidated
165,M00196,C2H5O2,False,,new_candidate,15,False,False,unvalidated
166,M00197,CH3O3,False,,new_candidate,2,False,False,unvalidated
167,M00198,C4H4O2,False,,new_candidate,1,False,False,unvalidated
168,M00199,C2HO,False,,new_candidate,11,False,False,unvalidated
169,M00200,C3H3O2,False,,new_candidate,16,False,False,unvalidated
170,M00201,C3H2O3,False,,new_candidate,37,False,False,unvalidated
171,M00202,C4HO,False,,new_candidate,1,False,False,unvalidated
172,M00203,C4H3O,False,,new_candidate,1,False,False,unvalidated
173,M00204,C3H3O4,False,,new_candidate,1,False,False,unvalidated
174,M00205,C2H4O3,False,,new_candidate,2,False,False,unvalidated
175,M00207,C4H2O3,False,,new_candidate,1,False,False,unvalidated
176,M00208,C3H4O,False,,new_candidate,8,False,False,unvalidated
177,M00209,C4H3O2,False,,new_candidate,1,False,False,unvalidated
178,M00210,C2H4,False,,new_candidate,54,False,False,unvalidated
179,M00211,C2O,False,,new_candidate,15,False,False,unvalidated
180,M00212,C4H3,False,,new_candidate,1,False,False,unvalidated
181,M00213,C3H2O2,False,,new_candidate,21,False,False,unvalidated
182,M00214,C4H2O2,False,,new_candidate,1,False,False,unvalidated
183,M00215,C3H4,False,,new_candidate,2,False,False,unvalidated
184,M00216,C2HO2,False,,new_candidate,13,False,False,unvalidated
185,M00217,C2H5O,False,,new_candidate,45,False,False,unvalidated
186,M00218,C2HO,False,,new_candidate,11,False,False,unvalidated
187,M00219,C2H2O2,False,,new_candidate,41,False,False,unvalidated
188,M00220,C3H4O,False,,new_candidate,6,False,False,unvalidated
189,M00221,C3H4O2,False,,new_candidate,2,False,False,unvalidated
190,M00222,C2H3O3,False,,new_candidate,9,False,False,unvalidated
191,M00223,C3H4O2,False,,new_candidate,9,False,False,unvalidated
192,M00224,C4H2O2,False,,new_candidate,2,False,False,unvalidated
193,M00225,C2H4O2,False,,new_candidate,9,False,False,unvalidated
194,M00226,C3,False,,new_candidate,6,False,False,unvalidated
195,M00227,C4H3O,False,,new_candidate,1,False,False,unvalidated
196,M00228,C3H2O3,False,,new_candidate,1,False,False,unvalidated
197,M00229,C3H4O2,False,,new_candidate,2,False,False,unvalidated
198,M00230,C2H2,False,,new_candidate,27,False,False,unvalidated
199,M00231,C4H2O,False,,new_candidate,24,False,False,unvalidated
200,M00232,C4H3O,False,,new_candidate,1,False,False,unvalidated
201,M00233,CH4O2,False,,new_candidate,85,False,False,unvalidated
202,M00234,C3H6O,False,,new_candidate,14,False,False,unvalidated
203,M00235,C5H3O2,False,,new_candidate,3,False,False,unvalidated
204,M00236,C4H3O2,False,,new_candidate,2,False,False,unvalidated
205,M00237,C3H4O2,False,,new_candidate,42,False,False,unvalidated
206,M00238,C2H2O2,False,,new_candidate,2,False,False,unvalidated
207,M00239,CHO2,False,,new_candidate,148,False,False,unvalidated
208,M00240,C2HO2,False,,new_candidate,7,False,False,unvalidated
209,M00241,C4H2O3,False,,new_candidate,1,False,False,unvalidated
210,M00242,C3HO2,False,,new_candidate,12,False,False,unvalidated
211,M00243,C4H5O,False,,new_candidate,6,False,False,unvalidated
212,M00244,C2H2O2,False,,new_candidate,10,False,False,unvalidated
213,M00245,C3H4O,False,,new_candidate,1,False,False,unvalidated
214,M00246,C3H2O2,False,,new_candidate,7,False,False,unvalidated
215,M00247,C3HO,False,,new_candidate,1,False,False,unvalidated
216,M00248,C3H4O2,False,,new_candidate,18,False,False,unvalidated
217,M00249,C3H3O2,False,,new_candidate,1,False,False,unvalidated
218,M00251,C3H4O2,False,,new_candidate,1,False,False,unvalidated
219,M00252,C3H4O3,False,,new_candidate,9,False,False,unvalidated
220,M00253,C4H3O3,False,,new_candidate,1,False,False,unvalidated
221,M00254,C3H2O,False,,new_candidate,25,False,False,unvalidated
222,M00255,CH2O4,False,,new_candidate,7,False,False,unvalidated
223,M00256,CH2O3,False,,new_candidate,67,False,False,unvalidated
224,M00257,C3H4O3,False,,new_candidate,3,False,False,unvalidated
225,M00258,C2H3O2,False,,new_candidate,2,False,False,unvalidated
226,M00259,C3H3O2,False,,new_candidate,3,False,False,unvalidated
227,M00260,C3H3O,False,,new_candidate,11,False,False,unvalidated
228,M00261,C3H4O3,False,,new_candidate,2,False,False,unvalidated
229,M00262,C3H2O2,False,,new_candidate,3,False,False,unvalidated
230,M00263,C4H4O2,False,,new_candidate,3,False,False,unvalidated
231,M00264,C3H4O3,False,,new_candidate,3,False,False,unvalidated
232,M00265,C4H3O3,False,,new_candidate,1,False,False,unvalidated
233,M00266,C3H5O2,False,,new_candidate,26,False,False,unvalidated
234,M00267,C3H3O3,False,,new_candidate,2,False,False,unvalidated
235,M00268,C3H5O2,False,,new_candidate,14,False,False,unvalidated
236,M00270,C2H6O2,False,,new_candidate,8,False,False,unvalidated
237,M00271,C2O2,False,,new_candidate,3,False,False,unvalidated
238,M00272,C3H2O2,False,,new_candidate,19,False,False,unvalidated
239,M00273,C3O2,False,,new_candidate,6,False,False,unvalidated
240,M00274,C3H2O2,False,,new_candidate,11,False,False,unvalidated
241,M00276,C2H3O3,False,,new_candidate,41,False,False,unvalidated
242,M00277,C4H4O,False,,new_candidate,14,False,False,unvalidated
243,M00278,C3HO,False,,new_candidate,27,False,False,unvalidated
244,M00279,C2H4O4,False,,new_candidate,1,False,False,unvalidated
245,M00280,C3H3O3,False,,new_candidate,6,False,False,unvalidated
246,M00281,C2O,False,,new_candidate,16,False,False,unvalidated
247,M00282,C3H4O,False,,new_candidate,14,False,False,unvalidated
248,M00283,C2H2O2,False,,new_candidate,45,False,False,unvalidated
249,M00284,C2H4O3,False,,new_candidate,7,False,False,unvalidated
250,M00285,C2H2O2,False,,new_candidate,1,False,False,unvalidated
251,M00286,C3H4O2,False,,new_candidate,3,False,False,unvalidated
252,M00287,C2H2O3,False,,new_candidate,58,False,False,unvalidated
253,M00288,C2H2O3,False,,new_candidate,3,False,False,unvalidated
254,M00289,CHO4,False,,new_candidate,1,False,False,unvalidated
255,M00290,C3H3O3,False,,new_candidate,1,False,False,unvalidated
256,M00291,C3H2O,False,,new_candidate,2,False,False,unvalidated
257,M00292,C2H2O2,False,,new_candidate,11,False,False,unvalidated
258,M00293,C3H5O,False,,new_candidate,7,False,False,unvalidated
259,M00294,C4H4O2,False,,new_candidate,1,False,False,unvalidated
260,M00295,C2H3O2,False,,new_candidate,2,False,False,unvalidated
261,M00296,C3H5O2,False,,new_candidate,6,False,False,unvalidated
262,M00297,C2H2O,False,,new_candidate,13,False,False,unvalidated
263,M00298,C2O2,False,,new_candidate,6,False,False,unvalidated
264,M00299,C2HO2,False,,new_candidate,61,False,False,unvalidated
265,M00300,C3H4O3,False,,new_candidate,2,False,False,unvalidated
266,M00301,C3H2O2,False,,new_candidate,2,False,False,unvalidated
267,M00302,C2H4O,False,,new_candidate,27,False,False,unvalidated
268,M00303,C4H3O2,False,,new_candidate,1,False,False,unvalidated
269,M00305,C3H4O2,False,,new_candidate,1,False,False,unvalidated
270,M00306,C3H4O2,False,,new_candidate,1,False,False,unvalidated
271,M00307,CH2O2,False,,new_candidate,6,False,False,unvalidated
272,M00308,C3HO2,False,,new_candidate,7,False,False,unvalidated
273,M00309,C3H3O3,False,,new_candidate,3,False,False,unvalidated
274,M00310,CH2O3,False,,new_candidate,1,False,False,unvalidated
275,M00311,C2H3O3,False,,new_candidate,15,False,False,unvalidated
276,M00312,C2H3O3,False,,new_candidate,17,False,False,unvalidated
277,M00313,C2H4O3,False,,new_candidate,37,False,False,unvalidated
278,M00314,C3H2O2,False,,new_candidate,6,False,False,unvalidated
279,M00315,C2H3O3,False,,new_candidate,2,False,False,unvalidated
280,M00316,C4H4O2,False,,new_candidate,2,False,False,unvalidated
281,M00317,C3H5O,False,,new_candidate,10,False,False,unvalidated
282,M00318,C2H2O2,False,,new_candidate,47,False,False,unvalidated
283,M00319,C3H5O2,False,,new_candidate,2,False,False,unvalidated
284,M00320,C4H4O2,False,,new_candidate,2,False,False,unvalidated
285,M00321,C3H3O,False,,new_candidate,4,False,False,unvalidated
286,M00322,C2O,False,,new_candidate,197,False,False,unvalidated
287,M00323,C4H5O,False,,new_candidate,2,False,False,unvalidated
288,M00324,CH3O4,False,,new_candidate,1,False,False,unvalidated
289,M00325,C2H4O3,False,,new_candidate,35,False,False,unvalidated
290,M00326,C4H4O2,False,,new_candidate,3,False,False,unvalidated
291,M00327,C2H3O2,False,,new_candidate,11,False,False,unvalidated
292,M00328,C3H2O2,False,,new_candidate,5,False,False,unvalidated
293,M00329,C3H3O2,False,,new_candidate,8,False,False,unvalidated
294,M00330,C3H3O2,False,,new_candidate,1,False,False,unvalidated
295,M00331,C3H4O2,False,,new_candidate,5,False,False,unvalidated
296,M00332,CH4O3,False,,new_candidate,15,False,False,unvalidated
297,M00334,CO2,False,,new_candidate,119,False,False,unvalidated
298,M00335,C3H3O2,False,,new_candidate,1,False,False,unvalidated
299,M00336,CHO2,False,,new_candidate,4,False,False,unvalidated
300,M00337,CH2O2,False,,new_candidate,149,False,False,unvalidated
301,M00338,C2H3O2,False,,new_candidate,5,False,False,unvalidated
302,M00339,C2H3O2,False,,new_candidate,56,False,False,unvalidated
303,M00340,C3H3O2,False,,new_candidate,1,False,False,unvalidated
304,M00341,C4H3O2,False,,new_candidate,1,False,False,unvalidated
305,M00342,C3H5O2,False,,new_candidate,2,False,False,unvalidated
306,M00343,C4H4O2,False,,new_candidate,6,False,False,unvalidated
307,M00344,C2H2O3,False,,new_candidate,1,False,False,unvalidated
308,M00345,C3H3O,False,,new_candidate,5,False,False,unvalidated
309,M00346,C3H4O2,False,,new_candidate,14,False,False,unvalidated
310,M00347,C3H2O,False,,new_candidate,15,False,False,unvalidated
311,M00348,CH2O3,False,,new_candidate,2,False,False,unvalidated
312,M00349,C3HO2,False,,new_candidate,1,False,False,unvalidated
313,M00350,C4H2O,False,,new_candidate,1,False,False,unvalidated
314,M00351,C4H3O,False,,new_candidate,2,False,False,unvalidated
315,M00352,C3H4O,False,,new_candidate,5,False,False,unvalidated
316,M00354,C4H3O,False,,new_candidate,2,False,False,unvalidated
317,M00355,C3H4,False,,new_candidate,2,False,False,unvalidated
318,M00356,C2H5O3,False,,new_candidate,2,False,False,unvalidated
319,M00357,C2H2O2,False,,new_candidate,2,False,False,unvalidated
320,M00358,C2H4O3,False,,new_candidate,1,False,False,unvalidated
321,M00359,C3H4O,False,,new_candidate,26,False,False,unvalidated
322,M00360,C5H3O2,False,,new_candidate,1,False,False,unvalidated
323,M00361,C2H3,False,,new_candidate,24,False,False,unvalidated
324,M00362,C4HO,False,,new_candidate,1,False,False,unvalidated
325,M00363,C3H2O2,False,,new_candidate,16,False,False,unvalidated
326,M00364,C5H3O,False,,new_candidate,2,False,False,unvalidated
327,M00365,C3H2O3,False,,new_candidate,1,False,False,unvalidated
328,M00366,C2H4O4,False,,new_candidate,2,False,False,unvalidated
329,M00367,C4H2O,False,,new_candidate,1,False,False,unvalidated
330,M00368,C3H3O,False,,new_candidate,5,False,False,unvalidated
331,M00369,C3H4O,False,,new_candidate,28,False,False,unvalidated
332,M00370,C3H2O,False,,new_candidate,11,False,False,unvalidated
333,M00371,C4H4O2,False,,new_candidate,1,False,False,unvalidated
334,M00372,C2H4O2,False,,new_candidate,12,False,False,unvalidated
335,M00373,C5H4O,False,,new_candidate,1,False,False,unvalidated
336,M00374,C4H6,False,,new_candidate,1,False,False,unvalidated
337,M00375,C3H2O2,False,,new_candidate,2,False,False,unvalidated
338,M00376,C4H3O3,False,,new_candidate,1,False,False,unvalidated
339,M00377,C4H2O3,False,,new_candidate,1,False,False,unvalidated
340,M00378,C4H3O3,False,,new_candidate,1,False,False,unvalidated
341,M00379,C2HO2,False,,new_candidate,40,False,False,unvalidated
342,M00380,CH4O3,False,,new_candidate,12,False,False,unvalidated
343,M00381,C4H2O3,False,,new_candidate,1,False,False,unvalidated
344,M00382,C3H2O2,False,,new_candidate,1,False,False,unvalidated
345,M00383,C3H3O2,False,,new_candidate,6,False,False,unvalidated
346,M00384,CO2,False,,new_candidate,10,False,False,unvalidated
347,M00385,C2H3O3,False,,new_candidate,1,False,False,unvalidated
348,M00386,C2H4O2,False,,new_candidate,6,False,False,unvalidated
349,M00387,C3H2O2,False,,new_candidate,1,False,False,unvalidated
350,M00388,C4H4O2,False,,new_candidate,1,False,False,unvalidated
351,M00389,C3H4O,False,,new_candidate,2,False,False,unvalidated
352,M00390,C4H4O2,False,,new_candidate,1,False,False,unvalidated
353,M00391,C3H4O,False,,new_candidate,6,False,False,unvalidated
354,M00392,C2H2O2,False,,new_candidate,1,False,False,unvalidated
355,M00393,C4H4O2,False,,new_candidate,1,False,False,unvalidated
356,M00394,C2H2O3,False,,new_candidate,9,False,False,unvalidated
357,M00395,C3H5O2,False,,new_candidate,3,False,False,unvalidated
358,M00396,C2HO,False,,new_candidate,11,False,False,unvalidated
359,M00397,C2HO,False,,new_candidate,7,False,False,unvalidated
360,M00398,C3H2O3,False,,new_candidate,1,False,False,unvalidated
361,M00399,C3H4O2,False,,new_candidate,8,False,False,unvalidated
362,M00400,C4H5O,False,,new_candidate,1,False,False,unvalidated
363,M00401,C2H4O2,False,,new_candidate,15,False,False,unvalidated
364,M00402,C3H2O3,False,,new_candidate,1,False,False,unvalidated
365,M00403,C3H3O3,False,,new_candidate,2,False,False,unvalidated
366,M00404,C2HO3,False,,new_candidate,42,False,False,unvalidated
367,M00405,C3H4O3,False,,new_candidate,1,False,False,unvalidated
368,M00406,C3H3O,False,,new_candidate,2,False,False,unvalidated
369,M00407,C2H3O3,False,,new_candidate,17,False,False,unvalidated
370,M00408,C3H2O3,False,,new_candidate,23,False,False,unvalidated
371,M00409,C2H4O3,False,,new_candidate,16,False,False,unvalidated
372,M00410,C2H3O3,False,,new_candidate,3,False,False,unvalidated
373,M00411,CHO2,False,,new_candidate,25,False,False,unvalidated
374,M00412,C3H2O,False,,new_candidate,5,False,False,unvalidated
375,M00413,C3H4O,False,,new_candidate,1,False,False,unvalidated
376,M00414,C3HO2,False,,new_candidate,2,False,False,unvalidated
377,M00415,C4H5O,False,,new_candidate,1,False,False,unvalidated
378,M00416,C3H2O2,False,,new_candidate,1,False,False,unvalidated
379,M00417,C3H5O,False,,new_candidate,1,False,False,unvalidated
380,M00418,C3H5O2,False,,new_candidate,1,False,False,unvalidated
381,M00419,CH3O3,False,,new_candidate,1,False,False,unvalidated
382,M00420,C4H3O,False,,new_candidate,3,False,False,unvalidated
383,M00421,C2HO,False,,new_candidate,54,False,False,unvalidated
384,M00422,C5H3O2,False,,new_candidate,1,False,False,unvalidated
385,M00423,C4H3O3,False,,new_candidate,1,False,False,unvalidated
386,M00424,C3H2O2,False,,new_candidate,7,False,False,unvalidated
387,M00425,C4H3O3,False,,new_candidate,1,False,False,unvalidated
388,M00426,C2HO3,False,,new_candidate,11,False,False,unvalidated
389,M00427,C3H3O,False,,new_candidate,20,False,False,unvalidated
390,M00428,C4H4O2,False,,new_candidate,2,False,False,unvalidated
391,M00429,C3H3O4,False,,new_candidate,1,False,False,unvalidated
392,M00430,C4H3O2,False,,new_candidate,5,False,False,unvalidated
393,M00432,C2HO2,False,,new_candidate,20,False,False,unvalidated
394,M00433,C3HO,False,,new_candidate,33,False,False,unvalidated
395,M00434,C4H4O,False,,new_candidate,6,False,False,unvalidated
396,M00435,C3H2O2,False,,new_candidate,1,False,False,unvalidated
397,M00436,C3H2,False,,new_candidate,45,False,False,unvalidated
398,M00437,C3H4O2,False,,new_candidate,3,False,False,unvalidated
399,M00438,C5H4O,False,,new_candidate,1,False,False,unvalidated
400,M00439,C3H3O4,False,,new_candidate,2,False,False,unvalidated
401,M00440,C3H3O3,False,,new_candidate,2,False,False,unvalidated
402,M00441,C3HO2,False,,new_candidate,16,False,False,unvalidated
403,M00442,C3H4,False,,new_candidate,3,False,False,unvalidated
404,M00443,C3H3O3,False,,new_candidate,6,False,False,unvalidated
405,M00444,C2H3O3,False,,new_candidate,2,False,False,unvalidated
406,M00445,C2H4O,False,,new_candidate,14,False,False,unvalidated
407,M00446,C3HO2,False,,new_candidate,9,False,False,unvalidated
408,M00447,C3H2O,False,,new_candidate,2,False,False,unvalidated
409,M00448,C3H3O2,False,,new_candidate,39,False,False,unvalidated
410,M00449,C2O,False,,new_candidate,22,False,False,unvalidated
411,M00450,C3H3O3,False,,new_candidate,1,False,False,unvalidated
412,M00451,C3H4O3,False,,new_candidate,3,False,False,unvalidated
413,M00452,C4H2O3,False,,new_candidate,3,False,False,unvalidated
414,M00453,C3H3O3,False,,new_candidate,1,False,False,unvalidated
415,M00454,C4HO2,False,,new_candidate,7,False,False,unvalidated
416,M00455,C4H2O,False,,new_candidate,9,False,False,unvalidated
417,M00456,C4H3O2,False,,new_candidate,1,False,False,unvalidated
418,M00457,C3H2O3,False,,new_candidate,1,False,False,unvalidated
419,M00458,CH2O4,False,,new_candidate,2,False,False,unvalidated
420,M00459,CH3O4,False,,new_candidate,1,False,False,unvalidated
421,M00460,C3HO2,False,,new_candidate,2,False,False,unvalidated
422,M00461,C4H4O2,False,,new_candidate,7,False,False,unvalidated
423,M00462,C3H2O,False,,new_candidate,1,False,False,unvalidated
424,M00463,CO,False,,new_candidate,13,False,False,unvalidated
425,M00464,C3H3O2,False,,new_candidate,8,False,False,unvalidated
426,M00465,CHO3,False,,new_candidate,3,False,False,unvalidated
427,M00466,C2H3O2,False,,new_candidate,6,False,False,unvalidated
428,M00467,C4H3O3,False,,new_candidate,4,False,False,unvalidated
429,M00468,C3H3,False,,new_candidate,2,False,False,unvalidated
430,M00469,C4H3O2,False,,new_candidate,3,False,False,unvalidated
431,M00470,C4H3O3,False,,new_candidate,1,False,False,unvalidated
432,M00471,C3H2O4,False,,new_candidate,1,False,False,unvalidated
433,M00472,C2H3O3,False,,new_candidate,1,False,False,unvalidated
434,M00473,C2H3O2,False,,new_candidate,2,False,False,unvalidated
435,M00474,C3HO3,False,,new_candidate,1,False,False,unvalidated
436,M00475,C2H2O4,False,,new_candidate,1,False,False,unvalidated
437,M00476,C2H2O3,False,,new_candidate,1,False,False,unvalidated
438,M00477,C2H3O,False,,new_candidate,17,False,False,unvalidated
439,M00478,C3H4O,False,,new_candidate,6,False,False,unvalidated
440,M00479,C3H4O3,False,,new_candidate,1,False,False,unvalidated
441,M00480,C4H3O3,False,,new_candidate,1,False,False,unvalidated
442,M00481,C3H4O2,False,,new_candidate,1,False,False,unvalidated
443,M00482,C2HO,False,,new_candidate,12,False,False,unvalidated
444,M00483,C3H4O,False,,new_candidate,3,False,False,unvalidated
445,M00484,C2H3O3,False,,new_candidate,8,False,False,unvalidated
446,M00485,C3H6O,False,,new_candidate,1,False,False,unvalidated
447,M00486,C2H3O4,False,,new_candidate,1,False,False,unvalidated
448,M00487,C3H2O4,False,,new_candidate,4,False,False,unvalidated
449,M00488,C2H2O3,False,,new_candidate,8,False,False,unvalidated
450,M00489,C3H4O3,False,,new_candidate,6,False,False,unvalidated
451,M00490,C2H5O3,False,,new_candidate,3,False,False,unvalidated
452,M00491,C3H4O3,False,,new_candidate,2,False,False,unvalidated
453,M00492,C3HO2,False,,new_candidate,1,False,False,unvalidated
454,M00493,C2H3O,False,,new_candidate,40,False,False,unvalidated
455,M00494,C2H4O3,False,,new_candidate,1,False,False,unvalidated
456,M00495,C2H5O2,False,,new_candidate,6,False,False,unvalidated
457,M00496,C2H2O2,False,,new_candidate,11,False,False,unvalidated
458,M00497,C2H4O3,False,,new_candidate,14,False,False,unvalidated
459,M00498,C3H3O2,False,,new_candidate,2,False,False,unvalidated
460,M00499,C3H2O4,False,,new_candidate,1,False,False,unvalidated
461,M00500,C2H2O2,False,,new_candidate,15,False,False,unvalidated
462,M00501,C3H3O,False,,new_candidate,1,False,False,unvalidated
463,M00502,C3H3O3,False,,new_candidate,1,False,False,unvalidated
464,M00503,C3H3O3,False,,new_candidate,1,False,False,unvalidated
465,M00504,C3H2O3,False,,new_candidate,2,False,False,unvalidated
466,M00505,C3HO,False,,new_candidate,5,False,False,unvalidated
467,M00506,C3H5,False,,new_candidate,1,False,False,unvalidated
468,M00507,C3H3O2,False,,new_candidate,1,False,False,unvalidated
469,M00508,C2H2O,False,,new_candidate,2,False,False,unvalidated
470,M00509,C3H3O,False,,new_candidate,6,False,False,unvalidated
471,M00510,C4H2O3,False,,new_candidate,2,False,False,unvalidated
472,M00511,C4H4O2,False,,new_candidate,1,False,False,unvalidated
473,M00512,C3H2O3,False,,new_candidate,3,False,False,unvalidated
474,M00513,C3H4O2,False,,new_candidate,7,False,False,unvalidated
475,M00514,C4H3O2,False,,new_candidate,1,False,False,unvalidated
476,M00515,C4H3O2,False,,new_candidate,1,False,False,unvalidated
477,M00516,C2H3O3,False,,new_candidate,22,False,False,unvalidated
478,M00517,C2H5O3,False,,new_candidate,3,False,False,unvalidated
479,M00518,C2H4O3,False,,new_candidate,3,False,False,unvalidated
480,M00519,C3H3O2,False,,new_candidate,1,False,False,unvalidated
481,M00520,C2H3O2,False,,new_candidate,28,False,False,unvalidated
482,M00521,C3H5O2,False,,new_candidate,2,False,False,unvalidated
483,M00522,C4H3O2,False,,new_candidate,1,False,False,unvalidated
484,M00523,C4H4O2,False,,new_candidate,3,False,False,unvalidated
485,M00524,C3H3O4,False,,new_candidate,2,False,False,unvalidated
486,M00525,C4H5O,False,,new_candidate,2,False,False,unvalidated
487,M00526,C3H4O2,False,,new_candidate,9,False,False,unvalidated
488,M00527,C3H3O2,False,,new_candidate,11,False,False,unvalidated
489,M00528,C2HO4,False,,new_candidate,1,False,False,unvalidated
490,M00529,C3H5O,False,,new_candidate,7,False,False,unvalidated
491,M00530,C2O2,False,,new_candidate,3,False,False,unvalidated
492,M00531,C2H2O2,False,,new_candidate,6,False,False,unvalidated
493,M00532,C3HO2,False,,new_candidate,15,False,False,unvalidated
494,M00533,C3H2O,False,,new_candidate,9,False,False,unvalidated
495,M00534,C4H2O,False,,new_candidate,4,False,False,unvalidated
496,M00535,C4HO2,False,,new_candidate,1,False,False,unvalidated
497,M00536,C3H3O,False,,new_candidate,7,False,False,unvalidated
498,M00537,C3H4O,False,,new_candidate,18,False,False,unvalidated
499,M00538,C5H3O2,False,,new_candidate,1,False,False,unvalidated
500,M00539,C3H3O3,False,,new_candidate,1,False,False,unvalidated
501,M00540,C2,False,,new_candidate,2,False,False,unvalidated
502,M00541,C3H5O,False,,new_candidate,16,False,False,unvalidated
503,M00542,C3H4O3,False,,new_candidate,3,False,False,unvalidated
504,M00543,C3H2O2,False,,new_candidate,2,False,False,unvalidated
505,M00544,C5H4O,False,,new_candidate,1,False,False,unvalidated
506,M00545,C3H3O3,False,,new_candidate,1,False,False,unvalidated
507,M00546,C3H4O3,False,,new_candidate,1,False,False,unvalidated
508,M00547,C3H2O2,False,,new_candidate,5,False,False,unvalidated
509,M00548,C4H4O2,False,,new_candidate,4,False,False,unvalidated
510,M00549,C4H2O,False,,new_candidate,1,False,False,unvalidated
511,M00550,C3H2O,False,,new_candidate,7,False,False,unvalidated
512,M00551,O2,False,,new_candidate,4,False,False,unvalidated
513,M00552,C3H4O2,False,,new_candidate,1,False,False,unvalidated
514,M00553,C3H2O3,False,,new_candidate,2,False,False,unvalidated
515,M00554,C2H2O3,False,,new_candidate,2,False,False,unvalidated
516,M00555,C2H5O2,False,,new_candidate,8,False,False,unvalidated
517,M00556,C3H5O2,False,,new_candidate,2,False,False,unvalidated
518,M00557,C3H5O2,False,,new_candidate,3,False,False,unvalidated
519,M00558,C3H3O3,False,,new_candidate,4,False,False,unvalidated
520,M00559,C2H4O2,False,,new_candidate,8,False,False,unvalidated
521,M00560,C3H4O2,False,,new_candidate,6,False,False,unvalidated
522,M00561,C2H2O3,False,,new_candidate,2,False,False,unvalidated
523,M00562,C4H4O,False,,new_candidate,1,False,False,unvalidated
524,M00563,C2H2O3,False,,new_candidate,4,False,False,unvalidated
525,M00564,C2H4O2,False,,new_candidate,11,False,False,unvalidated
526,M00565,C2H2O3,False,,new_candidate,1,False,False,unvalidated
527,M00566,C2H4O3,False,,new_candidate,2,False,False,unvalidated
528,M00567,C3H3,False,,new_candidate,3,False,False,unvalidated
529,M00568,C2H2O4,False,,new_candidate,1,False,False,unvalidated
530,M00569,C4H3O2,False,,new_candidate,1,False,False,unvalidated
531,M00570,C3H3O3,False,,new_candidate,5,False,False,unvalidated
532,M00571,C3H3O4,False,,new_candidate,3,False,False,unvalidated
533,M00572,C2H4O4,False,,new_candidate,4,False,False,unvalidated
534,M00573,C3H4O2,False,,new_candidate,4,False,False,unvalidated
535,M00574,C3H2,False,,new_candidate,2,False,False,unvalidated
536,M00575,C3H4O2,False,,new_candidate,1,False,False,unvalidated
537,M00576,C4HO,False,,new_candidate,1,False,False,unvalidated
538,M00577,C3H5O,False,,new_candidate,2,False,False,unvalidated
539,M00578,C3HO2,False,,new_candidate,16,False,False,unvalidated
540,M00579,C4H4O2,False,,new_candidate,2,False,False,unvalidated
541,M00580,C2HO3,False,,new_candidate,3,False,False,unvalidated
542,M00581,C3H4O,False,,new_candidate,13,False,False,unvalidated
543,M00582,C3O,False,,new_candidate,1,False,False,unvalidated
544,M00583,C4H4O,False,,new_candidate,2,False,False,unvalidated
545,M00584,C4H3O3,False,,new_candidate,1,False,False,unvalidated
546,M00585,C3H3O,False,,new_candidate,3,False,False,unvalidated
547,M00586,C4H3O2,False,,new_candidate,1,False,False,unvalidated
548,M00587,C5H3O,False,,new_candidate,1,False,False,unvalidated
549,M00588,C3H3O4,False,,new_candidate,1,False,False,unvalidated
550,M00589,C2H5O2,False,,new_candidate,5,False,False,unvalidated
551,M00590,C2H2O4,False,,new_candidate,1,False,False,unvalidated
552,M00591,C4H2O4,False,,new_candidate,1,False,False,unvalidated
553,M00592,C3HO2,False,,new_candidate,1,False,False,unvalidated
554,M00593,C2H2O,False,,new_candidate,1,False,False,unvalidated
555,M00594,C3H2O,False,,new_candidate,2,False,False,unvalidated
556,M00595,C3H2O,False,,new_candidate,2,False,False,unvalidated
557,M00596,C4H4O2,False,,new_candidate,3,False,False,unvalidated
558,M00597,C4H4O,False,,new_candidate,2,False,False,unvalidated
559,M00598,C3H2O,False,,new_candidate,17,False,False,unvalidated
560,M00599,C3H4O3,False,,new_candidate,6,False,False,unvalidated
561,M00600,C3H4O2,False,,new_candidate,3,False,False,unvalidated
562,M00601,C3H5O2,False,,new_candidate,1,False,False,unvalidated
563,M00602,C2H3O2,False,,new_candidate,4,False,False,unvalidated
564,M00603,C2H6O2,False,,new_candidate,5,False,False,unvalidated
565,M00604,C5H2O3,False,,new_candidate,1,False,False,unvalidated
566,M00605,C5H2,False,,new_candidate,1,False,False,unvalidated
567,M00606,C3H3O4,False,,new_candidate,2,False,False,unvalidated
568,M00607,C4HO2,False,,new_candidate,1,False,False,unvalidated
569,M00609,C2HO,False,,new_candidate,3,False,False,unvalidated
570,M00610,C3H4O3,False,,new_candidate,10,False,False,unvalidated
571,M00611,C3H5O,False,,new_candidate,17,False,False,unvalidated
572,M00612,C3H2O2,False,,new_candidate,3,False,False,unvalidated
573,M00613,C4H3O,False,,new_candidate,4,False,False,unvalidated
574,M00614,C3H4O3,False,,new_candidate,12,False,False,unvalidated
575,M00615,C4H4O2,False,,new_candidate,4,False,False,unvalidated
576,M00616,C4H3O3,False,,new_candidate,1,False,False,unvalidated
577,M00617,C4H3,False,,new_candidate,6,False,False,unvalidated
578,M00618,C4H3O,False,,new_candidate,1,False,False,unvalidated
579,M00619,C3H,False,,new_candidate,8,False,False,unvalidated
580,M00620,C3H4O2,False,,new_candidate,5,False,False,unvalidated
581,M00621,C4H2O3,False,,new_candidate,2,False,False,unvalidated
582,M00622,C2H3O3,False,,new_candidate,2,False,False,unvalidated
583,M00623,C2H3O4,False,,new_candidate,2,False,False,unvalidated
584,M00624,C4H4O2,False,,new_candidate,6,False,False,unvalidated
585,M00625,C2H4O3,False,,new_candidate,2,False,False,unvalidated
586,M00626,C2H2O3,False,,new_candidate,1,False,False,unvalidated
587,M00627,C4H4O2,False,,new_candidate,2,False,False,unvalidated
588,M00628,C3H2O,False,,new_candidate,10,False,False,unvalidated
589,M00629,C6H3O,False,,new_candidate,1,False,False,unvalidated
590,M00630,C4H3O,False,,new_candidate,5,False,False,unvalidated
591,M00631,C2H2O4,False,,new_candidate,1,False,False,unvalidated
592,M00632,C4H4O2,False,,new_candidate,1,False,False,unvalidated
593,M00634,C3H2O2,False,,new_candidate,1,False,False,unvalidated
594,M00635,C3H3O2,False,,new_candidate,3,False,False,unvalidated
595,M00636,C4H5O,False,,new_candidate,1,False,False,unvalidated
596,M00637,C4O,False,,new_candidate,1,False,False,unvalidated
597,M00638,C3H4O3,False,,new_candidate,2,False,False,unvalidated
598,M00639,C2H3O3,False,,new_candidate,3,False,False,unvalidated
599,M00640,C3H4O2,False,,new_candidate,1,False,False,unvalidated
600,M00641,C2H3O5,False,,new_candidate,1,False,False,unvalidated
601,M00642,C4H3O3,False,,new_candidate,1,False,False,unvalidated
602,M00643,C3H4O3,False,,new_candidate,1,False,False,unvalidated
603,M00644,C2H2O2,False,,new_candidate,1,False,False,unvalidated
604,M00645,C4H2O3,False,,new_candidate,1,False,False,unvalidated
605,M00646,C3H3O2,False,,new_candidate,5,False,False,unvalidated
606,M00647,C3H6O,False,,new_candidate,10,False,False,unvalidated
607,M00648,C3H4O3,False,,new_candidate,1,False,False,unvalidated
608,M00649,C2H4O2,False,,new_candidate,3,False,False,unvalidated
609,M00650,C2H5O3,False,,new_candidate,7,False,False,unvalidated
610,M00651,C3H4O2,False,,new_candidate,1,False,False,unvalidated
611,M00652,C3H5O2,False,,new_candidate,3,False,False,unvalidated
612,M00653,C3H3O4,False,,new_candidate,1,False,False,unvalidated
613,M00654,C3H2O,False,,new_candidate,1,False,False,unvalidated
614,M00655,C4H5O,False,,new_candidate,1,False,False,unvalidated
615,M00656,C3H3O2,False,,new_candidate,2,False,False,unvalidated
616,M00657,C3H5O2,False,,new_candidate,3,False,False,unvalidated
617,M00658,C2H2O3,False,,new_candidate,1,False,False,unvalidated
618,M00659,C3H3O2,False,,new_candidate,1,False,False,unvalidated
619,M00660,C2H4O2,False,,new_candidate,2,False,False,unvalidated
620,M00661,C3H3O2,False,,new_candidate,1,False,False,unvalidated
621,M00662,C2H2O4,False,,new_candidate,2,False,False,unvalidated
622,M00663,C3H2O3,False,,new_candidate,2,False,False,unvalidated
623,M00664,C4H2O,False,,new_candidate,1,False,False,unvalidated
624,M00665,C4H2O,False,,new_candidate,1,False,False,unvalidated
625,M00666,C2H2O,False,,new_candidate,4,False,False,unvalidated
626,M00667,C3H3O2,False,,new_candidate,3,False,False,unvalidated
627,M00668,C3H2O3,False,,new_candidate,1,False,False,unvalidated
628,M00669,C3H2,False,,new_candidate,2,False,False,unvalidated
629,M00670,C3O,False,,new_candidate,23,False,False,unvalidated
630,M00671,C4H3O2,False,,new_candidate,1,False,False,unvalidated
631,M00672,C2H4O2,False,,new_candidate,2,False,False,unvalidated
632,M00673,C3H3O4,False,,new_candidate,1,False,False,unvalidated
633,M00674,C3H6O,False,,new_candidate,2,False,False,unvalidated
634,M00675,C4H5O,False,,new_candidate,1,False,False,unvalidated
635,M00676,C5H2O3,False,,new_candidate,1,False,False,unvalidated
636,M00677,C4H4O2,False,,new_candidate,4,False,False,unvalidated
637,M00678,C4H4O2,False,,new_candidate,5,False,False,unvalidated
638,M00679,C2H3O,False,,new_candidate,1,False,False,unvalidated
639,M00680,C4O,False,,new_candidate,1,False,False,unvalidated
640,M00681,C3H3O2,False,,new_candidate,4,False,False,unvalidated
641,M00682,C2HO2,False,,new_candidate,2,False,False,unvalidated
642,M00683,C2HO,False,,new_candidate,3,False,False,unvalidated
643,M00684,C2H2O2,False,,new_candidate,14,False,False,unvalidated
644,M00685,C3H2O3,False,,new_candidate,1,False,False,unvalidated
645,M00687,C3H4O,False,,new_candidate,8,False,False,unvalidated
646,M00688,C4HO,False,,new_candidate,2,False,False,unvalidated
647,M00689,C4H2O2,False,,new_candidate,1,False,False,unvalidated
648,M00690,C4H3O,False,,new_candidate,5,False,False,unvalidated
649,M00691,C3HO3,False,,new_candidate,3,False,False,unvalidated
650,M00692,CHO3,False,,new_candidate,11,False,False,unvalidated
651,M00693,C4H4O,False,,new_candidate,1,False,False,unvalidated
652,M00694,C5H3O,False,,new_candidate,1,False,False,unvalidated
653,M00695,C4H2O2,False,,new_candidate,1,False,False,unvalidated
654,M00696,C2H3O,False,,new_candidate,5,False,False,unvalidated
655,M00697,C3H4O2,False,,new_candidate,6,False,False,unvalidated
656,M00698,C3,False,,new_candidate,1,False,False,unvalidated
657,M00699,C5H2O2,False,,new_candidate,1,False,False,unvalidated
658,M00700,C4H3,False,,new_candidate,2,False,False,unvalidated
659,M00701,C3O2,False,,new_candidate,1,False,False,unvalidated
660,M00702,C3H2O3,False,,new_candidate,1,False,False,unvalidated
661,M00703,C2H2O2,False,,new_candidate,18,False,False,unvalidated
662,M00704,C2H3O3,False,,new_candidate,18,False,False,unvalidated
663,M00705,C5H2O3,False,,new_candidate,1,False,False,unvalidated
664,M00706,C3H3O3,False,,new_candidate,2,False,False,unvalidated
665,M00707,C5H3O2,False,,new_candidate,1,False,False,unvalidated
666,M00708,C3H3O,False,,new_candidate,2,False,False,unvalidated
667,M00709,C3H2O3,False,,new_candidate,1,False,False,unvalidated
668,M00710,C3H4O,False,,new_candidate,2,False,False,unvalidated
669,M00711,C4H2O,False,,new_candidate,1,False,False,unvalidated
670,M00712,C2HO2,False,,new_candidate,1,False,False,unvalidated
671,M00713,C4H3O2,False,,new_candidate,1,False,False,unvalidated
672,M00714,C3H5O2,False,,new_candidate,11,False,False,unvalidated
673,M00715,C3H2O3,False,,new_candidate,3,False,False,unvalidated
674,M00716,C4H3O,False,,new_candidate,1,False,False,unvalidated
675,M00717,C4H2O3,False,,new_candidate,1,False,False,unvalidated
676,M00718,C2H3O4,False,,new_candidate,1,False,False,unvalidated
677,M00719,C4H4O2,False,,new_candidate,1,False,False,unvalidated
678,M00720,C2H3O3,False,,new_candidate,3,False,False,unvalidated
679,M00721,C3H4O3,False,,new_candidate,1,False,False,unvalidated
680,M00722,C3H4O2,False,,new_candidate,3,False,False,unvalidated
681,M00723,C3H3O,False,,new_candidate,1,False,False,unvalidated
682,M00724,C2H3O2,False,,new_candidate,2,False,False,unvalidated
683,M00725,C3H2O,False,,new_candidate,8,False,False,unvalidated
684,M00726,C4H3O2,False,,new_candidate,1,False,False,unvalidated
685,M00727,C2H3O3,False,,new_candidate,2,False,False,unvalidated
686,M00728,C3H4O3,False,,new_candidate,1,False,False,unvalidated
687,M00729,C2H3O3,False,,new_candidate,1,False,False,unvalidated
688,M00730,C4H3O3,False,,new_candidate,1,False,False,unvalidated
689,M00731,C4H2O2,False,,new_candidate,1,False,False,unvalidated
690,M00732,C2H2O3,False,,new_candidate,4,False,False,unvalidated
691,M00733,C3HO2,False,,new_candidate,3,False,False,unvalidated
692,M00734,C3H2O3,False,,new_candidate,4,False,False,unvalidated
693,M00735,C3HO,False,,new_candidate,1,False,False,unvalidated
694,M00736,C3H2O2,False,,new_candidate,1,False,False,unvalidated
695,M00737,C5H3O2,False,,new_candidate,1,False,False,unvalidated
696,M00738,C4H3O3,False,,new_candidate,2,False,False,unvalidated
697,M00739,C3H4O2,False,,new_candidate,1,False,False,unvalidated
698,M00740,C2H4O2,False,,new_candidate,7,False,False,unvalidated
699,M00741,C2H2O4,False,,new_candidate,5,False,False,unvalidated
700,M00742,C2H3O2,False,,new_candidate,13,False,False,unvalidated
701,M00743,C4H4O2,False,,new_candidate,1,False,False,unvalidated
702,M00744,C2H3O3,False,,new_candidate,4,False,False,unvalidated
703,M00745,C3H4O,False,,new_candidate,4,False,False,unvalidated
704,M00746,C4H2O3,False,,new_candidate,1,False,False,unvalidated
705,M00747,C2H6O2,False,,new_candidate,11,False,False,unvalidated
706,M00748,C4H2O3,False,,new_candidate,1,False,False,unvalidated
707,M00749,C2H3O4,False,,new_candidate,2,False,False,unvalidated
708,M00750,C3H3O2,False,,new_candidate,1,False,False,unvalidated
709,M00751,C4H3O2,False,,new_candidate,2,False,False,unvalidated
710,M00752,C3H3O3,False,,new_candidate,1,False,False,unvalidated
711,M00753,C4H2O2,False,,new_candidate,17,False,False,unvalidated
712,M00754,C3H2O2,False,,new_candidate,7,False,False,unvalidated
713,M00755,C3H2,False,,new_candidate,12,False,False,unvalidated
714,M00756,C3H2O2,False,,new_candidate,1,False,False,unvalidated
715,M00757,C4H3O3,False,,new_candidate,1,False,False,unvalidated
716,M00758,C4H3O3,False,,new_candidate,3,False,False,unvalidated
717,M00759,C5H4O,False,,new_candidate,1,False,False,unvalidated
718,M00760,C3H4O2,False,,new_candidate,1,False,False,unvalidated
719,M00761,C3O,False,,new_candidate,1,False,False,unvalidated
720,M00762,C4H2O2,False,,new_candidate,1,False,False,unvalidated
721,M00763,C3H5O2,False,,new_candidate,1,False,False,unvalidated
722,M00764,C3H2O2,False,,new_candidate,1,False,False,unvalidated
723,M00765,C2H3O2,False,,new_candidate,9,False,False,unvalidated
724,M00766,C3H3O2,False,,new_candidate,2,False,False,unvalidated
725,M00767,C3H4O,False,,new_candidate,1,False,False,unvalidated
726,M00768,C3H3O2,False,,new_candidate,4,False,False,unvalidated
727,M00769,C4H3O2,False,,new_candidate,1,False,False,unvalidated
728,M00770,C5H3O2,False,,new_candidate,1,False,False,unvalidated
729,M00771,C3H3O,False,,new_candidate,2,False,False,unvalidated
730,M00772,C4H5O,False,,new_candidate,2,False,False,unvalidated
731,M00773,C3H4O3,False,,new_candidate,5,False,False,unvalidated
732,M00774,C2H2O4,False,,new_candidate,3,False,False,unvalidated
733,M00775,C4H3O2,False,,new_candidate,2,False,False,unvalidated
734,M00776,C3H3O,False,,new_candidate,3,False,False,unvalidated
735,M00777,C3H4O3,False,,new_candidate,1,False,False,unvalidated
736,M00778,C3H5O2,False,,new_candidate,1,False,False,unvalidated
737,M00779,C4HO2,False,,new_candidate,1,False,False,unvalidated
738,M00780,C2O,False,,new_candidate,4,False,False,unvalidated
739,M00781,C4H2O,False,,new_candidate,2,False,False,unvalidated
740,M00782,C3H2O,False,,new_candidate,4,False,False,unvalidated
741,M00783,C2O3,False,,new_candidate,1,False,False,unvalidated
742,M00784,C3H4O,False,,new_candidate,3,False,False,unvalidated
743,M00785,C2H2O3,False,,new_candidate,3,False,False,unvalidated
744,M00786,C4H4O,False,,new_candidate,1,False,False,unvalidated
745,M00787,C3H2O2,False,,new_candidate,1,False,False,unvalidated
746,M00788,C3H4O3,False,,new_candidate,3,False,False,unvalidated
747,M00789,C3H4O2,False,,new_candidate,1,False,False,unvalidated
748,M00790,C4H4O2,False,,new_candidate,1,False,False,unvalidated
749,M00791,C4HO2,False,,new_candidate,2,False,False,unvalidated
750,M00792,C4H3O,False,,new_candidate,1,False,False,unvalidated
751,M00793,C5H2O3,False,,new_candidate,1,False,False,unvalidated
752,M00794,C5H4O,False,,new_candidate,1,False,False,unvalidated
753,M00795,C4H4O,False,,new_candidate,1,False,False,unvalidated
754,M00796,C3HO3,False,,new_candidate,2,False,False,unvalidated
755,M00797,C3H3O4,False,,new_candidate,1,False,False,unvalidated
756,M00798,CH2O3,False,,new_candidate,6,False,False,unvalidated
757,M00799,C2H3O2,False,,new_candidate,6,False,False,unvalidated
758,M00800,C2H3O3,False,,new_candidate,1,False,False,unvalidated
759,M00801,C4H4O2,False,,new_candidate,1,False,False,unvalidated
760,M00802,C3H2O,False,,new_candidate,2,False,False,unvalidated
761,M00803,C3H2O,False,,new_candidate,4,False,False,unvalidated
762,M00804,C4H2O3,False,,new_candidate,1,False,False,unvalidated
763,M00805,C3H4O3,False,,new_candidate,2,False,False,unvalidated
764,M00806,C3H4O3,False,,new_candidate,1,False,False,unvalidated
765,M00807,C3H5O,False,,new_candidate,4,False,False,unvalidated
766,M00808,C4H2O4,False,,new_candidate,1,False,False,unvalidated
767,M00809,C3H3O2,False,,new_candidate,1,False,False,unvalidated
768,M00810,C4H3O2,False,,new_candidate,1,False,False,unvalidated
769,M00811,C3H4O2,False,,new_candidate,7,False,False,unvalidated
770,M00812,C3H2O3,False,,new_candidate,1,False,False,unvalidated
771,M00813,C3H3O3,False,,new_candidate,1,False,False,unvalidated
772,M00814,C3H5O2,False,,new_candidate,1,False,False,unvalidated
773,M00815,C2HO2,False,,new_candidate,4,False,False,unvalidated
774,M00816,C4H5O,False,,new_candidate,2,False,False,unvalidated
775,M00817,C3H2O3,False,,new_candidate,2,False,False,unvalidated
776,M00818,C2H4O2,False,,new_candidate,6,False,False,unvalidated
777,M00819,C2H4O4,False,,new_candidate,1,False,False,unvalidated
778,M00820,C4H4O2,False,,new_candidate,2,False,False,unvalidated
779,M00821,C5H3O2,False,,new_candidate,1,False,False,unvalidated
780,M00822,C3H3O4,False,,new_candidate,2,False,False,unvalidated
781,M00823,C3H4O,False,,new_candidate,1,False,False,unvalidated
782,M00824,C3HO2,False,,new_candidate,2,False,False,unvalidated
783,M00825,C3H2O2,False,,new_candidate,2,False,False,unvalidated
784,M00826,C5H3O2,False,,new_candidate,1,False,False,unvalidated
785,M00827,C5H2O,False,,new_candidate,1,False,False,unvalidated
786,M00828,C3H3O2,False,,new_candidate,2,False,False,unvalidated
787,M00829,C4H3O3,False,,new_candidate,1,False,False,unvalidated
788,M00830,C3HO,False,,new_candidate,3,False,False,unvalidated
789,M00831,C4H4,False,,new_candidate,1,False,False,unvalidated
790,M00832,C4H4O2,False,,new_candidate,1,False,False,unvalidated
791,M00833,C3H3O3,False,,new_candidate,2,False,False,unvalidated
792,M00834,C2H2O3,False,,new_candidate,5,False,False,unvalidated
793,M00835,C3H4O3,False,,new_candidate,1,False,False,unvalidated
794,M00836,C4H4O2,False,,new_candidate,4,False,False,unvalidated
795,M00837,C3H3O,False,,new_candidate,2,False,False,unvalidated
796,M00839,CH3O2,False,,new_candidate,1,False,False,unvalidated
797,M00840,C4H4O2,False,,new_candidate,5,False,False,unvalidated
798,M00841,C4HO2,False,,new_candidate,1,False,False,unvalidated
799,M00842,C3H3O4,False,,new_candidate,1,False,False,unvalidated
800,M00843,C3H5O,False,,new_candidate,5,False,False,unvalidated
801,M00844,C3H2O,False,,new_candidate,2,False,False,unvalidated
802,M00845,C4H4O2,False,,new_candidate,10,False,False,unvalidated
803,M00846,C3H2,False,,new_candidate,6,False,False,unvalidated
804,M00847,C4H2,False,,new_candidate,3,False,False,unvalidated
805,M00848,C2H5O3,False,,new_candidate,1,False,False,unvalidated
806,M00849,C2H4O3,False,,new_candidate,3,False,False,unvalidated
807,M00850,C3HO3,False,,new_candidate,1,False,False,unvalidated
808,M00851,C2H3O5,False,,new_candidate,1,False,False,unvalidated
809,M00852,C4H2O,False,,new_candidate,1,False,False,unvalidated
810,M00853,C3HO2,False,,new_candidate,1,False,False,unvalidated
811,M00854,C7H2O,False,,new_candidate,1,False,False,unvalidated
812,M00855,CH3O3,False,,new_candidate,19,False,False,unvalidated
813,M00856,C3H2O2,False,,new_candidate,3,False,False,unvalidated
814,M00857,C3H4O3,False,,new_candidate,2,False,False,unvalidated
815,M00858,C4H3O2,False,,new_candidate,1,False,False,unvalidated
816,M00859,C3H4O2,False,,new_candidate,5,False,False,unvalidated
817,M00860,C4H3O2,False,,new_candidate,1,False,False,unvalidated
818,M00861,C2H3O,False,,new_candidate,4,False,False,unvalidated
819,M00862,C3H5O2,False,,new_candidate,4,False,False,unvalidated
820,M00863,C2H2O3,False,,new_candidate,3,False,False,unvalidated
821,M00864,C2H2O5,False,,new_candidate,1,False,False,unvalidated
822,M00865,C3H4O,False,,new_candidate,2,False,False,unvalidated
823,M00866,C3H2O5,False,,new_candidate,1,False,False,unvalidated
824,M00867,C2HO2,False,,new_candidate,5,False,False,unvalidated
825,M00868,C4H2O2,False,,new_candidate,5,False,False,unvalidated
826,M00869,C3H3O4,False,,new_candidate,2,False,False,unvalidated
827,M00870,C5H2O3,False,,new_candidate,1,False,False,unvalidated
828,M00871,C4H4O2,False,,new_candidate,1,False,False,unvalidated
829,M00872,C3H3O2,False,,new_candidate,2,False,False,unvalidated
830,M00873,C4HO3,False,,new_candidate,1,False,False,unvalidated
831,M00874,C3H5O2,False,,new_candidate,3,False,False,unvalidated
832,M00875,C3H2O2,False,,new_candidate,2,False,False,unvalidated
833,M00876,C4H3O,False,,new_candidate,1,False,False,unvalidated
834,M00877,C3H2O4,False,,new_candidate,1,False,False,unvalidated
835,M00878,C3HO3,False,,new_candidate,1,False,False,unvalidated
836,M00879,C4H4O,False,,new_candidate,1,False,False,unvalidated
837,M00880,C4H4O,False,,new_candidate,1,False,False,unvalidated
838,M00881,C3H2O,False,,new_candidate,2,False,False,unvalidated
839,M00882,C4H4O2,False,,new_candidate,1,False,False,unvalidated
840,M00883,C4HO3,False,,new_candidate,1,False,False,unvalidated
841,M00884,C4HO2,False,,new_candidate,1,False,False,unvalidated
842,M00885,C5H3O2,False,,new_candidate,1,False,False,unvalidated
843,M00886,C3H4O,False,,new_candidate,2,False,False,unvalidated
844,M00887,C3H4O,False,,new_candidate,5,False,False,unvalidated
845,M00888,C3H2O4,False,,new_candidate,1,False,False,unvalidated
846,M00889,C3HO2,False,,new_candidate,1,False,False,unvalidated
847,M00890,C4H4O2,False,,new_candidate,1,False,False,unvalidated
848,M00891,C3H4O2,False,,new_candidate,2,False,False,unvalidated
849,M00892,C3H3O2,False,,new_candidate,5,False,False,unvalidated
850,M00893,C3H3O4,False,,new_candidate,1,False,False,unvalidated
851,M00894,C2HO5,False,,new_candidate,2,False,False,unvalidated
852,M00895,C4H4O2,False,,new_candidate,2,False,False,unvalidated
853,M00896,C4H2O4,False,,new_candidate,1,False,False,unvalidated
854,M00897,C4H5O,False,,new_candidate,1,False,False,unvalidated
855,M00898,C4H2O2,False,,new_candidate,2,False,False,unvalidated
856,M00899,C4H3O3,False,,new_candidate,1,False,False,unvalidated
857,M00900,C3H2O3,False,,new_candidate,3,False,False,unvalidated
858,M00901,C3H5O2,False,,new_candidate,1,False,False,unvalidated
859,M00902,C4H4O,False,,new_candidate,4,False,False,unvalidated
860,M00903,C3H2O2,False,,new_candidate,1,False,False,unvalidated
861,M00904,C3H5O2,False,,new_candidate,3,False,False,unvalidated
862,M00905,C3H4O2,False,,new_candidate,1,False,False,unvalidated
863,M00906,C3HO2,False,,new_candidate,1,False,False,unvalidated
864,M00907,C3H5O,False,,new_candidate,2,False,False,unvalidated
865,M00908,C4H5O,False,,new_candidate,1,False,False,unvalidated
866,M00909,C2H2O4,False,,new_candidate,1,False,False,unvalidated
867,M00910,C4H4O2,False,,new_candidate,1,False,False,unvalidated
868,M00911,C3H4O2,False,,new_candidate,1,False,False,unvalidated
869,M00912,C2H3O3,False,,new_candidate,4,False,False,unvalidated
870,M00913,C2O3,False,,new_candidate,4,False,False,unvalidated
871,M00914,C4H4O2,False,,new_candidate,1,False,False,unvalidated
872,M00915,C3H4O3,False,,new_candidate,3,False,False,unvalidated
873,M00916,C3H4O3,False,,new_candidate,2,False,False,unvalidated
874,M00917,C3H4O3,False,,new_candidate,1,False,False,unvalidated
875,M00918,C4H4O2,False,,new_candidate,1,False,False,unvalidated
876,M00919,C2HO3,False,,new_candidate,1,False,False,unvalidated
877,M00920,C2HO4,False,,new_candidate,1,False,False,unvalidated
878,M00921,C4H4O2,False,,new_candidate,5,False,False,unvalidated
879,M00922,C5H3O2,False,,new_candidate,1,False,False,unvalidated
880,M00923,C3HO4,False,,new_candidate,1,False,False,unvalidated
881,M00924,C3H2O3,False,,new_candidate,1,False,False,unvalidated
882,M00925,C3H2O2,False,,new_candidate,4,False,False,unvalidated
883,M00926,C3O2,False,,new_candidate,3,False,False,unvalidated
884,M00927,C2HO3,False,,new_candidate,1,False,False,unvalidated
885,M00928,C3H4O,False,,new_candidate,6,False,False,unvalidated
886,M00929,C2H3O5,False,,new_candidate,1,False,False,unvalidated
887,M00930,C4H2O4,False,,new_candidate,1,False,False,unvalidated
888,M00932,C4H5O,False,,new_candidate,1,False,False,unvalidated
889,M00933,C4H5O,False,,new_candidate,1,False,False,unvalidated
890,M00934,C3HO,False,,new_candidate,8,False,False,unvalidated
891,M00935,C4H4O,False,,new_candidate,2,False,False,unvalidated
892,M00936,C4H4O2,False,,new_candidate,1,False,False,unvalidated
893,M00937,C4H4O2,False,,new_candidate,1,False,False,unvalidated
894,M00938,C2HO4,False,,new_candidate,1,False,False,unvalidated
895,M00939,C2H4O2,False,,new_candidate,5,False,False,unvalidated
896,M00940,C3H3O4,False,,new_candidate,1,False,False,unvalidated
897,M00941,C3H4O2,False,,new_candidate,2,False,False,unvalidated
898,M00942,C4H4O2,False,,new_candidate,1,False,False,unvalidated
899,M00943,C2H4O3,False,,new_candidate,1,False,False,unvalidated
900,M00944,C6H2O2,False,,new_candidate,1,False,False,unvalidated
901,M00945,C3H3O2,False,,new_candidate,1,False,False,unvalidated
902,M00946,C3H2O,False,,new_candidate,2,False,False,unvalidated
903,M00947,C2H2O2,False,,new_candidate,2,False,False,unvalidated
904,M00948,H2O3,False,,new_candidate,1,False,False,unvalidated
905,M00949,C3H2O2,False,,new_candidate,1,False,False,unvalidated
906,M00950,C3H3O3,False,,new_candidate,3,False,False,unvalidated
907,M00951,C5H2O3,False,,new_candidate,1,False,False,unvalidated
908,M00952,C2H4O2,False,,new_candidate,2,False,False,unvalidated
909,M00953,C4H2O3,False,,new_candidate,1,False,False,unvalidated
910,M00954,C2O3,False,,new_candidate,2,False,False,unvalidated
911,M00955,C4H3O3,False,,new_candidate,1,False,False,unvalidated
912,M00956,C3H3O3,False,,new_candidate,1,False,False,unvalidated
913,M00957,C2H4O4,False,,new_candidate,3,False,False,unvalidated
914,M00958,C2H4O3,False,,new_candidate,2,False,False,unvalidated
915,M00959,C4H3O3,False,,new_candidate,7,False,False,unvalidated
916,M00960,C3H4O3,False,,new_candidate,2,False,False,unvalidated
917,M00961,C4H4O2,False,,new_candidate,1,False,False,unvalidated
918,M00962,C4H2O2,False,,new_candidate,1,False,False,unvalidated
919,M00963,C3H2O3,False,,new_candidate,1,False,False,unvalidated
920,M00964,C3H4O,False,,new_candidate,2,False,False,unvalidated
921,M00965,C4H2O3,False,,new_candidate,1,False,False,unvalidated
922,M00966,C4H4O,False,,new_candidate,5,False,False,unvalidated
923,M00967,C2HO2,False,,new_candidate,3,False,False,unvalidated
924,M00968,C2H5O3,False,,new_candidate,2,False,False,unvalidated
925,M00969,C3H2O,False,,new_candidate,1,False,False,unvalidated
926,M00970,C3H2O,False,,new_candidate,3,False,False,unvalidated
927,M00971,C3H2O2,False,,new_candidate,1,False,False,unvalidated
928,M00972,C4H3O2,False,,new_candidate,1,False,False,unvalidated
929,M00973,C3H3O2,False,,new_candidate,1,False,False,unvalidated
930,M00974,C4H3O3,False,,new_candidate,1,False,False,unvalidated
931,M00975,C3H5O,False,,new_candidate,2,False,False,unvalidated
932,M00976,C2H3O2,False,,new_candidate,1,False,False,unvalidated
933,M00977,C4H5O,False,,new_candidate,1,False,False,unvalidated
934,M00978,C4H3O3,False,,new_candidate,1,False,False,unvalidated
935,M00979,C3HO2,False,,new_candidate,5,False,False,unvalidated
936,M00980,C3H5O2,False,,new_candidate,1,False,False,unvalidated
937,M00981,C2H4O4,False,,new_candidate,1,False,False,unvalidated
938,M00982,C2H3O4,False,,new_candidate,1,False,False,unvalidated
939,M00983,C2H3O3,False,,new_candidate,1,False,False,unvalidated
940,M00984,C2H2O2,False,,new_candidate,1,False,False,unvalidated
941,M00985,C2H3O3,False,,new_candidate,1,False,False,unvalidated
942,M00986,C4HO,False,,new_candidate,1,False,False,unvalidated
943,M00987,C3H2O2,False,,new_candidate,2,False,False,unvalidated
944,M00988,C2H3O3,False,,new_candidate,2,False,False,unvalidated
945,M00989,C3H3O,False,,new_candidate,2,False,False,unvalidated
946,M00990,C4H4O2,False,,new_candidate,2,False,False,unvalidated
947,M00991,C3H3O2,False,,new_candidate,1,False,False,unvalidated
948,M00992,CH3O3,False,,new_candidate,2,False,False,unvalidated
949,M00993,C3H3O3,False,,new_candidate,1,False,False,unvalidated
950,M00994,C4H3O2,False,,new_candidate,1,False,False,unvalidated
951,M00995,C2H5O2,False,,new_candidate,2,False,False,unvalidated
952,M00996,C3H5O,False,,new_candidate,1,False,False,unvalidated
953,M00997,C2H5O3,False,,new_candidate,1,False,False,unvalidated
954,M00998,C4H2O2,False,,new_candidate,1,False,False,unvalidated
955,M00999,C3H4O2,False,,new_candidate,2,False,False,unvalidated
956,M01000,C3H3O3,False,,new_candidate,2,False,False,unvalidated
957,M01001,C3H4O3,False,,new_candidate,3,False,False,unvalidated
958,M01002,C4H3O2,False,,new_candidate,1,False,False,unvalidated
959,M01003,CHO3,False,,new_candidate,2,False,False,unvalidated
960,M01004,C4H4O2,False,,new_candidate,1,False,False,unvalidated
961,M01005,C3H4O,False,,new_candidate,1,False,False,unvalidated
962,M01006,C4H5O,False,,new_candidate,1,False,False,unvalidated
963,M01007,C2H2O3,False,,new_candidate,4,False,False,unvalidated
964,M01008,C3H3O2,False,,new_candidate,1,False,False,unvalidated
965,M01009,C3H2O3,False,,new_candidate,1,False,False,unvalidated
966,M01010,C3H2O3,False,,new_candidate,1,False,False,unvalidated
967,M01011,C4H4O2,False,,new_candidate,1,False,False,unvalidated
968,M01012,C3H4O2,False,,new_candidate,2,False,False,unvalidated
969,M01013,C3H2O3,False,,new_candidate,1,False,False,unvalidated
970,M01014,C5H2O3,False,,new_candidate,1,False,False,unvalidated
971,M01015,C4H2O,False,,new_candidate,4,False,False,unvalidated
972,M01016,C4H4O2,False,,new_candidate,1,False,False,unvalidated
973,M01017,C2H3O4,False,,new_candidate,1,False,False,unvalidated
974,M01018,C3H4O3,False,,new_candidate,1,False,False,unvalidated
975,M01019,C3H2O3,False,,new_candidate,1,False,False,unvalidated
976,M01020,C2H4O3,False,,new_candidate,1,False,False,unvalidated
977,M01021,C3H3O4,False,,new_candidate,2,False,False,unvalidated
978,M01022,C3H5O,False,,new_candidate,3,False,False,unvalidated
979,M01023,C3O,False,,new_candidate,1,False,False,unvalidated
980,M01024,C3HO,False,,new_candidate,2,False,False,unvalidated
981,M01025,C3HO3,False,,new_candidate,1,False,False,unvalidated
982,M01026,C3H2O3,False,,new_candidate,1,False,False,unvalidated
983,M01027,C4H3O,False,,new_candidate,3,False,False,unvalidated
984,M01028,C3H2O3,False,,new_candidate,7,False,False,unvalidated
985,M01029,C6H2O2,False,,new_candidate,1,False,False,unvalidated
986,M01030,C3H3O2,False,,new_candidate,1,False,False,unvalidated
987,M01031,C2O2,False,,new_candidate,1,False,False,unvalidated
988,M01032,C4H3O,False,,new_candidate,8,False,False,unvalidated
989,M01033,C2HO3,False,,new_candidate,1,False,False,unvalidated
990,M01034,C3HO2,False,,new_candidate,2,False,False,unvalidated
991,M01035,C2H4O4,False,,new_candidate,3,False,False,unvalidated
992,M01036,C4H3O2,False,,new_candidate,1,False,False,unvalidated
993,M01037,C5H4O,False,,new_candidate,1,False,False,unvalidated
994,M01038,C3H2O2,False,,new_candidate,7,False,False,unvalidated
995,M01039,C3H2O3,False,,new_candidate,1,False,False,unvalidated
996,M01040,C3HO3,False,,new_candidate,1,False,False,unvalidated
997,M01041,C3H5O2,False,,new_candidate,6,False,False,unvalidated
998,M01042,C2H3O3,False,,new_candidate,2,False,False,unvalidated
999,M01043,C2H5O2,False,,new_candidate,2,False,False,unvalidated
1000,M01044,C2H2O3,False,,new_candidate,1,False,False,unvalidated
1001,M01045,C2O2,False,,new_candidate,3,False,False,unvalidated
1002,M01046,C3H4,False,,new_candidate,2,False,False,unvalidated
1003,M01047,C2H2O3,False,,new_candidate,2,False,False,unvalidated
1004,M01048,C4H2O3,False,,new_candidate,1,False,False,unvalidated
1005,M01049,C4H2,False,,new_candidate,1,False,False,unvalidated
1006,M01050,C4H4O2,False,,new_candidate,2,False,False,unvalidated
1007,M01051,C4H5,False,,new_candidate,2,False,False,unvalidated
1008,M01052,C3H3O2,False,,new_candidate,1,False,False,unvalidated
1009,M01053,C3H3O3,False,,new_candidate,1,False,False,unvalidated
1010,M01054,C3H6O,False,,new_candidate,2,False,False,unvalidated
1011,M01055,C5H2O2,False,,new_candidate,1,False,False,unvalidated
1012,M01056,C4H4O,False,,new_candidate,1,False,False,unvalidated
1013,M01057,C3H4O2,False,,new_candidate,1,False,False,unvalidated
1014,M01058,C4H4O2,False,,new_candidate,3,False,False,unvalidated
1015,M01059,C2O2,False,,new_candidate,1,False,False,unvalidated
1016,M01060,C4H3O2,False,,new_candidate,1,False,False,unvalidated
1017,M01061,C3H4O3,False,,new_candidate,1,False,False,unvalidated
1018,M01062,C5H2O3,False,,new_candidate,1,False,False,unvalidated
1019,M01063,C6H2O,False,,new_candidate,1,False,False,unvalidated
1020,M01064,C4H,False,,new_candidate,6,False,False,unvalidated
1021,M01065,C4HO2,False,,new_candidate,1,False,False,unvalidated
1022,M01066,C2H4O2,False,,new_candidate,1,False,False,unvalidated
1023,M01067,C3HO2,False,,new_candidate,1,False,False,unvalidated
1024,M01068,C3H4,False,,new_candidate,2,False,False,unvalidated
1025,M01069,C3H2O,False,,new_candidate,1,False,False,unvalidated
1026,M01070,C3H3O2,False,,new_candidate,5,False,False,unvalidated
1027,M01071,C3H3O2,False,,new_candidate,1,False,False,unvalidated
1028,M01072,C2H4O3,False,,new_candidate,1,False,False,unvalidated
1029,M01073,C3H5O2,False,,new_candidate,2,False,False,unvalidated
1030,M01074,C2H2O2,False,,new_candidate,6,False,False,unvalidated
1031,M01075,C3H3O2,False,,new_candidate,4,False,False,unvalidated
1032,M01076,C3H4O3,False,,new_candidate,1,False,False,unvalidated
1033,M01077,C2H2O5,False,,new_candidate,1,False,False,unvalidated
1034,M01078,C5H3O2,False,,new_candidate,1,False,False,unvalidated
1035,M01079,C2HO2,False,,new_candidate,1,False,False,unvalidated
1036,M01080,C3HO2,False,,new_candidate,1,False,False,unvalidated
1037,M01081,C3H2O2,False,,new_candidate,1,False,False,unvalidated
1038,M01082,C3H2O3,False,,new_candidate,3,False,False,unvalidated
1039,M01083,C4H3O,False,,new_candidate,2,False,False,unvalidated
1040,M01084,O3,False,,new_candidate,1,False,False,unvalidated
1041,M01085,C3H3O3,False,,new_candidate,1,False,False,unvalidated
1042,M01086,C3H3O,False,,new_candidate,4,False,False,unvalidated
1043,M01087,C3O,False,,new_candidate,1,False,False,unvalidated
1044,M01088,C4H3O2,False,,new_candidate,3,False,False,unvalidated
1045,M01089,C4O2,False,,new_candidate,1,False,False,unvalidated
1046,M01090,C4H4O,False,,new_candidate,1,False,False,unvalidated
1047,M01091,C2HO4,False,,new_candidate,2,False,False,unvalidated
1048,M01092,C3H2O,False,,new_candidate,2,False,False,unvalidated
1049,M01093,C3H4O3,False,,new_candidate,1,False,False,unvalidated
1050,M01095,C4H3O2,False,,new_candidate,1,False,False,unvalidated
1051,M01096,C4HO,False,,new_candidate,1,False,False,unvalidated
1052,M01097,C4H2O,False,,new_candidate,1,False,False,unvalidated
1053,M01098,C4H3O,False,,new_candidate,2,False,False,unvalidated
1054,M01099,C4H5O,False,,new_candidate,1,False,False,unvalidated
1055,M01100,C4H4O,False,,new_candidate,1,False,False,unvalidated
1056,M01101,C4H3O3,False,,new_candidate,1,False,False,unvalidated
1057,M01102,C4H3O,False,,new_candidate,2,False,False,unvalidated
1058,M01103,C3H2O2,False,,new_candidate,2,False,False,unvalidated
1059,M01104,C4H5O,False,,new_candidate,1,False,False,unvalidated
1060,M01105,C2HO2,False,,new_candidate,1,False,False,unvalidated
1061,M01106,C4HO3,False,,new_candidate,1,False,False,unvalidated
1062,M01107,C2H2O4,False,,new_candidate,1,False,False,unvalidated
1063,M01108,C4H3O,False,,new_candidate,1,False,False,unvalidated
1064,M01109,C3H4O2,False,,new_candidate,1,False,False,unvalidated
1065,M01110,C4H3O,False,,new_candidate,2,False,False,unvalidated
1066,M01111,C3HO,False,,new_candidate,2,False,False,unvalidated
1067,M01112,C4H3O2,False,,new_candidate,1,False,False,unvalidated
1068,M01113,C4H2O,False,,new_candidate,3,False,False,unvalidated
1069,M01114,C4H3O2,False,,new_candidate,1,False,False,unvalidated
1070,M01115,C3H3O3,False,,new_candidate,1,False,False,unvalidated
1071,M01116,C4H5,False,,new_candidate,1,False,False,unvalidated
1072,M01117,C2H2O4,False,,new_candidate,2,False,False,unvalidated
1073,M01118,C3H2O3,False,,new_candidate,1,False,False,unvalidated
1074,M01119,C4H3O3,False,,new_candidate,1,False,False,unvalidated
1075,M01120,C2H3O3,False,,new_candidate,2,False,False,unvalidated
1076,M01121,C3H3O,False,,new_candidate,1,False,False,unvalidated
1077,M01123,C5H4O,False,,new_candidate,1,False,False,unvalidated
1078,M01124,C3H4O3,False,,new_candidate,1,False,False,unvalidated
1079,M01125,C3H4O3,False,,new_candidate,1,False,False,unvalidated
1080,M01126,C3H3O3,False,,new_candidate,2,False,False,unvalidated
1081,M01127,C3H5O2,False,,new_candidate,1,False,False,unvalidated
1082,M01128,C3H3O2,False,,new_candidate,1,False,False,unvalidated
1083,M01129,C2H3O3,False,,new_candidate,1,False,False,unvalidated
1084,M01130,C3H4O3,False,,new_candidate,2,False,False,unvalidated
1085,M01131,C2H3O4,False,,new_candidate,3,False,False,unvalidated
1086,M01132,C3H3O4,False,,new_candidate,1,False,False,unvalidated
1087,M01133,C3H4O3,False,,new_candidate,1,False,False,unvalidated
1088,M01134,C2H4O3,False,,new_candidate,1,False,False,unvalidated
1089,M01135,C3H2O3,False,,new_candidate,1,False,False,unvalidated
1090,M01136,C3H2,False,,new_candidate,1,False,False,unvalidated
1091,M01137,C3H4O3,False,,new_candidate,3,False,False,unvalidated
1092,M01138,C3H2O,False,,new_candidate,1,False,False,unvalidated
1093,M01139,C4H5O,False,,new_candidate,1,False,False,unvalidated
1094,M01140,CH2O2,False,,new_candidate,3,False,False,unvalidated
1095,M01141,C3HO2,False,,new_candidate,1,False,False,unvalidated
1096,M01142,C4H3O2,False,,new_candidate,2,False,False,unvalidated
1097,M01143,C2H2O,False,,new_candidate,5,False,False,unvalidated
1098,M01144,C3H3O2,False,,new_candidate,1,False,False,unvalidated
1099,M01145,C2H3,False,,new_candidate,8,False,False,unvalidated
1100,M01146,C4H4,False,,new_candidate,1,False,False,unvalidated
1101,M01147,C3H3O,False,,new_candidate,1,False,False,unvalidated
1102,M01148,C2H2O3,False,,new_candidate,1,False,False,unvalidated
1103,M01149,C4H2O4,False,,new_candidate,1,False,False,unvalidated
1104,M01150,C2O2,False,,new_candidate,1,False,False,unvalidated
1105,M01151,C3HO,False,,new_candidate,1,False,False,unvalidated
1106,M01152,C3H3O3,False,,new_candidate,1,False,False,unvalidated
1107,M01153,C3H2O3,False,,new_candidate,1,False,False,unvalidated
1108,M01154,C4HO,False,,new_candidate,1,False,False,unvalidated
1109,M01155,C4H2O4,False,,new_candidate,1,False,False,unvalidated
1110,M01156,C3H6O,False,,new_candidate,1,False,False,unvalidated
1111,M01157,C4H3O2,False,,new_candidate,1,False,False,unvalidated
1112,M01158,C4H3O2,False,,new_candidate,1,False,False,unvalidated
1113,M01159,C3H3O3,False,,new_candidate,1,False,False,unvalidated
1114,M01160,C3H4O3,False,,new_candidate,1,False,False,unvalidated
1115,M01161,C5H3O,False,,new_candidate,1,False,False,unvalidated
1116,M01162,C3H3O3,False,,new_candidate,1,False,False,unvalidated
1117,M01163,C3H2,False,,new_candidate,1,False,False,unvalidated
1118,M01164,C5HO4,False,,new_candidate,1,False,False,unvalidated
1119,M01165,C5H3O2,False,,new_candidate,1,False,False,unvalidated
1120,M01166,C3HO4,False,,new_candidate,1,False,False,unvalidated
1121,M01167,C4H3O2,False,,new_candidate,4,False,False,unvalidated
1122,M01168,C5H2O3,False,,new_candidate,1,False,False,unvalidated
1123,M01169,C3H5O2,False,,new_candidate,1,False,False,unvalidated
1124,M01170,C3H2O2,False,,new_candidate,2,False,False,unvalidated
1125,M01171,C5H3O2,False,,new_candidate,1,False,False,unvalidated
1126,M01172,C3H3O4,False,,new_candidate,1,False,False,unvalidated
1127,M01173,C3H5O2,False,,new_candidate,1,False,False,unvalidated
1128,M01174,C4H4O2,False,,new_candidate,1,False,False,unvalidated
1129,M01175,CHO4,False,,new_candidate,2,False,False,unvalidated
1130,M01176,C3HO2,False,,new_candidate,1,False,False,unvalidated
1131,M01177,C3HO,False,,new_candidate,3,False,False,unvalidated
1132,M01178,C5HO3,False,,new_candidate,1,False,False,unvalidated
1133,M01179,C5H2O2,False,,new_candidate,1,False,False,unvalidated
1134,M01180,C3H2O,False,,new_candidate,1,False,False,unvalidated
1135,M01181,C2HO2,False,,new_candidate,1,False,False,unvalidated
1136,M01182,C5H2O2,False,,new_candidate,1,False,False,unvalidated
1137,M01183,C3H4O2,False,,new_candidate,1,False,False,unvalidated
1138,M01184,C3H3O4,False,,new_candidate,1,False,False,unvalidated
1139,M01185,C4H2O4,False,,new_candidate,1,False,False,unvalidated
1140,M01186,C3H3O2,False,,new_candidate,1,False,False,unvalidated
1141,M01187,C4H3O2,False,,new_candidate,1,False,False,unvalidated
1142,M01188,C5H2O2,False,,new_candidate,1,False,False,unvalidated
1143,M01189,C3H4O2,False,,new_candidate,4,False,False,unvalidated
1144,M01190,C4H3O3,False,,new_candidate,1,False,False,unvalidated
1145,M01191,C4H3O2,False,,new_candidate,1,False,False,unvalidated
1146,M01192,C3H2O,False,,new_candidate,1,False,False,unvalidated
1147,M01193,C2H2O5,False,,new_candidate,1,False,False,unvalidated
1148,M01194,C5H3O2,False,,new_candidate,1,False,False,unvalidated
1149,M01195,C4H3O2,False,,new_candidate,1,False,False,unvalidated
1150,M01196,C3H2O4,False,,new_candidate,1,False,False,unvalidated
1151,M01197,C3O,False,,new_candidate,5,False,False,unvalidated
1152,M01198,C6H2O,False,,new_candidate,1,False,False,unvalidated
1153,M01199,CO2,False,,new_candidate,1,False,False,unvalidated
1154,M01200,C3H3O4,False,,new_candidate,1,False,False,unvalidated
1155,M01201,C3H3O3,False,,new_candidate,1,False,False,unvalidated
1156,M01202,C2H4O4,False,,new_candidate,3,False,False,unvalidated
1157,M01203,C3H3O3,False,,new_candidate,1,False,False,unvalidated
1158,M01204,C4H4O2,False,,new_candidate,1,False,False,unvalidated
1159,M01205,C4H4O2,False,,new_candidate,1,False,False,unvalidated
1160,M01206,C4H2O4,False,,new_candidate,1,False,False,unvalidated
1161,M01207,C5H3O2,False,,new_candidate,1,False,False,unvalidated
1162,M01208,C5H2O3,False,,new_candidate,1,False,False,unvalidated
1163,M01209,C3H2O,False,,new_candidate,2,False,False,unvalidated
1164,M01210,C3H2O,False,,new_candidate,1,False,False,unvalidated
1165,M01211,C4H4O2,False,,new_candidate,2,False,False,unvalidated
1166,M01212,C3HO3,False,,new_candidate,1,False,False,unvalidated
1167,M01213,C4H2O3,False,,new_candidate,3,False,False,unvalidated
1168,M01214,C5H2O3,False,,new_candidate,1,False,False,unvalidated
1169,M01215,C3H2O3,False,,new_candidate,1,False,False,unvalidated
1170,M01216,C4H5O,False,,new_candidate,1,False,False,unvalidated
1171,M01217,C3HO3,False,,new_candidate,2,False,False,unvalidated
1172,M01218,C4H2O2,False,,new_candidate,4,False,False,unvalidated
1173,M01219,C3H3O4,False,,new_candidate,1,False,False,unvalidated
1174,M01220,C4H4O2,False,,new_candidate,1,False,False,unvalidated
1175,M01221,C4H5O,False,,new_candidate,1,False,False,unvalidated
1176,M01222,C4H4O2,False,,new_candidate,1,False,False,unvalidated
1177,M01223,C3HO2,False,,new_candidate,1,False,False,unvalidated
1178,M01224,C3H5O2,False,,new_candidate,3,False,False,unvalidated
1179,M01225,C4H2O,False,,new_candidate,1,False,False,unvalidated
1180,M01226,C2O2,False,,new_candidate,1,False,False,unvalidated
1181,M01227,C3H2O,False,,new_candidate,1,False,False,unvalidated
1182,M01228,C3HO3,False,,new_candidate,1,False,False,unvalidated
1183,M01229,C2H2O3,False,,new_candidate,1,False,False,unvalidated
1184,M01230,C3H2O2,False,,new_candidate,4,False,False,unvalidated
1185,M01231,C3H3O2,False,,new_candidate,2,False,False,unvalidated
1186,M01232,C3H2O2,False,,new_candidate,1,False,False,unvalidated
1187,M01233,C4H2O,False,,new_candidate,1,False,False,unvalidated
1188,M01234,CHO2,False,,new_candidate,1,False,False,unvalidated
1189,M01235,C2O,False,,new_candidate,2,False,False,unvalidated
1190,M01236,C5H2O2,False,,new_candidate,1,False,False,unvalidated
1191,M01237,C2H2O2,False,,new_candidate,1,False,False,unvalidated
1192,M01238,C2H4O3,False,,new_candidate,3,False,False,unvalidated
1193,M01239,C3H2O2,False,,new_candidate,1,False,False,unvalidated
1194,M01240,C3H2O3,False,,new_candidate,1,False,False,unvalidated
1195,M01241,C4O2,False,,new_candidate,1,False,False,unvalidated
1196,M01242,C4H4O2,False,,new_candidate,2,False,False,unvalidated
1197,M01243,C2H3O3,False,,new_candidate,1,False,False,unvalidated
1198,M01244,CH2O3,False,,new_candidate,1,False,False,unvalidated
1199,M01245,C3H2O3,False,,new_candidate,1,False,False,unvalidated
1200,M01246,C3H4O2,False,,new_candidate,1,False,False,unvalidated
1201,M01247,C5H2O,False,,new_candidate,1,False,False,unvalidated
1202,M01248,C3O2,False,,new_candidate,1,False,False,unvalidated
1203,M01249,C2HO2,False,,new_candidate,2,False,False,unvalidated
1204,M01250,C2H5O3,False,,new_candidate,2,False,False,unvalidated
1205,M01251,C3H4O3,False,,new_candidate,1,False,False,unvalidated
1206,M01252,C3HO,False,,new_candidate,2,False,False,unvalidated
1207,M01253,C3HO,False,,new_candidate,1,False,False,unvalidated
1208,M01254,C4H3O3,False,,new_candidate,1,False,False,unvalidated
1209,M01255,C3H2O2,False,,new_candidate,1,False,False,unvalidated
1210,M01256,C2HO,False,,new_candidate,1,False,False,unvalidated
1211,M01257,C3H3O3,False,,new_candidate,1,False,False,unvalidated
1212,M01258,C3H4O3,False,,new_candidate,1,False,False,unvalidated
1213,M01259,C5H2O,False,,new_candidate,1,False,False,unvalidated
1214,M01260,C4H2O2,False,,new_candidate,1,False,False,unvalidated
1215,M01261,C3H2O3,False,,new_candidate,1,False,False,unvalidated
1216,M01262,C3H2O2,False,,new_candidate,1,False,False,unvalidated
1217,M01263,C2H2O4,False,,new_candidate,1,False,False,unvalidated
1218,M01264,C3H4O2,False,,new_candidate,1,False,False,unvalidated
1219,M01265,C4H4O2,False,,new_candidate,1,False,False,unvalidated
1220,M01266,C3H4O3,False,,new_candidate,1,False,False,unvalidated
1221,M01267,C4H3O3,False,,new_candidate,1,False,False,unvalidated
1222,M01268,C2H2O2,False,,new_candidate,1,False,False,unvalidated
1223,M01269,C3HO,False,,new_candidate,1,False,False,unvalidated
1224,M01270,C3H2O2,False,,new_candidate,1,False,False,unvalidated
1225,M01271,C4H3O3,False,,new_candidate,1,False,False,unvalidated
1226,M01272,C3HO3,False,,new_candidate,1,False,False,unvalidated
1227,M01273,C4H3O,False,,new_candidate,1,False,False,unvalidated
1228,M01274,C3H2O3,False,,new_candidate,1,False,False,unvalidated
1229,M01275,C5H3O2,False,,new_candidate,1,False,False,unvalidated
1230,M01276,C3H4O3,False,,new_candidate,1,False,False,unvalidated
1231,M01277,C2H4O4,False,,new_candidate,1,False,False,unvalidated
1232,M01278,C2HO2,False,,new_candidate,1,False,False,unvalidated
1233,M01279,C4H3O,False,,new_candidate,1,False,False,unvalidated
1234,M01280,C4H3O3,False,,new_candidate,1,False,False,unvalidated
1235,M01281,C3H4O3,False,,new_candidate,1,False,False,unvalidated
1236,M01282,C3H6O,False,,new_candidate,1,False,False,unvalidated
1237,M01283,C2H2O4,False,,new_candidate,1,False,False,unvalidated
1238,M01284,C4H5O,False,,new_candidate,1,False,False,unvalidated
1239,M01285,C3,False,,new_candidate,1,False,False,unvalidated
1240,M01286,C4H3O2,False,,new_candidate,1,False,False,unvalidated
1241,M01287,C5H2O2,False,,new_candidate,1,False,False,unvalidated
1242,M01288,C2HO3,False,,new_candidate,2,False,False,unvalidated
1243,M01289,C4H3O,False,,new_candidate,1,False,False,unvalidated
1244,M01290,C3H5O2,False,,new_candidate,1,False,False,unvalidated
1245,M01291,C4HO2,False,,new_candidate,1,False,False,unvalidated
1246,M01292,C4H4O2,False,,new_candidate,1,False,False,unvalidated
1247,M01293,C3HO,False,,new_candidate,1,False,False,unvalidated
1248,M01294,C3H3O2,False,,new_candidate,2,False,False,unvalidated
1249,M01295,C2H2O2,False,,new_candidate,1,False,False,unvalidated
1250,M01296,C3H3O4,False,,new_candidate,1,False,False,unvalidated
1251,M01297,C2H2O2,False,,new_candidate,2,False,False,unvalidated
1252,M01298,C2H4O3,False,,new_candidate,1,False,False,unvalidated
1253,M01299,C4H3O,False,,new_candidate,1,False,False,unvalidated
1254,M01300,C3H3O3,False,,new_candidate,1,False,False,unvalidated
1255,M01301,C4H4O,False,,new_candidate,1,False,False,unvalidated
1256,M01302,C4H3O3,False,,new_candidate,1,False,False,unvalidated
1257,M01303,C3HO4,False,,new_candidate,1,False,False,unvalidated
1258,M01304,C5H4O,False,,new_candidate,1,False,False,unvalidated
1259,M01305,C5HO3,False,,new_candidate,1,False,False,unvalidated
1260,M01306,C3H3O4,False,,new_candidate,1,False,False,unvalidated
1261,M01307,C4H3O3,False,,new_candidate,2,False,False,unvalidated
1262,M01308,C5H3O2,False,,new_candidate,3,False,False,unvalidated
1263,M01309,C4H2O2,False,,new_candidate,1,False,False,unvalidated
1264,M01310,C4H3O2,False,,new_candidate,1,False,False,unvalidated
1265,M01311,C4H3O2,False,,new_candidate,1,False,False,unvalidated
1266,M01312,C3H3O,False,,new_candidate,1,False,False,unvalidated
1267,M01313,C4HO2,False,,new_candidate,1,False,False,unvalidated
1268,M01314,C3H4O2,False,,new_candidate,1,False,False,unvalidated
1269,M01315,C5H3O,False,,new_candidate,1,False,False,unvalidated
1270,M01316,C2H2O3,False,,new_candidate,2,False,False,unvalidated
1271,M01317,C4H2O3,False,,new_candidate,1,False,False,unvalidated
1272,M01318,C2HO,False,,new_candidate,2,False,False,unvalidated
1273,M01319,C4H4O2,False,,new_candidate,3,False,False,unvalidated
1274,M01320,C4H4O,False,,new_candidate,1,False,False,unvalidated
1275,M01321,C4H3O2,False,,new_candidate,1,False,False,unvalidated
1276,M01322,C2H3O4,False,,new_candidate,1,False,False,unvalidated
1277,M01323,C3H2O,False,,new_candidate,1,False,False,unvalidated
1278,M01324,C3H4O,False,,new_candidate,1,False,False,unvalidated
1279,M01325,C5H4O,False,,new_candidate,1,False,False,unvalidated
1280,M01326,C5H3,False,,new_candidate,1,False,False,unvalidated
1281,M01327,C5H2O2,False,,new_candidate,1,False,False,unvalidated
1282,M01328,C4H3O3,False,,new_candidate,1,False,False,unvalidated
1283,M01329,C3H4O2,False,,new_candidate,1,False,False,unvalidated
1284,M01330,C5H2O,False,,new_candidate,1,False,False,unvalidated
1285,M01331,C4H3O2,False,,new_candidate,1,False,False,unvalidated
1286,M01332,C2O3,False,,new_candidate,1,False,False,unvalidated
1287,M01333,C4H2O,False,,new_candidate,2,False,False,unvalidated
1288,M01334,C2H2O,False,,new_candidate,1,False,False,unvalidated
1289,M01335,C5H3O2,False,,new_candidate,1,False,False,unvalidated
1290,M01336,C3H3O4,False,,new_candidate,1,False,False,unvalidated
1291,M01337,C2H4O3,False,,new_candidate,2,False,False,unvalidated
1292,M01338,C3H3O2,False,,new_candidate,1,False,False,unvalidated
1293,M01339,C3HO2,False,,new_candidate,1,False,False,unvalidated
1294,M01340,C4H4O2,False,,new_candidate,1,False,False,unvalidated
1295,M01341,C2H2O4,False,,new_candidate,2,False,False,unvalidated
1296,M01342,C3H4O3,False,,new_candidate,1,False,False,unvalidated
1297,M01343,C4H3O3,False,,new_candidate,1,False,False,unvalidated
1298,M01344,C3H5O2,False,,new_candidate,2,False,False,unvalidated
1299,M01345,C3H5O2,False,,new_candidate,1,False,False,unvalidated
1300,M01346,C4H4O2,False,,new_candidate,1,False,False,unvalidated
1301,M01347,C2H2O2,False,,new_candidate,2,False,False,unvalidated
1302,M01348,C3H2O2,False,,new_candidate,1,False,False,unvalidated
1303,M01349,C3H2O2,False,,new_candidate,1,False,False,unvalidated
1304,M01350,C4HO3,False,,new_candidate,1,False,False,unvalidated
1305,M01351,C2H2O3,False,,new_candidate,1,False,False,unvalidated
1306,M01352,C2H5O2,False,,new_candidate,2,False,False,unvalidated
1307,M01353,C2H3O3,False,,new_candidate,1,False,False,unvalidated
1308,M01354,C5H3O,False,,new_candidate,1,False,False,unvalidated
1309,M01355,C4H4,False,,new_candidate,1,False,False,unvalidated
1310,M01356,C3HO2,False,,new_candidate,1,False,False,unvalidated
1311,M01357,C3H3O4,False,,new_candidate,1,False,False,unvalidated
1312,M01358,C4H4O2,False,,new_candidate,1,False,False,unvalidated
1313,M01359,C4H2O,False,,new_candidate,1,False,False,unvalidated
1314,M01360,C3O2,False,,new_candidate,4,False,False,unvalidated
1315,M01361,C4H4O2,False,,new_candidate,2,False,False,unvalidated
1316,M01362,C4H2O4,False,,new_candidate,1,False,False,unvalidated
1317,M01363,C4H2O,False,,new_candidate,1,False,False,unvalidated
1318,M01364,C3H3O,False,,new_candidate,2,False,False,unvalidated
1319,M01365,C6H2O2,False,,new_candidate,1,False,False,unvalidated
1320,M01366,C3HO2,False,,new_candidate,1,False,False,unvalidated
1321,M01367,C2H2O3,False,,new_candidate,1,False,False,unvalidated
1322,M01368,C2H5O3,False,,new_candidate,2,False,False,unvalidated
1323,M01369,C4H5O,False,,new_candidate,1,False,False,unvalidated
1324,M01370,C2H2O3,False,,new_candidate,1,False,False,unvalidated
1325,M01371,C3H3O,False,,new_candidate,1,False,False,unvalidated
1326,M01372,C3H3O,False,,new_candidate,1,False,False,unvalidated
1327,M01373,C3H4O3,False,,new_candidate,1,False,False,unvalidated
1328,M01374,C3O,False,,new_candidate,1,False,False,unvalidated
1329,M01375,C3H3O4,False,,new_candidate,1,False,False,unvalidated
1330,M01376,C4H4O2,False,,new_candidate,2,False,False,unvalidated
1331,M01377,C4H2O,False,,new_candidate,1,False,False,unvalidated
1332,M01378,C3H3O2,False,,new_candidate,2,False,False,unvalidated
1333,M01379,C4H2O,False,,new_candidate,2,False,False,unvalidated
1334,M01380,C2H5O3,False,,new_candidate,1,False,False,unvalidated
1335,M01381,C3H3O3,False,,new_candidate,1,False,False,unvalidated
1336,M01382,C4HO2,False,,new_candidate,1,False,False,unvalidated
1337,M01383,C4H3O3,False,,new_candidate,1,False,False,unvalidated
1338,M01384,C6H3O,False,,new_candidate,1,False,False,unvalidated
1339,M01385,C4H4O,False,,new_candidate,1,False,False,unvalidated
1340,M01386,C5H4O,False,,new_candidate,1,False,False,unvalidated
1341,M01387,C4H5O,False,,new_candidate,1,False,False,unvalidated
1342,M01388,C4HO2,False,,new_candidate,1,False,False,unvalidated
1343,M01389,CH2O3,False,,new_candidate,1,False,False,unvalidated
1344,M01390,C3H4O2,False,,new_candidate,1,False,False,unvalidated
1345,M01391,C4H4O2,False,,new_candidate,1,False,False,unvalidated
1346,M01392,C2HO3,False,,new_candidate,2,False,False,unvalidated
1347,M01393,C4H3O2,False,,new_candidate,1,False,False,unvalidated
1348,M01395,C3H4O,False,,new_candidate,1,False,False,unvalidated
1349,M01396,C2H3O4,False,,new_candidate,1,False,False,unvalidated
1350,M01397,C3H3O,False,,new_candidate,2,False,False,unvalidated
1351,M01398,C4H3O3,False,,new_candidate,1,False,False,unvalidated
1352,M01399,C2H3O2,False,,new_candidate,1,False,False,unvalidated
1353,M01400,C2H2O3,False,,new_candidate,1,False,False,unvalidated
1354,M01401,C3H4O,False,,new_candidate,1,False,False,unvalidated
1355,M01402,C3HO3,False,,new_candidate,1,False,False,unvalidated
1356,M01403,C4H2O3,False,,new_candidate,1,False,False,unvalidated
1357,M01404,C2H3O2,False,,new_candidate,4,False,False,unvalidated
1358,M01405,C2H3O2,False,,new_candidate,1,False,False,unvalidated
1359,M01406,C3H4O3,False,,new_candidate,1,False,False,unvalidated
1360,M01407,C5H2O,False,,new_candidate,1,False,False,unvalidated
1361,M01408,C4HO4,False,,new_candidate,1,False,False,unvalidated
1362,M01409,C3H4O,False,,new_candidate,2,False,False,unvalidated
1363,M01410,C2HO,False,,new_candidate,1,False,False,unvalidated
1364,M01411,C4H2O2,False,,new_candidate,1,False,False,unvalidated
1365,M01412,C5H3O2,False,,new_candidate,1,False,False,unvalidated
1366,M01413,C4H3O3,False,,new_candidate,1,False,False,unvalidated
1367,M01414,C4H5O,False,,new_candidate,1,False,False,unvalidated
1368,M01415,C4HO2,False,,new_candidate,1,False,False,unvalidated
1369,M01416,C5H3O2,False,,new_candidate,1,False,False,unvalidated
1370,M01417,C4H4,False,,new_candidate,2,False,False,unvalidated
1371,M01418,C3H2O3,False,,new_candidate,1,False,False,unvalidated
1372,M01419,C4H3O3,False,,new_candidate,1,False,False,unvalidated
1373,M01420,C4H3O3,False,,new_candidate,1,False,False,unvalidated
1374,M01421,C4H3O2,False,,new_candidate,2,False,False,unvalidated
1375,M01422,C2HO2,False,,new_candidate,1,False,False,unvalidated
1376,M01423,C5H3O2,False,,new_candidate,1,False,False,unvalidated
1377,M01424,C4H3O2,False,,new_candidate,1,False,False,unvalidated
1378,M01425,C3HO,False,,new_candidate,2,False,False,unvalidated
1379,M01426,C4H2O,False,,new_candidate,1,False,False,unvalidated
1380,M01427,C2H3O3,False,,new_candidate,1,False,False,unvalidated
1381,M01428,CH4O4,False,,new_candidate,1,False,False,unvalidated
1382,M01429,C5H2O3,False,,new_candidate,1,False,False,unvalidated
1383,M01430,C5H2O2,False,,new_candidate,1,False,False,unvalidated
1384,M01431,C3H4O3,False,,new_candidate,1,False,False,unvalidated
1385,M01432,C3HO,False,,new_candidate,1,False,False,unvalidated
1386,M01433,C2HO3,False,,new_candidate,1,False,False,unvalidated
1387,M01434,C3H4,False,,new_candidate,1,False,False,unvalidated
1388,M01435,C4H4O,False,,new_candidate,1,False,False,unvalidated
1389,M01436,C4HO,False,,new_candidate,1,False,False,unvalidated
1390,M01437,C4HO2,False,,new_candidate,1,False,False,unvalidated
1391,M01438,C4H3O2,False,,new_candidate,1,False,False,unvalidated
1392,M01439,C3H3O4,False,,new_candidate,1,False,False,unvalidated
1393,M01440,C2HO3,False,,new_candidate,2,False,False,unvalidated
1394,M01441,C4H5O,False,,new_candidate,1,False,False,unvalidated
1395,M01442,C4H2O4,False,,new_candidate,1,False,False,unvalidated
1396,M01443,C3H3O2,False,,new_candidate,1,False,False,unvalidated
1397,M01444,C3H4O3,False,,new_candidate,3,False,False,unvalidated
1398,M01445,C3H4O3,False,,new_candidate,1,False,False,unvalidated
1399,M01446,C3H3O3,False,,new_candidate,1,False,False,unvalidated
1400,M01447,C4H4O,False,,new_candidate,1,False,False,unvalidated
1401,M01448,C4H4O,False,,new_candidate,2,False,False,unvalidated
1402,M01449,C4HO3,False,,new_candidate,1,False,False,unvalidated
1403,M01450,C3H4O2,False,,new_candidate,1,False,False,unvalidated
1404,M01451,C4H3O3,False,,new_candidate,1,False,False,unvalidated
1405,M01452,C2H4O3,False,,new_candidate,1,False,False,unvalidated
1406,M01453,C3O3,False,,new_candidate,1,False,False,unvalidated
1407,M01454,C4H3O3,False,,new_candidate,1,False,False,unvalidated
1408,M01455,C4H5O,False,,new_candidate,1,False,False,unvalidated
1409,M01456,C4H2O3,False,,new_candidate,1,False,False,unvalidated
1410,M01457,C3O2,False,,new_candidate,1,False,False,unvalidated
1411,M01458,C4H3O3,False,,new_candidate,1,False,False,unvalidated
1412,M01459,C4H3O2,False,,new_candidate,1,False,False,unvalidated
1413,M01460,C4H4O,False,,new_candidate,1,False,False,unvalidated
1414,M01461,C5H4O,False,,new_candidate,1,False,False,unvalidated
1415,M01462,C3H2O2,False,,new_candidate,1,False,False,unvalidated
1416,M01463,C2H3O4,False,,new_candidate,1,False,False,unvalidated
1417,M01464,C3H3O3,False,,new_candidate,1,False,False,unvalidated
1418,M01465,C4H3O3,False,,new_candidate,2,False,False,unvalidated
1419,M01466,C3H5O2,False,,new_candidate,3,False,False,unvalidated
1420,M01467,C4H4O2,False,,new_candidate,1,False,False,unvalidated
1421,M01468,C4H3O3,False,,new_candidate,1,False,False,unvalidated
1422,M01469,C3HO,False,,new_candidate,1,False,False,unvalidated
1423,M01470,C3H3O2,False,,new_candidate,1,False,False,unvalidated
1424,M01471,C2H2O,False,,new_candidate,1,False,False,unvalidated
1425,M01472,C3H3O4,False,,new_candidate,1,False,False,unvalidated
1426,M01473,C4H2O3,False,,new_candidate,1,False,False,unvalidated
1427,M01474,C3H2O,False,,new_candidate,1,False,False,unvalidated
1428,M01475,C4H3O2,False,,new_candidate,1,False,False,unvalidated
1429,M01476,C4H3O3,False,,new_candidate,1,False,False,unvalidated
1430,M01477,CH4O4,False,,new_candidate,2,False,False,unvalidated
1431,M01478,C4H4O2,False,,new_candidate,1,False,False,unvalidated
1432,M01479,C3H4O2,False,,new_candidate,1,False,False,unvalidated
1433,M01480,C3H3O3,False,,new_candidate,1,False,False,unvalidated
1434,M01481,C3H3O,False,,new_candidate,1,False,False,unvalidated
1435,M01482,C3H2O,False,,new_candidate,1,False,False,unvalidated
1436,M01483,C3H4O3,False,,new_candidate,1,False,False,unvalidated
1437,M01484,C4H2O2,False,,new_candidate,1,False,False,unvalidated
1438,M01485,C3H3O3,False,,new_candidate,1,False,False,unvalidated
1439,M01486,C4H3O2,False,,new_candidate,1,False,False,unvalidated
1440,M01487,C3H3O2,False,,new_candidate,3,False,False,unvalidated
1441,M01488,C3HO,False,,new_candidate,1,False,False,unvalidated
1442,M01489,C3HO2,False,,new_candidate,2,False,False,unvalidated
1443,M01490,C3H2O2,False,,new_candidate,1,False,False,unvalidated
1444,M01491,C4H2O4,False,,new_candidate,1,False,False,unvalidated
1445,M01492,C3H3O,False,,new_candidate,1,False,False,unvalidated
1446,M01493,C4H3O3,False,,new_candidate,1,False,False,unvalidated
1447,M01494,C3H2O3,False,,new_candidate,1,False,False,unvalidated
1448,M01495,C4HO,False,,new_candidate,1,False,False,unvalidated
1449,M01496,C3H2O,False,,new_candidate,1,False,False,unvalidated
1450,M01497,C3H3O2,False,,new_candidate,1,False,False,unvalidated
1451,M01498,C3H3O2,False,,new_candidate,1,False,False,unvalidated
1452,M01499,C2H4O2,False,,new_candidate,1,False,False,unvalidated
1453,M01500,C5H3O2,False,,new_candidate,1,False,False,unvalidated
1454,M01501,C3H3O4,False,,new_candidate,1,False,False,unvalidated
1455,M01502,C3H4O3,False,,new_candidate,1,False,False,unvalidated
1456,M01503,C5H3O2,False,,new_candidate,1,False,False,unvalidated
1457,M01504,C3H4O2,False,,new_candidate,1,False,False,unvalidated
1458,M01505,C5H2O2,False,,new_candidate,1,False,False,unvalidated
1459,M01506,C4H4O2,False,,new_candidate,1,False,False,unvalidated
1460,M01507,C3H3O4,False,,new_candidate,1,False,False,unvalidated
1461,M01508,C3H3O2,False,,new_candidate,1,False,False,unvalidated
1462,M01509,C4H3O3,False,,new_candidate,1,False,False,unvalidated
1463,M01510,C4H4O2,False,,new_candidate,1,False,False,unvalidated
1464,M01511,C3H4O,False,,new_candidate,1,False,False,unvalidated
1465,M01512,C3H2O,False,,new_candidate,2,False,False,unvalidated
1466,M01513,C4H3O2,False,,new_candidate,1,False,False,unvalidated
1467,M01514,C3H3O,False,,new_candidate,1,False,False,unvalidated
1468,M01515,C5H4O,False,,new_candidate,1,False,False,unvalidated
1469,M01516,C3H3O4,False,,new_candidate,1,False,False,unvalidated
1470,M01517,C3H2,False,,new_candidate,1,False,False,unvalidated
1471,M01518,C2H2O2,False,,new_candidate,1,False,False,unvalidated
1472,M01519,C3H3O3,False,,new_candidate,1,False,False,unvalidated
1473,M01520,C2H4O3,False,,new_candidate,1,False,False,unvalidated
1474,M01521,C4H4O2,False,,new_candidate,1,False,False,unvalidated
1475,M01522,C4H4O2,False,,new_candidate,1,False,False,unvalidated
1476,M01523,C3H6O,False,,new_candidate,2,False,False,unvalidated
1477,M01524,C3H3O2,False,,new_candidate,1,False,False,unvalidated
1478,M01525,C3H3O4,False,,new_candidate,1,False,False,unvalidated
1479,M01526,C3H5O2,False,,new_candidate,1,False,False,unvalidated
1480,M01527,C4H2O3,False,,new_candidate,1,False,False,unvalidated
1481,M01528,C2HO3,False,,new_candidate,1,False,False,unvalidated
1482,M01529,C3H4O,False,,new_candidate,1,False,False,unvalidated
1483,M01530,C4H3O3,False,,new_candidate,1,False,False,unvalidated
1484,M01531,C3H4O2,False,,new_candidate,1,False,False,unvalidated
1485,M01532,C4H4O2,False,,new_candidate,1,False,False,unvalidated
1486,M01533,C4H2O3,False,,new_candidate,1,False,False,unvalidated
1487,M01534,C2H2O4,False,,new_candidate,1,False,False,unvalidated
1488,M01535,C3H2O3,False,,new_candidate,1,False,False,unvalidated
1489,M01536,C3H3O3,False,,new_candidate,1,False,False,unvalidated
1490,M01537,C5H2O2,False,,new_candidate,1,False,False,unvalidated
1491,M01538,C3H4O2,False,,new_candidate,1,False,False,unvalidated
1492,M01539,C3HO3,False,,new_candidate,1,False,False,unvalidated
1493,M01540,C3H3O3,False,,new_candidate,2,False,False,unvalidated
1494,M01541,C3H4O,False,,new_candidate,1,False,False,unvalidated
1495,M01542,C3H3O3,False,,new_candidate,1,False,False,unvalidated
1496,M01543,C4H5O,False,,new_candidate,1,False,False,unvalidated
1497,M01544,C5H2O3,False,,new_candidate,1,False,False,unvalidated
1498,M01545,C3H4O2,False,,new_candidate,1,False,False,unvalidated
1499,M01546,C2H5O3,False,,new_candidate,1,False,False,unvalidated
1500,M01547,C3H3O4,False,,new_candidate,1,False,False,unvalidated
1501,M01548,C4H4O2,False,,new_candidate,1,False,False,unvalidated
1502,M01549,C3H2O2,False,,new_candidate,1,False,False,unvalidated
1503,M01550,C3O2,False,,new_candidate,1,False,False,unvalidated
1504,M01551,C3H3O2,False,,new_candidate,1,False,False,unvalidated
1505,M01552,C6H2O2,False,,new_candidate,1,False,False,unvalidated
1506,M01553,C5H2O3,False,,new_candidate,1,False,False,unvalidated
1507,M01554,C4H,False,,new_candidate,1,False,False,unvalidated
1508,M01555,C2H4O4,False,,new_candidate,1,False,False,unvalidated
1509,M01556,C3H2O2,False,,new_candidate,1,False,False,unvalidated
1510,M01557,C4H3O2,False,,new_candidate,1,False,False,unvalidated
1511,M01558,C3H2,False,,new_candidate,1,False,False,unvalidated
1512,M01559,C3H5O,False,,new_candidate,1,False,False,unvalidated
1513,M01560,C4O,False,,new_candidate,1,False,False,unvalidated
1514,M01561,C4H3O3,False,,new_candidate,1,False,False,unvalidated
1515,M01562,C4H3O3,False,,new_candidate,1,False,False,unvalidated
1516,M01563,C2H2O3,False,,new_candidate,1,False,False,unvalidated
1517,M01564,C2H3O3,False,,new_candidate,1,False,False,unvalidated
1518,M01565,C3H4O3,False,,new_candidate,1,False,False,unvalidated
1519,M01566,C5H2O3,False,,new_candidate,1,False,False,unvalidated
1520,M01567,C3H2O2,False,,new_candidate,1,False,False,unvalidated
1521,M01568,C3H4O2,False,,new_candidate,1,False,False,unvalidated
1522,M01569,C3H3O3,False,,new_candidate,1,False,False,unvalidated
1523,M01570,C4H3O3,False,,new_candidate,1,False,False,unvalidated
1524,M01571,C2H3O5,False,,new_candidate,1,False,False,unvalidated
1525,M01572,C3HO2,False,,new_candidate,1,False,False,unvalidated
1526,M01573,C3H4O3,False,,new_candidate,1,False,False,unvalidated
1527,M01574,C4H4O,False,,new_candidate,1,False,False,unvalidated
1528,M01575,C4H3O3,False,,new_candidate,1,False,False,unvalidated
1529,M01576,C3H2O4,False,,new_candidate,1,False,False,unvalidated
1530,M01577,C3HO2,False,,new_candidate,1,False,False,unvalidated
1531,M01578,C4H3O3,False,,new_candidate,1,False,False,unvalidated
1532,M01579,C4H2O,False,,new_candidate,1,False,False,unvalidated
1533,M01580,C3H2,False,,new_candidate,1,False,False,unvalidated
1534,M01581,C3H2O2,False,,new_candidate,1,False,False,unvalidated
1535,M01582,C3H3O3,False,,new_candidate,1,False,False,unvalidated
1536,M01583,C3H4O3,False,,new_candidate,1,False,False,unvalidated
1537,M01584,C3H4O3,False,,new_candidate,1,False,False,unvalidated
1538,M01585,C3HO2,False,,new_candidate,1,False,False,unvalidated
1539,M01586,C4H3O2,False,,new_candidate,1,False,False,unvalidated
1540,M01587,C4H3O2,False,,new_candidate,1,False,False,unvalidated
1541,M01588,C4H2O4,False,,new_candidate,1,False,False,unvalidated
1542,M01589,C4H5O,False,,new_candidate,1,False,False,unvalidated
1543,M01590,C3HO2,False,,new_candidate,1,False,False,unvalidated
1544,M01591,C3H3,False,,new_candidate,1,False,False,unvalidated
1545,M01592,C2H4O3,False,,new_candidate,1,False,False,unvalidated
1546,M01593,C4HO3,False,,new_candidate,1,False,False,unvalidated
1547,M01594,C2H2O2,False,,new_candidate,1,False,False,unvalidated
1548,M01595,C5H3O2,False,,new_candidate,1,False,False,unvalidated
1549,M01596,C4H3O3,False,,new_candidate,1,False,False,unvalidated
1550,M01597,C4H2O3,False,,new_candidate,1,False,False,unvalidated
1551,M01598,C5HO,False,,new_candidate,1,False,False,unvalidated
1552,M01599,CHO3,False,,new_candidate,1,False,False,unvalidated
1553,M01600,C3H2O,False,,new_candidate,1,False,False,unvalidated
1554,M01601,C4H4O2,False,,new_candidate,1,False,False,unvalidated
1555,M01602,C5HO2,False,,new_candidate,1,False,False,unvalidated
1556,M01603,C3HO2,False,,new_candidate,2,False,False,unvalidated
1557,M01604,C4H2O4,False,,new_candidate,1,False,False,unvalidated
1558,M01605,C3H5O2,False,,new_candidate,1,False,False,unvalidated
1559,M01606,C4H3O,False,,new_candidate,1,False,False,unvalidated
1560,M01607,C3H2O2,False,,new_candidate,1,False,False,unvalidated
1561,M01608,C4H3O3,False,,new_candidate,1,False,False,unvalidated
1562,M01609,C4H3O3,False,,new_candidate,1,False,False,unvalidated
1563,M01610,C3H3O3,False,,new_candidate,1,False,False,unvalidated
1564,M01611,C3H3O,False,,new_candidate,1,False,False,unvalidated
1565,M01612,C4H2O2,False,,new_candidate,1,False,False,unvalidated
1566,M01613,C4H4O2,False,,new_candidate,1,False,False,unvalidated
1567,M01614,C6H3O,False,,new_candidate,1,False,False,unvalidated
1568,M01615,C4H4O2,False,,new_candidate,1,False,False,unvalidated
1569,M01616,C3H3O2,False,,new_candidate,1,False,False,unvalidated
1570,M01617,C3HO3,False,,new_candidate,1,False,False,unvalidated
1571,M01618,C4H4O2,False,,new_candidate,1,False,False,unvalidated
1572,M01619,C4H3O3,False,,new_candidate,1,False,False,unvalidated
1573,M01620,C3H2O3,False,,new_candidate,1,False,False,unvalidated
1574,M01621,C4H3O2,False,,new_candidate,1,False,False,unvalidated
1575,M01622,C5H4O,False,,new_candidate,1,False,False,unvalidated
1576,M01623,C2H4O4,False,,new_candidate,1,False,False,unvalidated
1577,M01624,C4H2O4,False,,new_candidate,1,False,False,unvalidated
1578,M01625,C2H5O2,False,,new_candidate,2,False,False,unvalidated
1579,M01626,C3H5O,False,,new_candidate,1,False,False,unvalidated
1580,M01627,C3H4O,False,,new_candidate,1,False,False,unvalidated
1581,M01628,C3H4O2,False,,new_candidate,1,False,False,unvalidated
1582,M01629,C4H4O2,False,,new_candidate,1,False,False,unvalidated
1583,M01630,C3H3O4,False,,new_candidate,1,False,False,unvalidated
1584,M01631,C2O2,False,,new_candidate,1,False,False,unvalidated
1585,M01632,C2H3O4,False,,new_candidate,1,False,False,unvalidated
1586,M01633,C4H5O,False,,new_candidate,1,False,False,unvalidated
1587,M01634,CO2,False,,new_candidate,1,False,False,unvalidated
1588,M01635,C3HO2,False,,new_candidate,1,False,False,unvalidated
1589,M01636,C4H3O,False,,new_candidate,1,False,False,unvalidated
1590,M01637,C3HO,False,,new_candidate,1,False,False,unvalidated
1591,M01638,C4H3O2,False,,new_candidate,1,False,False,unvalidated
1592,M01639,C3HO,False,,new_candidate,1,False,False,unvalidated
1593,M01640,C4H3O2,False,,new_candidate,1,False,False,unvalidated
1594,M01641,C4H3O,False,,new_candidate,1,False,False,unvalidated
1595,M01642,C4H4O2,False,,new_candidate,1,False,False,unvalidated
1596,M01643,C2H6O2,False,,new_candidate,1,False,False,unvalidated
1597,M01644,C3H2O2,False,,new_candidate,1,False,False,unvalidated
1598,M01645,C4H4O2,False,,new_candidate,1,False,False,unvalidated
1599,M01646,C3H4O,False,,new_candidate,1,False,False,unvalidated
1600,M01647,C4H3O3,False,,new_candidate,1,False,False,unvalidated
1601,M01648,C5H2O3,False,,new_candidate,1,False,False,unvalidated
1602,M01649,C4H3O3,False,,new_candidate,1,False,False,unvalidated
1603,M01650,C3H2O2,False,,new_candidate,1,False,False,unvalidated
1604,M01651,C3HO,False,,new_candidate,1,False,False,unvalidated
1605,M01652,C5H2O2,False,,new_candidate,1,False,False,unvalidated
1606,M01653,C4H5O,False,,new_candidate,1,False,False,unvalidated
1607,M01654,C4H5O,False,,new_candidate,1,False,False,unvalidated
1608,M01655,C4H3O2,False,,new_candidate,1,False,False,unvalidated
1609,M01656,C3H4O3,False,,new_candidate,1,False,False,unvalidated
1610,M01657,C3H4O3,False,,new_candidate,1,False,False,unvalidated
1611,M01658,CH2O5,False,,new_candidate,1,False,False,unvalidated
1612,M01659,C3H3O3,False,,new_candidate,1,False,False,unvalidated
1613,M01660,C3H4O3,False,,new_candidate,1,False,False,unvalidated
1614,M01661,C3H5O,False,,new_candidate,1,False,False,unvalidated
1615,M01662,C5H2O2,False,,new_candidate,1,False,False,unvalidated
1616,M01663,C4H3O3,False,,new_candidate,1,False,False,unvalidated
1617,M01664,C4H3O3,False,,new_candidate,1,False,False,unvalidated
1618,M01665,CHO4,False,,new_candidate,1,False,False,unvalidated
1619,M01666,C4H3O,False,,new_candidate,1,False,False,unvalidated
1620,M01667,C2H2O4,False,,new_candidate,1,False,False,unvalidated
1621,M01668,C4H4O2,False,,new_candidate,1,False,False,unvalidated
1622,M01669,C4H4O2,False,,new_candidate,1,False,False,unvalidated
1623,M01670,C3H4O3,False,,new_candidate,1,False,False,unvalidated
1624,M01671,C3H3O2,False,,new_candidate,1,False,False,unvalidated
1625,M01672,C3H4O3,False,,new_candidate,1,False,False,unvalidated
1626,M01674,C5H4O,False,,new_candidate,1,False,False,unvalidated
1627,M01675,C3H2O3,False,,new_candidate,1,False,False,unvalidated
1628,M01676,C2H2O3,False,,new_candidate,1,False,False,unvalidated
1629,M01677,C3HO2,False,,new_candidate,1,False,False,unvalidated
1630,M01678,C4H4O2,False,,new_candidate,1,False,False,unvalidated
1631,M01679,C5H3O2,False,,new_candidate,1,False,False,unvalidated
1632,M01680,C5H3O2,False,,new_candidate,1,False,False,unvalidated
1633,M01681,C2O3,False,,new_candidate,1,False,False,unvalidated
1634,M01682,C2H3O2,False,,new_candidate,1,False,False,unvalidated
1635,M00002,CH2O,True,CH2O,reference_match,1667,False,True,training
1636,M00003,C2H3O,True,CH3CO,reference_match,3604,False,True,training
1637,M00006,CH,True,CH; CH*,reference_match,512,False,True,training
1638,M00010,CO2,True,CO2,reference_match,463,False,True,training
1639,M00011,C2H4O,True,CH3CHO; C2H4O,reference_match,5227,False,True,training
1640,M00013,CH4O,True,CH3OH,reference_match,993,False,True,training
1641,M00015,CHO,True,HCO,reference_match,984,False,True,training
1642,M00017,CH3O,True,CH3O,reference_match,847,False,True,training
1643,M00019,C2H3,True,C2H3,reference_match,215,False,True,training
1644,M00020,C2H2O,True,CH2CO,reference_match,2651,False,True,training
1645,M00021,HO,True,OH; OH*,reference_match,199,False,True,training
1646,M00029,C2H2,True,C2H2,reference_match,1013,False,True,training
1647,M00031,H,True,H,reference_match,439,False,True,training
1648,M00032,C,True,C,reference_match,876,False,True,training
1649,M00033,CH3O,True,CH2OH,reference_match,1184,False,True,training
1650,M00040,C2H4O,True,C2H3OH,reference_match,250,False,True,training
1651,M00045,C2H3O,True,CH2CHO,reference_match,976,False,True,training
1652,M00048,C2H,True,C2H,reference_match,102,False,True,training
1653,M00050,C2HO,True,HCCO,reference_match,1043,False,True,training
1654,M00051,H2,True,H2,reference_match,308,False,True,training
1655,M00054,C2H4,True,C2H4,reference_match,105,False,True,training
1656,M00058,CH2,True,CH2; CH2(S),reference_match,155,False,True,training
1657,M00062,C2H3O,True,C2H2OH,reference_match,23,False,True,training
1658,M00066,O,True,O,reference_match,393,False,True,training
1659,M00078,CH3O2,True,CH3O2,reference_match,450,False,True,training
1660,M00082,O2,True,O2,reference_match,309,False,True,training
1661,M00083,C3H3,True,C3H3,reference_match,157,False,True,training
1662,M00112,C2H5O,True,C2H4OH,reference_match,72,False,True,training
1663,M00117,C2H5O2,True,C2H5O2,reference_match,15,False,True,training
1664,M00134,H2O,True,H2O,reference_match,88,False,True,training
1665,M00140,CH4,True,CH4,reference_match,3,False,True,training
1666,M00150,C2H6,True,C2H6,reference_match,7,False,True,training
1667,M00166,C3H4,True,PC3H4,reference_match,99,False,True,training
1668,M00170,C2H5,True,C2H5,reference_match,56,False,True,training
1669,M00193,C3H4O,True,C2H3CHO,reference_match,59,False,True,training
1670,M00195,C3H6O,True,CH3COCH3,reference_match,7,False,True,training
1671,M00206,CH4O2,True,CH3OOH,reference_match,138,False,True,training
1672,M00250,C3H6O,True,C2H5CHO,reference_match,8,False,True,training
1673,M00269,C3H4,True,AC3H4,reference_match,6,False,True,training
1674,M00275,CH3,True,CH3,reference_match,11,False,True,training
1675,M00304,C2H6O,True,C2H5OH,reference_match,34,False,True,training
1676,M00333,H2O2,True,H2O2,reference_match,66,False,True,training
1677,M00608,C2H2,True,H2CC,reference_match,6,False,True,training
1678,M00633,HO2,True,HO2,reference_match,9,False,True,training
1679,M00931,C3H5,True,C3H5,reference_match,3,False,True,training
1680,M01094,C4H2O,True,H2C4O,reference_match,4,False,True,training
1681,M01122,C3H6O,True,C3H5OH,reference_match,4,False,True,training
1682,M01394,C3H6,True,C3H6,reference_match,2,False,True,training
